{"type": "FeatureCollection", "features": [{"type":"Feature","geometry":{"type":"Point","coordinates":[-75.162322,39.931734]},"properties":{"ward":1,"division":1,"precinct":"0101","placename":"SOUTH PHILA OLDER ADULT CENTER","street_address":"1430 E PASSYUNK AVE","zip_code":"19147","accessibility_code":"F","parking_code":"L","gdb_geomattr_data":null,"objectid":1}},{"type":"Feature","geometry":{"type":"Point","coordinates":[-75.163541,39.926764]},"properties":{"ward":1,"division":2,"precinct":"0102","placename":"EAST PASSYUNK COMMUNITY CENTER","street_address":"1025-33 MIFFLIN ST","zip_code":"19148","accessibility_code":"F","parking_code":"N","gdb_geomattr_data":null,"objectid":2}},{"type":"Feature","geometry":{"type":"Point","coordinates":[-75.162322,39.931734]},"properties":{"ward":1,"division":3,"precinct":"0103","placename":"SOUTH PHILA OLDER ADULT CENTER","street_address":"1430 E PASSYUNK AVE","zip_code":"19147","accessibility_code":"F","parking_code":"L","gdb_geomattr_data":null,"objectid":3}},{"type":"Feature","geometry":{"type":"Point","coordinates":[-75.163539,39.926764]},"properties":{"ward":1,"division":4,"precinct":"0104","placename":"EAST PASSYUNK COMMUNITY CENTER","street_address":"1025-33 MIFFLIN ST","zip_code":"19148","accessibility_code":"F","parking_code":"N","gdb_geomattr_data":null,"objectid":4}},{"type":"Feature","geometry":{"type":"Point","coordinates":[-75.163543,39.926769]},"properties":{"ward":1,"division":5,"precinct":"0105","placename":"EAST PASSYUNK COMMUNITY CENTER","street_address":"1025-33 MIFFLIN ST","zip_code":"19148","accessibility_code":"F","parking_code":"N","gdb_geomattr_data":null,"objectid":5}},{"type":"Feature","geometry":{"type":"Point","coordinates":[-75.1509,39.924053]},"properties":{"ward":1,"division":6,"precinct":"0106","placename":"FURNESS SCHOOL","street_address":"1900 S 3RD ST","zip_code":"19148","accessibility_code":"F","parking_code":"N","gdb_geomattr_data":null,"objectid":6}},{"type":"Feature","geometry":{"type":"Point","coordinates":[-75.159755,39.925555]},"properties":{"ward":1,"division":7,"precinct":"0107","placename":"BOK BUILDING","street_address":"1901 S 9TH ST","zip_code":"19148","accessibility_code":"F","parking_code":"N","gdb_geomattr_data":null,"objectid":7}},{"type":"Feature","geometry":{"type":"Point","coordinates":[-75.163564,39.926774]},"properties":{"ward":1,"division":8,"precinct":"0108","placename":"EAST PASSYUNK COMMUNITY CENTER","street_address":"1025-33 MIFFLIN ST","zip_code":"19148","accessibility_code":"F","parking_code":"N","gdb_geomattr_data":null,"objectid":8}},{"type":"Feature","geometry":{"type":"Point","coordinates":[-75.163511,39.926634]},"properties":{"ward":1,"division":9,"precinct":"0109","placename":"EAST PASSYUNK COMMUNITY CENTER","street_address":"1025-33 MIFFLIN ST","zip_code":"19148","accessibility_code":"F","parking_code":"N","gdb_geomattr_data":null,"objectid":9}},{"type":"Feature","geometry":{"type":"Point","coordinates":[-75.162322,39.931734]},"properties":{"ward":1,"division":10,"precinct":"0110","placename":"SOUTH PHILA OLDER ADULT CENTER","street_address":"1430 E PASSYUNK AVE","zip_code":"19147","accessibility_code":"F","parking_code":"L","gdb_geomattr_data":null,"objectid":10}},{"type":"Feature","geometry":{"type":"Point","coordinates":[-75.164332,39.933841]},"properties":{"ward":1,"division":11,"precinct":"0111","placename":"COLUMBUS SQUARE RECREATION CENTER","street_address":"1200 WHARTON ST","zip_code":"19147","accessibility_code":"F","parking_code":"N","gdb_geomattr_data":null,"objectid":11}},{"type":"Feature","geometry":{"type":"Point","coordinates":[-75.151965,39.932188]},"properties":{"ward":1,"division":12,"precinct":"0112","placename":"MT MORIAH TEMPLE BAPTIST CHURCH","street_address":"410 WHARTON ST","zip_code":"19147","accessibility_code":"M","parking_code":"N","gdb_geomattr_data":null,"objectid":12}},{"type":"Feature","geometry":{"type":"Point","coordinates":[-75.151965,39.932188]},"properties":{"ward":1,"division":13,"precinct":"0113","placename":"MT MORIAH TEMPLE BAPTIST CHURCH","street_address":"410 WHARTON ST","zip_code":"19147","accessibility_code":"M","parking_code":"N","gdb_geomattr_data":null,"objectid":13}},{"type":"Feature","geometry":{"type":"Point","coordinates":[-75.15193,39.92777]},"properties":{"ward":1,"division":14,"precinct":"0114","placename":"DICKINSON SQUARE RECREATION CENTER","street_address":"1600 E MOYAMENSING AVE","zip_code":"19148","accessibility_code":"F","parking_code":"L","gdb_geomattr_data":null,"objectid":14}},{"type":"Feature","geometry":{"type":"Point","coordinates":[-75.15193,39.92777]},"properties":{"ward":1,"division":15,"precinct":"0115","placename":"DICKINSON SQUARE RECREATION CENTER","street_address":"1600 E MOYAMENSING AVE","zip_code":"19148","accessibility_code":"F","parking_code":"L","gdb_geomattr_data":null,"objectid":15}},{"type":"Feature","geometry":{"type":"Point","coordinates":[-75.151967,39.932186]},"properties":{"ward":1,"division":16,"precinct":"0116","placename":"MT MORIAH TEMPLE BAPTIST CHURCH","street_address":"410 WHARTON ST","zip_code":"19147","accessibility_code":"M","parking_code":"N","gdb_geomattr_data":null,"objectid":16}},{"type":"Feature","geometry":{"type":"Point","coordinates":[-75.148396,39.930843]},"properties":{"ward":1,"division":17,"precinct":"0117","placename":"HERRON RECREATION CENTER","street_address":"213 REED ST","zip_code":"19147","accessibility_code":"M","parking_code":"N","gdb_geomattr_data":null,"objectid":17}},{"type":"Feature","geometry":{"type":"Point","coordinates":[-75.150897,39.924052]},"properties":{"ward":1,"division":18,"precinct":"0118","placename":"FURNESS SCHOOL","street_address":"1900 S 3RD ST","zip_code":"19148","accessibility_code":"F","parking_code":"N","gdb_geomattr_data":null,"objectid":18}},{"type":"Feature","geometry":{"type":"Point","coordinates":[-75.148396,39.930843]},"properties":{"ward":1,"division":19,"precinct":"0119","placename":"HERRON RECREATION CENTER","street_address":"213 REED ST","zip_code":"19147","accessibility_code":"M","parking_code":"N","gdb_geomattr_data":null,"objectid":19}},{"type":"Feature","geometry":{"type":"Point","coordinates":[-75.164332,39.933841]},"properties":{"ward":1,"division":20,"precinct":"0120","placename":"COLUMBUS SQUARE RECREATION CENTER","street_address":"1200 WHARTON ST","zip_code":"19147","accessibility_code":"F","parking_code":"N","gdb_geomattr_data":null,"objectid":20}},{"type":"Feature","geometry":{"type":"Point","coordinates":[-75.150898,39.924053]},"properties":{"ward":1,"division":21,"precinct":"0121","placename":"FURNESS SCHOOL","street_address":"1900 S 3RD ST","zip_code":"19148","accessibility_code":"F","parking_code":"N","gdb_geomattr_data":null,"objectid":21}},{"type":"Feature","geometry":{"type":"Point","coordinates":[-75.147701,39.933804]},"properties":{"ward":2,"division":1,"precinct":"0201","placename":"MUMMERS MUSEUM","street_address":"200-10 WASHINGTON AVE","zip_code":"19147","accessibility_code":"F","parking_code":"N","gdb_geomattr_data":null,"objectid":22}},{"type":"Feature","geometry":{"type":"Point","coordinates":[-75.147701,39.933803]},"properties":{"ward":2,"division":2,"precinct":"0202","placename":"MUMMERS MUSEUM","street_address":"200-10 WASHINGTON AVE","zip_code":"19147","accessibility_code":"F","parking_code":"N","gdb_geomattr_data":null,"objectid":23}},{"type":"Feature","geometry":{"type":"Point","coordinates":[-75.15939,39.934223]},"properties":{"ward":2,"division":3,"precinct":"0203","placename":"CAPITOLO RECREATION CENTER","street_address":"900 FEDERAL ST","zip_code":"19147","accessibility_code":"M","parking_code":"N","gdb_geomattr_data":null,"objectid":24}},{"type":"Feature","geometry":{"type":"Point","coordinates":[-75.159389,39.934228]},"properties":{"ward":2,"division":4,"precinct":"0204","placename":"CAPITOLO RECREATION CENTER","street_address":"900 FEDERAL ST","zip_code":"19147","accessibility_code":"M","parking_code":"N","gdb_geomattr_data":null,"objectid":25}},{"type":"Feature","geometry":{"type":"Point","coordinates":[-75.160627,39.936111]},"properties":{"ward":2,"division":5,"precinct":"0205","placename":"ST MARONS CHURCH","street_address":"1013 ELLSWORTH ST","zip_code":"19147","accessibility_code":"M","parking_code":"L","gdb_geomattr_data":null,"objectid":26}},{"type":"Feature","geometry":{"type":"Point","coordinates":[-75.164332,39.933841]},"properties":{"ward":2,"division":6,"precinct":"0206","placename":"COLUMBUS SQUARE RECREATION CENTER","street_address":"1200 WHARTON ST","zip_code":"19147","accessibility_code":"F","parking_code":"N","gdb_geomattr_data":null,"objectid":27}},{"type":"Feature","geometry":{"type":"Point","coordinates":[-75.160627,39.936111]},"properties":{"ward":2,"division":7,"precinct":"0207","placename":"ST MARONS CHURCH","street_address":"1013 ELLSWORTH ST","zip_code":"19147","accessibility_code":"M","parking_code":"L","gdb_geomattr_data":null,"objectid":28}},{"type":"Feature","geometry":{"type":"Point","coordinates":[-75.160627,39.936111]},"properties":{"ward":2,"division":8,"precinct":"0208","placename":"ST MARONS CHURCH","street_address":"1013 ELLSWORTH ST","zip_code":"19147","accessibility_code":"M","parking_code":"L","gdb_geomattr_data":null,"objectid":29}},{"type":"Feature","geometry":{"type":"Point","coordinates":[-75.163182,39.938752]},"properties":{"ward":2,"division":9,"precinct":"0209","placename":"HAWTHORNE RECREATION CENTER","street_address":"1200 CARPENTER ST","zip_code":"19147","accessibility_code":"M","parking_code":"N","gdb_geomattr_data":null,"objectid":30}},{"type":"Feature","geometry":{"type":"Point","coordinates":[-75.160627,39.936111]},"properties":{"ward":2,"division":10,"precinct":"0210","placename":"ST MARONS CHURCH","street_address":"1013 ELLSWORTH ST","zip_code":"19147","accessibility_code":"M","parking_code":"L","gdb_geomattr_data":null,"objectid":31}},{"type":"Feature","geometry":{"type":"Point","coordinates":[-75.155373,39.937355]},"properties":{"ward":2,"division":11,"precinct":"0211","placename":"SANTORE LIBRARY","street_address":"932 S 7TH ST","zip_code":"19147","accessibility_code":"A","parking_code":"N","gdb_geomattr_data":null,"objectid":32}},{"type":"Feature","geometry":{"type":"Point","coordinates":[-75.155371,39.937356]},"properties":{"ward":2,"division":12,"precinct":"0212","placename":"SANTORE LIBRARY","street_address":"932 S 7TH ST","zip_code":"19147","accessibility_code":"A","parking_code":"N","gdb_geomattr_data":null,"objectid":33}},{"type":"Feature","geometry":{"type":"Point","coordinates":[-75.155374,39.937366]},"properties":{"ward":2,"division":13,"precinct":"0213","placename":"SANTORE LIBRARY","street_address":"932 S 7TH ST","zip_code":"19147","accessibility_code":"A","parking_code":"N","gdb_geomattr_data":null,"objectid":34}},{"type":"Feature","geometry":{"type":"Point","coordinates":[-75.150097,39.935166]},"properties":{"ward":2,"division":14,"precinct":"0214","placename":"COURTYARD APARTMENTS AT RIVERVIEW","street_address":"1021 S 4TH ST","zip_code":"19147","accessibility_code":"F","parking_code":"L","gdb_geomattr_data":null,"objectid":35}},{"type":"Feature","geometry":{"type":"Point","coordinates":[-75.151091,39.937815]},"properties":{"ward":2,"division":15,"precinct":"0215","placename":"SETTLEMENT MUSIC SCHOOL-CURTIS","street_address":"416 QUEEN ST","zip_code":"19147","accessibility_code":"A","parking_code":"H","gdb_geomattr_data":null,"objectid":36}},{"type":"Feature","geometry":{"type":"Point","coordinates":[-75.151089,39.937817]},"properties":{"ward":2,"division":16,"precinct":"0216","placename":"SETTLEMENT MUSIC SCHOOL-CURTIS","street_address":"416 QUEEN ST","zip_code":"19147","accessibility_code":"A","parking_code":"H","gdb_geomattr_data":null,"objectid":37}},{"type":"Feature","geometry":{"type":"Point","coordinates":[-75.155358,39.939518]},"properties":{"ward":2,"division":17,"precinct":"0217","placename":"FLEISHER ART MEMORIAL","street_address":"719 CATHARINE ST","zip_code":"19147","accessibility_code":"A","parking_code":"H","gdb_geomattr_data":null,"objectid":38}},{"type":"Feature","geometry":{"type":"Point","coordinates":[-75.15883,39.941559]},"properties":{"ward":2,"division":18,"precinct":"0218","placename":"PALUMBO RECREATION CENTER","street_address":"725 S 10TH ST","zip_code":"19147","accessibility_code":"F","parking_code":"N","gdb_geomattr_data":null,"objectid":39}},{"type":"Feature","geometry":{"type":"Point","coordinates":[-75.161805,39.940382]},"properties":{"ward":2,"division":19,"precinct":"0219","placename":"ACADEMY AT PALUMBO SCHOOL","street_address":"1100 CATHARINE ST","zip_code":"19147","accessibility_code":"M","parking_code":"N","gdb_geomattr_data":null,"objectid":40}},{"type":"Feature","geometry":{"type":"Point","coordinates":[-75.161805,39.940382]},"properties":{"ward":2,"division":20,"precinct":"0220","placename":"ACADEMY AT PALUMBO SCHOOL","street_address":"1100 CATHARINE ST","zip_code":"19147","accessibility_code":"M","parking_code":"N","gdb_geomattr_data":null,"objectid":41}},{"type":"Feature","geometry":{"type":"Point","coordinates":[-75.161805,39.940382]},"properties":{"ward":2,"division":21,"precinct":"0221","placename":"ACADEMY AT PALUMBO SCHOOL","street_address":"1100 CATHARINE ST","zip_code":"19147","accessibility_code":"M","parking_code":"N","gdb_geomattr_data":null,"objectid":42}},{"type":"Feature","geometry":{"type":"Point","coordinates":[-75.15883,39.941559]},"properties":{"ward":2,"division":22,"precinct":"0222","placename":"PALUMBO RECREATION CENTER","street_address":"725 S 10TH ST","zip_code":"19147","accessibility_code":"F","parking_code":"N","gdb_geomattr_data":null,"objectid":43}},{"type":"Feature","geometry":{"type":"Point","coordinates":[-75.15883,39.941559]},"properties":{"ward":2,"division":23,"precinct":"0223","placename":"PALUMBO RECREATION CENTER","street_address":"725 S 10TH ST","zip_code":"19147","accessibility_code":"F","parking_code":"N","gdb_geomattr_data":null,"objectid":44}},{"type":"Feature","geometry":{"type":"Point","coordinates":[-75.155358,39.939518]},"properties":{"ward":2,"division":24,"precinct":"0224","placename":"FLEISHER ART MEMORIAL","street_address":"719 CATHARINE ST","zip_code":"19147","accessibility_code":"A","parking_code":"H","gdb_geomattr_data":null,"objectid":45}},{"type":"Feature","geometry":{"type":"Point","coordinates":[-75.151087,39.937815]},"properties":{"ward":2,"division":25,"precinct":"0225","placename":"SETTLEMENT MUSIC SCHOOL-CURTIS","street_address":"416 QUEEN ST","zip_code":"19147","accessibility_code":"A","parking_code":"H","gdb_geomattr_data":null,"objectid":46}},{"type":"Feature","geometry":{"type":"Point","coordinates":[-75.14936,39.943075]},"properties":{"ward":2,"division":26,"precinct":"0226","placename":"OLD PINE COMMUNITY CENTER","street_address":"401 LOMBARD ST","zip_code":"19147","accessibility_code":"M","parking_code":"N","gdb_geomattr_data":null,"objectid":47}},{"type":"Feature","geometry":{"type":"Point","coordinates":[-75.14591,39.93499]},"properties":{"ward":2,"division":27,"precinct":"0227","placename":"SHOT TOWER RECREATION CENTER","street_address":"101-31 CARPENTER ST","zip_code":"19147","accessibility_code":"M","parking_code":"N","gdb_geomattr_data":null,"objectid":48}},{"type":"Feature","geometry":{"type":"Point","coordinates":[-75.143368,39.936044]},"properties":{"ward":2,"division":28,"precinct":"0228","placename":"GLORIA DEI OLD SWEDES CHURCH","street_address":"916 S SWANSON ST","zip_code":"19147","accessibility_code":"M","parking_code":"L","gdb_geomattr_data":null,"objectid":49}},{"type":"Feature","geometry":{"type":"Point","coordinates":[-75.145908,39.934991]},"properties":{"ward":2,"division":29,"precinct":"0229","placename":"SHOT TOWER RECREATION CENTER","street_address":"101-31 CARPENTER ST","zip_code":"19147","accessibility_code":"M","parking_code":"N","gdb_geomattr_data":null,"objectid":50}},{"type":"Feature","geometry":{"type":"Point","coordinates":[-75.238679,39.95863]},"properties":{"ward":3,"division":1,"precinct":"0301","placename":"SAYRE SCHOOL","street_address":"5800 WALNUT ST","zip_code":"19139","accessibility_code":"M","parking_code":"L","gdb_geomattr_data":null,"objectid":51}},{"type":"Feature","geometry":{"type":"Point","coordinates":[-75.245793,39.962629]},"properties":{"ward":3,"division":2,"precinct":"0302","placename":"MEMORIAL GOSPEL CHURCH","street_address":"6224 MARKET ST","zip_code":"19139","accessibility_code":"R","parking_code":"L","gdb_geomattr_data":null,"objectid":52}},{"type":"Feature","geometry":{"type":"Point","coordinates":[-75.245787,39.959409]},"properties":{"ward":3,"division":3,"precinct":"0303","placename":"CARE PAVILION NURSING & REHAB CENTER","street_address":"6212 WALNUT ST","zip_code":"19139","accessibility_code":"B","parking_code":"N","gdb_geomattr_data":null,"objectid":53}},{"type":"Feature","geometry":{"type":"Point","coordinates":[-75.24579,39.959411]},"properties":{"ward":3,"division":4,"precinct":"0304","placename":"CARE PAVILION NURSING & REHAB CENTER","street_address":"6212 WALNUT ST","zip_code":"19139","accessibility_code":"B","parking_code":"N","gdb_geomattr_data":null,"objectid":54}},{"type":"Feature","geometry":{"type":"Point","coordinates":[-75.241977,39.958341]},"properties":{"ward":3,"division":5,"precinct":"0305","placename":"LENE'S DAILY CHILD CARE II","street_address":"238-40 S 60TH ST","zip_code":"19139","accessibility_code":"M","parking_code":"N","gdb_geomattr_data":null,"objectid":55}},{"type":"Feature","geometry":{"type":"Point","coordinates":[-75.241976,39.958342]},"properties":{"ward":3,"division":6,"precinct":"0306","placename":"LENE'S DAILY CHILD CARE II","street_address":"238-40 S 60TH ST","zip_code":"19139","accessibility_code":"M","parking_code":"N","gdb_geomattr_data":null,"objectid":56}},{"type":"Feature","geometry":{"type":"Point","coordinates":[-75.239648,39.956859]},"properties":{"ward":3,"division":7,"precinct":"0307","placename":"TABERNACLE LUTHERAN CHURCH","street_address":"5843 SPRUCE ST","zip_code":"19139","accessibility_code":"M","parking_code":"N","gdb_geomattr_data":null,"objectid":57}},{"type":"Feature","geometry":{"type":"Point","coordinates":[-75.244315,39.952767]},"properties":{"ward":3,"division":8,"precinct":"0308","placename":"THE CHURCH OF CHRISTIAN COMPASSION","street_address":"6136 CEDAR AVE","zip_code":"19143","accessibility_code":"F","parking_code":"L","gdb_geomattr_data":null,"objectid":58}},{"type":"Feature","geometry":{"type":"Point","coordinates":[-75.244321,39.952758]},"properties":{"ward":3,"division":9,"precinct":"0309","placename":"THE CHURCH OF CHRISTIAN COMPASSION","street_address":"6136 CEDAR AVE","zip_code":"19143","accessibility_code":"F","parking_code":"L","gdb_geomattr_data":null,"objectid":59}},{"type":"Feature","geometry":{"type":"Point","coordinates":[-75.24495,39.953436]},"properties":{"ward":3,"division":10,"precinct":"0310","placename":"ST GEORGE ST BARNABAS EPISCOPAL CHURCH","street_address":"520 S 61ST ST","zip_code":"19143","accessibility_code":"M","parking_code":"L","gdb_geomattr_data":null,"objectid":60}},{"type":"Feature","geometry":{"type":"Point","coordinates":[-75.245117,39.947212]},"properties":{"ward":3,"division":11,"precinct":"0311","placename":"ANDERSON SCHOOL","street_address":"1034 S 60TH ST","zip_code":"19143","accessibility_code":"F","parking_code":"L","gdb_geomattr_data":null,"objectid":61}},{"type":"Feature","geometry":{"type":"Point","coordinates":[-75.243748,39.953324]},"properties":{"ward":3,"division":12,"precinct":"0312","placename":"BRYANT SCHOOL","street_address":"6001 CEDAR AVE","zip_code":"19143","accessibility_code":"M","parking_code":"L","gdb_geomattr_data":null,"objectid":62}},{"type":"Feature","geometry":{"type":"Point","coordinates":[-75.243748,39.953324]},"properties":{"ward":3,"division":13,"precinct":"0313","placename":"BRYANT SCHOOL","street_address":"6001 CEDAR AVE","zip_code":"19143","accessibility_code":"M","parking_code":"L","gdb_geomattr_data":null,"objectid":63}},{"type":"Feature","geometry":{"type":"Point","coordinates":[-75.243748,39.953324]},"properties":{"ward":3,"division":14,"precinct":"0314","placename":"BRYANT SCHOOL","street_address":"6001 CEDAR AVE","zip_code":"19143","accessibility_code":"M","parking_code":"L","gdb_geomattr_data":null,"objectid":64}},{"type":"Feature","geometry":{"type":"Point","coordinates":[-75.245117,39.947212]},"properties":{"ward":3,"division":15,"precinct":"0315","placename":"ANDERSON SCHOOL","street_address":"1034 S 60TH ST","zip_code":"19143","accessibility_code":"F","parking_code":"L","gdb_geomattr_data":null,"objectid":65}},{"type":"Feature","geometry":{"type":"Point","coordinates":[-75.245117,39.947212]},"properties":{"ward":3,"division":16,"precinct":"0316","placename":"ANDERSON SCHOOL","street_address":"1034 S 60TH ST","zip_code":"19143","accessibility_code":"F","parking_code":"L","gdb_geomattr_data":null,"objectid":66}},{"type":"Feature","geometry":{"type":"Point","coordinates":[-75.241642,39.94576]},"properties":{"ward":3,"division":17,"precinct":"0317","placename":"BLANCHE NIXON LIBRARY","street_address":"5800 COBBS CREEK PKWY","zip_code":"19143","accessibility_code":"F","parking_code":"L","gdb_geomattr_data":null,"objectid":67}},{"type":"Feature","geometry":{"type":"Point","coordinates":[-75.242399,39.944282]},"properties":{"ward":3,"division":18,"precinct":"0318","placename":"TURNER MIDDLE SCHOOL","street_address":"5900 BALTIMORE AVE","zip_code":"19143","accessibility_code":"F","parking_code":"L","gdb_geomattr_data":null,"objectid":68}},{"type":"Feature","geometry":{"type":"Point","coordinates":[-75.240728,39.951166]},"properties":{"ward":3,"division":19,"precinct":"0319","placename":"CARING PEOPLE ALLIANCE [OLD SHARON BAPT]","street_address":"5845 CATHARINE ST","zip_code":"19143","accessibility_code":"F","parking_code":"H","gdb_geomattr_data":null,"objectid":69}},{"type":"Feature","geometry":{"type":"Point","coordinates":[-75.23256,39.940961]},"properties":{"ward":3,"division":20,"precinct":"0320","placename":"LONGSTRETH SCHOOL","street_address":"5700 WILLOWS AVE","zip_code":"19143","accessibility_code":"F","parking_code":"L","gdb_geomattr_data":null,"objectid":70}},{"type":"Feature","geometry":{"type":"Point","coordinates":[-75.231284,39.938524]},"properties":{"ward":3,"division":21,"precinct":"0321","placename":"BETHANY BAPTIST CHURCH","street_address":"5747 WARRINGTON AVE","zip_code":"19143","accessibility_code":"F","parking_code":"N","gdb_geomattr_data":null,"objectid":71}},{"type":"Feature","geometry":{"type":"Point","coordinates":[-75.231286,39.938524]},"properties":{"ward":3,"division":22,"precinct":"0322","placename":"BETHANY BAPTIST CHURCH","street_address":"5747 WARRINGTON AVE","zip_code":"19143","accessibility_code":"F","parking_code":"N","gdb_geomattr_data":null,"objectid":72}},{"type":"Feature","geometry":{"type":"Point","coordinates":[-75.232042,39.962554]},"properties":{"ward":4,"division":1,"precinct":"0401","placename":"SALVATION ARMY- WEST PHILA","street_address":"5522 ARCH ST","zip_code":"19139","accessibility_code":"M","parking_code":"L","gdb_geomattr_data":null,"objectid":73}},{"type":"Feature","geometry":{"type":"Point","coordinates":[-75.233001,39.968809]},"properties":{"ward":4,"division":2,"precinct":"0402","placename":"CAMPHOR MEMORIAL U M CHURCH","street_address":"5620 WYALUSING AVE","zip_code":"19131","accessibility_code":"F","parking_code":"L","gdb_geomattr_data":null,"objectid":74}},{"type":"Feature","geometry":{"type":"Point","coordinates":[-75.232994,39.968803]},"properties":{"ward":4,"division":3,"precinct":"0403","placename":"CAMPHOR MEMORIAL U M CHURCH","street_address":"5620 WYALUSING AVE","zip_code":"19131","accessibility_code":"F","parking_code":"L","gdb_geomattr_data":null,"objectid":75}},{"type":"Feature","geometry":{"type":"Point","coordinates":[-75.236006,39.974045]},"properties":{"ward":4,"division":4,"precinct":"0404","placename":"BLUFORD CHARTER SCHOOL","street_address":"5720 MEDIA ST","zip_code":"19131","accessibility_code":"M","parking_code":"N","gdb_geomattr_data":null,"objectid":76}},{"type":"Feature","geometry":{"type":"Point","coordinates":[-75.229609,39.97822]},"properties":{"ward":4,"division":5,"precinct":"0405","placename":"HESTON SCHOOL","street_address":"1621 N 54TH ST","zip_code":"19131","accessibility_code":"F","parking_code":"N","gdb_geomattr_data":null,"objectid":77}},{"type":"Feature","geometry":{"type":"Point","coordinates":[-75.238643,39.98152]},"properties":{"ward":4,"division":6,"precinct":"0406","placename":"OVERBROOK HIGH SCHOOL","street_address":"5898 LANCASTER AVE","zip_code":"19131","accessibility_code":"M","parking_code":"L","gdb_geomattr_data":null,"objectid":78}},{"type":"Feature","geometry":{"type":"Point","coordinates":[-75.232042,39.962556]},"properties":{"ward":4,"division":7,"precinct":"0407","placename":"SALVATION ARMY- WEST PHILA","street_address":"5522 ARCH ST","zip_code":"19139","accessibility_code":"M","parking_code":"L","gdb_geomattr_data":null,"objectid":79}},{"type":"Feature","geometry":{"type":"Point","coordinates":[-75.232904,39.965709]},"properties":{"ward":4,"division":8,"precinct":"0408","placename":"DAROFF CHARTER SCHOOL","street_address":"5630 VINE ST","zip_code":"19139","accessibility_code":"M","parking_code":"L","gdb_geomattr_data":null,"objectid":80}},{"type":"Feature","geometry":{"type":"Point","coordinates":[-75.232359,39.970574]},"properties":{"ward":4,"division":9,"precinct":"0409","placename":"CHURCH PROPERTY","street_address":"659 N 56TH ST","zip_code":"19131","accessibility_code":"M","parking_code":"N","gdb_geomattr_data":null,"objectid":81}},{"type":"Feature","geometry":{"type":"Point","coordinates":[-75.236004,39.974044]},"properties":{"ward":4,"division":10,"precinct":"0410","placename":"BLUFORD CHARTER SCHOOL","street_address":"5720 MEDIA ST","zip_code":"19131","accessibility_code":"M","parking_code":"N","gdb_geomattr_data":null,"objectid":82}},{"type":"Feature","geometry":{"type":"Point","coordinates":[-75.229609,39.97822]},"properties":{"ward":4,"division":11,"precinct":"0411","placename":"HESTON SCHOOL","street_address":"1621 N 54TH ST","zip_code":"19131","accessibility_code":"F","parking_code":"N","gdb_geomattr_data":null,"objectid":83}},{"type":"Feature","geometry":{"type":"Point","coordinates":[-75.235791,39.964579]},"properties":{"ward":4,"division":12,"precinct":"0412","placename":"MT CARMEL BAPTIST CHURCH","street_address":"5732 RACE ST","zip_code":"19139","accessibility_code":"F","parking_code":"N","gdb_geomattr_data":null,"objectid":84}},{"type":"Feature","geometry":{"type":"Point","coordinates":[-75.234478,39.965816]},"properties":{"ward":4,"division":13,"precinct":"0413","placename":"ST MATTHEWS MANOR","street_address":"230 N 57TH ST","zip_code":"19139","accessibility_code":"F","parking_code":"L","gdb_geomattr_data":null,"objectid":85}},{"type":"Feature","geometry":{"type":"Point","coordinates":[-75.231752,39.968023]},"properties":{"ward":4,"division":14,"precinct":"0414","placename":"HAVERFORD BRANCH LIBRARY","street_address":"5543 HAVERFORD AVE","zip_code":"19139","accessibility_code":"F","parking_code":"N","gdb_geomattr_data":null,"objectid":86}},{"type":"Feature","geometry":{"type":"Point","coordinates":[-75.231752,39.968023]},"properties":{"ward":4,"division":15,"precinct":"0415","placename":"HAVERFORD BRANCH LIBRARY","street_address":"5543 HAVERFORD AVE","zip_code":"19139","accessibility_code":"F","parking_code":"N","gdb_geomattr_data":null,"objectid":87}},{"type":"Feature","geometry":{"type":"Point","coordinates":[-75.236006,39.974044]},"properties":{"ward":4,"division":16,"precinct":"0416","placename":"BLUFORD CHARTER SCHOOL","street_address":"5720 MEDIA ST","zip_code":"19131","accessibility_code":"M","parking_code":"N","gdb_geomattr_data":null,"objectid":88}},{"type":"Feature","geometry":{"type":"Point","coordinates":[-75.236002,39.974044]},"properties":{"ward":4,"division":17,"precinct":"0417","placename":"BLUFORD CHARTER SCHOOL","street_address":"5720 MEDIA ST","zip_code":"19131","accessibility_code":"M","parking_code":"N","gdb_geomattr_data":null,"objectid":89}},{"type":"Feature","geometry":{"type":"Point","coordinates":[-75.239002,39.975803]},"properties":{"ward":4,"division":18,"precinct":"0418","placename":"SWEET UNION BAPTIST CHURCH","street_address":"1536 N 59TH ST","zip_code":"19151","accessibility_code":"M","parking_code":"N","gdb_geomattr_data":null,"objectid":90}},{"type":"Feature","geometry":{"type":"Point","coordinates":[-75.238703,39.96473]},"properties":{"ward":4,"division":19,"precinct":"0419","placename":"BARRY SCHOOL","street_address":"5900 RACE ST","zip_code":"19139","accessibility_code":"M","parking_code":"N","gdb_geomattr_data":null,"objectid":91}},{"type":"Feature","geometry":{"type":"Point","coordinates":[-75.238703,39.96473]},"properties":{"ward":4,"division":20,"precinct":"0420","placename":"BARRY SCHOOL","street_address":"5900 RACE ST","zip_code":"19139","accessibility_code":"M","parking_code":"N","gdb_geomattr_data":null,"objectid":92}},{"type":"Feature","geometry":{"type":"Point","coordinates":[-75.238643,39.98152]},"properties":{"ward":4,"division":21,"precinct":"0421","placename":"OVERBROOK HIGH SCHOOL","street_address":"5898 LANCASTER AVE","zip_code":"19131","accessibility_code":"M","parking_code":"L","gdb_geomattr_data":null,"objectid":93}},{"type":"Feature","geometry":{"type":"Point","coordinates":[-75.145886,39.946171]},"properties":{"ward":5,"division":1,"precinct":"0501","placename":"SOCIETY HILL TOWERS COMMUNITY ROOM","street_address":"261 ST JAMES PL","zip_code":"19106","accessibility_code":"F","parking_code":"N","gdb_geomattr_data":null,"objectid":94}},{"type":"Feature","geometry":{"type":"Point","coordinates":[-75.145876,39.948497]},"properties":{"ward":5,"division":2,"precinct":"0502","placename":"MUSEUM OF THE AMERICAN REVOLUTION","street_address":"101 S 3RD ST","zip_code":"19106","accessibility_code":"F","parking_code":"N","gdb_geomattr_data":null,"objectid":95}},{"type":"Feature","geometry":{"type":"Point","coordinates":[-75.152409,39.946328]},"properties":{"ward":5,"division":3,"precinct":"0503","placename":"HOPKINSON HOUSE","street_address":"604 S WASHINGTON SQUARE","zip_code":"19106","accessibility_code":"F","parking_code":"L","gdb_geomattr_data":null,"objectid":96}},{"type":"Feature","geometry":{"type":"Point","coordinates":[-75.152533,39.943194]},"properties":{"ward":5,"division":4,"precinct":"0504","placename":"STARR GARDEN RECREATION CENTER","street_address":"600-44 LOMBARD ST","zip_code":"19147","accessibility_code":"F","parking_code":"N","gdb_geomattr_data":null,"objectid":97}},{"type":"Feature","geometry":{"type":"Point","coordinates":[-75.155271,39.946659]},"properties":{"ward":5,"division":5,"precinct":"0505","placename":"GREEK ORTHODOX CHURCH (ST.GEORGE)","street_address":"250-56 S 8TH ST","zip_code":"19107","accessibility_code":"R","parking_code":"N","gdb_geomattr_data":null,"objectid":98}},{"type":"Feature","geometry":{"type":"Point","coordinates":[-75.155266,39.946654]},"properties":{"ward":5,"division":6,"precinct":"0506","placename":"GREEK ORTHODOX CHURCH (ST.GEORGE)","street_address":"250-56 S 8TH ST","zip_code":"19107","accessibility_code":"R","parking_code":"N","gdb_geomattr_data":null,"objectid":99}},{"type":"Feature","geometry":{"type":"Point","coordinates":[-75.163412,39.946137]},"properties":{"ward":5,"division":7,"precinct":"0507","placename":"CHURCH OF ST LUKE & THE EPIPHANY","street_address":"330 S 13TH ST","zip_code":"19107","accessibility_code":"F","parking_code":"N","gdb_geomattr_data":null,"objectid":100}},{"type":"Feature","geometry":{"type":"Point","coordinates":[-75.159156,39.944109]},"properties":{"ward":5,"division":8,"precinct":"0508","placename":"SEGER RECREATION CENTER","street_address":"1020 LOMBARD ST","zip_code":"19147","accessibility_code":"F","parking_code":"N","gdb_geomattr_data":null,"objectid":101}},{"type":"Feature","geometry":{"type":"Point","coordinates":[-75.163369,39.946136]},"properties":{"ward":5,"division":9,"precinct":"0509","placename":"CHURCH OF ST LUKE & THE EPIPHANY","street_address":"330 S 13TH ST","zip_code":"19107","accessibility_code":"F","parking_code":"N","gdb_geomattr_data":null,"objectid":102}},{"type":"Feature","geometry":{"type":"Point","coordinates":[-75.140374,39.950885]},"properties":{"ward":5,"division":10,"precinct":"0510","placename":"PIER 3 PENNS LANDING","street_address":"3 N COLUMBUS BLVD","zip_code":"19106","accessibility_code":"F","parking_code":"L","gdb_geomattr_data":null,"objectid":103}},{"type":"Feature","geometry":{"type":"Point","coordinates":[-75.162278,39.947192]},"properties":{"ward":5,"division":11,"precinct":"0511","placename":"JOHN C. ANDERSON APARTMENTS","street_address":"251 S 13TH ST","zip_code":"19107","accessibility_code":"F","parking_code":"N","gdb_geomattr_data":null,"objectid":104}},{"type":"Feature","geometry":{"type":"Point","coordinates":[-75.154257,39.948139]},"properties":{"ward":5,"division":12,"precinct":"0512","placename":"THE SAINT JAMES APARTMENTS","street_address":"200 W WASHINGTON SQ","zip_code":"19106","accessibility_code":"F","parking_code":"N","gdb_geomattr_data":null,"objectid":105}},{"type":"Feature","geometry":{"type":"Point","coordinates":[-75.155613,39.956438]},"properties":{"ward":5,"division":13,"precinct":"0513","placename":"CHINESE CHRISTIAN CHURCH","street_address":"221-25 N 10TH ST","zip_code":"19107","accessibility_code":"M","parking_code":"N","gdb_geomattr_data":null,"objectid":106}},{"type":"Feature","geometry":{"type":"Point","coordinates":[-75.162272,39.947189]},"properties":{"ward":5,"division":14,"precinct":"0514","placename":"JOHN C. ANDERSON APARTMENTS","street_address":"251 S 13TH ST","zip_code":"19107","accessibility_code":"F","parking_code":"N","gdb_geomattr_data":null,"objectid":107}},{"type":"Feature","geometry":{"type":"Point","coordinates":[-75.146905,39.970179]},"properties":{"ward":5,"division":15,"precinct":"0515","placename":"RODRIGUEZ BRANCH LIBRARY","street_address":"600 W GIRARD AVE","zip_code":"19123","accessibility_code":"B","parking_code":"N","gdb_geomattr_data":null,"objectid":108}},{"type":"Feature","geometry":{"type":"Point","coordinates":[-75.146147,39.954262]},"properties":{"ward":5,"division":16,"precinct":"0516","placename":"OLD FIRST REFORMED CHURCH","street_address":"330 RACE ST","zip_code":"19106","accessibility_code":"M","parking_code":"N","gdb_geomattr_data":null,"objectid":109}},{"type":"Feature","geometry":{"type":"Point","coordinates":[-75.143305,39.962828]},"properties":{"ward":5,"division":17,"precinct":"0517","placename":"NORTHERN LIBS NEIGHBORS ASSOCIATION","street_address":"700 N 3RD ST","zip_code":"19123","accessibility_code":"A","parking_code":"N","gdb_geomattr_data":null,"objectid":110}},{"type":"Feature","geometry":{"type":"Point","coordinates":[-75.145876,39.948497]},"properties":{"ward":5,"division":18,"precinct":"0518","placename":"MUSEUM OF THE AMERICAN REVOLUTION","street_address":"101 S 3RD ST","zip_code":"19106","accessibility_code":"F","parking_code":"N","gdb_geomattr_data":null,"objectid":111}},{"type":"Feature","geometry":{"type":"Point","coordinates":[-75.152568,39.944848]},"properties":{"ward":5,"division":19,"precinct":"0519","placename":"McCALL SCHOOL","street_address":"325 S 7TH ST","zip_code":"19106","accessibility_code":"M","parking_code":"N","gdb_geomattr_data":null,"objectid":112}},{"type":"Feature","geometry":{"type":"Point","coordinates":[-75.146905,39.970179]},"properties":{"ward":5,"division":20,"precinct":"0520","placename":"RODRIGUEZ BRANCH LIBRARY","street_address":"600 W GIRARD AVE","zip_code":"19123","accessibility_code":"B","parking_code":"N","gdb_geomattr_data":null,"objectid":113}},{"type":"Feature","geometry":{"type":"Point","coordinates":[-75.134954,39.965694]},"properties":{"ward":5,"division":21,"precinct":"0521","placename":"THE FILLMORE MUSIC VENUE","street_address":"29 E ALLEN ST","zip_code":"19123","accessibility_code":"F","parking_code":"N","gdb_geomattr_data":null,"objectid":114}},{"type":"Feature","geometry":{"type":"Point","coordinates":[-75.165075,39.944578]},"properties":{"ward":5,"division":22,"precinct":"0522","placename":"PHILADELPHIA SENIOR CENTER","street_address":"509-11 S BROAD ST","zip_code":"19147","accessibility_code":"F","parking_code":"N","gdb_geomattr_data":null,"objectid":115}},{"type":"Feature","geometry":{"type":"Point","coordinates":[-75.148206,39.964489]},"properties":{"ward":5,"division":23,"precinct":"0523","placename":"KEARNEY SCHOOL","street_address":"601 FAIRMOUNT AVE","zip_code":"19123","accessibility_code":"F","parking_code":"N","gdb_geomattr_data":null,"objectid":116}},{"type":"Feature","geometry":{"type":"Point","coordinates":[-75.155613,39.956438]},"properties":{"ward":5,"division":24,"precinct":"0524","placename":"CHINESE CHRISTIAN CHURCH","street_address":"221-25 N 10TH ST","zip_code":"19107","accessibility_code":"M","parking_code":"N","gdb_geomattr_data":null,"objectid":117}},{"type":"Feature","geometry":{"type":"Point","coordinates":[-75.154265,39.961461]},"properties":{"ward":5,"division":25,"precinct":"0525","placename":"ARTS & CRAFTS HOLDINGS","street_address":"990 SPRING GARDEN ST","zip_code":"19123","accessibility_code":"F","parking_code":"L","gdb_geomattr_data":null,"objectid":118}},{"type":"Feature","geometry":{"type":"Point","coordinates":[-75.143991,39.951349]},"properties":{"ward":5,"division":26,"precinct":"0526","placename":"ARDEN THEATRE","street_address":"40 N 2ND ST","zip_code":"19106","accessibility_code":"F","parking_code":"N","gdb_geomattr_data":null,"objectid":119}},{"type":"Feature","geometry":{"type":"Point","coordinates":[-75.146118,39.954254]},"properties":{"ward":5,"division":27,"precinct":"0527","placename":"OLD FIRST REFORMED CHURCH","street_address":"330 RACE ST","zip_code":"19106","accessibility_code":"M","parking_code":"N","gdb_geomattr_data":null,"objectid":120}},{"type":"Feature","geometry":{"type":"Point","coordinates":[-75.16337,39.946135]},"properties":{"ward":5,"division":28,"precinct":"0528","placename":"CHURCH OF ST LUKE & THE EPIPHANY","street_address":"330 S 13TH ST","zip_code":"19107","accessibility_code":"F","parking_code":"N","gdb_geomattr_data":null,"objectid":121}},{"type":"Feature","geometry":{"type":"Point","coordinates":[-75.163337,39.946138]},"properties":{"ward":5,"division":29,"precinct":"0529","placename":"CHURCH OF ST LUKE & THE EPIPHANY","street_address":"330 S 13TH ST","zip_code":"19107","accessibility_code":"F","parking_code":"N","gdb_geomattr_data":null,"objectid":122}},{"type":"Feature","geometry":{"type":"Point","coordinates":[-75.146112,39.954254]},"properties":{"ward":5,"division":30,"precinct":"0530","placename":"OLD FIRST REFORMED CHURCH","street_address":"330 RACE ST","zip_code":"19106","accessibility_code":"M","parking_code":"N","gdb_geomattr_data":null,"objectid":123}},{"type":"Feature","geometry":{"type":"Point","coordinates":[-75.154269,39.961454]},"properties":{"ward":5,"division":31,"precinct":"0531","placename":"ARTS & CRAFTS HOLDINGS","street_address":"990 SPRING GARDEN ST","zip_code":"19123","accessibility_code":"F","parking_code":"L","gdb_geomattr_data":null,"objectid":124}},{"type":"Feature","geometry":{"type":"Point","coordinates":[-75.143304,39.962831]},"properties":{"ward":5,"division":32,"precinct":"0532","placename":"NORTHERN LIBS NEIGHBORS ASSOCIATION","street_address":"700 N 3RD ST","zip_code":"19123","accessibility_code":"A","parking_code":"N","gdb_geomattr_data":null,"objectid":125}},{"type":"Feature","geometry":{"type":"Point","coordinates":[-75.135051,39.965706]},"properties":{"ward":5,"division":33,"precinct":"0533","placename":"THE FILLMORE MUSIC VENUE","street_address":"29 E ALLEN ST","zip_code":"19123","accessibility_code":"F","parking_code":"N","gdb_geomattr_data":null,"objectid":126}},{"type":"Feature","geometry":{"type":"Point","coordinates":[-75.134997,39.965603]},"properties":{"ward":5,"division":34,"precinct":"0534","placename":"THE FILLMORE MUSIC VENUE","street_address":"29 E ALLEN ST","zip_code":"19123","accessibility_code":"F","parking_code":"N","gdb_geomattr_data":null,"objectid":127}},{"type":"Feature","geometry":{"type":"Point","coordinates":[-75.146122,39.954255]},"properties":{"ward":5,"division":35,"precinct":"0535","placename":"OLD FIRST REFORMED CHURCH","street_address":"330 RACE ST","zip_code":"19106","accessibility_code":"M","parking_code":"N","gdb_geomattr_data":null,"objectid":128}},{"type":"Feature","geometry":{"type":"Point","coordinates":[-75.155275,39.94665]},"properties":{"ward":5,"division":36,"precinct":"0536","placename":"GREEK ORTHODOX CHURCH (ST.GEORGE)","street_address":"250-56 S 8TH ST","zip_code":"19107","accessibility_code":"R","parking_code":"N","gdb_geomattr_data":null,"objectid":129}},{"type":"Feature","geometry":{"type":"Point","coordinates":[-75.145885,39.946173]},"properties":{"ward":5,"division":37,"precinct":"0537","placename":"SOCIETY HILL TOWERS COMMUNITY ROOM","street_address":"261 ST JAMES PL","zip_code":"19106","accessibility_code":"F","parking_code":"N","gdb_geomattr_data":null,"objectid":130}},{"type":"Feature","geometry":{"type":"Point","coordinates":[-75.205753,39.957325]},"properties":{"ward":6,"division":1,"precinct":"0601","placename":"ROBESON HIGH SCHOOL","street_address":"4125 LUDLOW ST","zip_code":"19104","accessibility_code":"M","parking_code":"N","gdb_geomattr_data":null,"objectid":131}},{"type":"Feature","geometry":{"type":"Point","coordinates":[-75.215211,39.96616]},"properties":{"ward":6,"division":2,"precinct":"0602","placename":"LUCIEN BLACKWELL COMMUNITY CENTER (PHA)","street_address":"761 N 47TH ST","zip_code":"19139","accessibility_code":"F","parking_code":"H","gdb_geomattr_data":null,"objectid":132}},{"type":"Feature","geometry":{"type":"Point","coordinates":[-75.206252,39.963955]},"properties":{"ward":6,"division":3,"precinct":"0603","placename":"MT OLIVET VILLAGE (PHA)","street_address":"642 N 41ST ST","zip_code":"19104","accessibility_code":"F","parking_code":"L","gdb_geomattr_data":null,"objectid":133}},{"type":"Feature","geometry":{"type":"Point","coordinates":[-75.212496,39.962598]},"properties":{"ward":6,"division":4,"precinct":"0604","placename":"LOCKE SCHOOL","street_address":"4550 HAVERFORD AVE","zip_code":"19139","accessibility_code":"F","parking_code":"L","gdb_geomattr_data":null,"objectid":134}},{"type":"Feature","geometry":{"type":"Point","coordinates":[-75.206252,39.963955]},"properties":{"ward":6,"division":5,"precinct":"0605","placename":"MT OLIVET VILLAGE (PHA)","street_address":"642 N 41ST ST","zip_code":"19104","accessibility_code":"F","parking_code":"L","gdb_geomattr_data":null,"objectid":135}},{"type":"Feature","geometry":{"type":"Point","coordinates":[-75.21521,39.966197]},"properties":{"ward":6,"division":6,"precinct":"0606","placename":"LUCIEN BLACKWELL COMMUNITY CENTER (PHA)","street_address":"761 N 47TH ST","zip_code":"19139","accessibility_code":"F","parking_code":"H","gdb_geomattr_data":null,"objectid":136}},{"type":"Feature","geometry":{"type":"Point","coordinates":[-75.206252,39.963955]},"properties":{"ward":6,"division":7,"precinct":"0607","placename":"MT OLIVET VILLAGE (PHA)","street_address":"642 N 41ST ST","zip_code":"19104","accessibility_code":"F","parking_code":"L","gdb_geomattr_data":null,"objectid":137}},{"type":"Feature","geometry":{"type":"Point","coordinates":[-75.211436,39.966147]},"properties":{"ward":6,"division":8,"precinct":"0608","placename":"MARTHA WASHINGTON SCHOOL","street_address":"4400 ASPEN ST","zip_code":"19104","accessibility_code":"M","parking_code":"L","gdb_geomattr_data":null,"objectid":138}},{"type":"Feature","geometry":{"type":"Point","coordinates":[-75.206273,39.968237]},"properties":{"ward":6,"division":9,"precinct":"0609","placename":"CALVARY ST AUGUSTINE EPISCOPAL CHURCH","street_address":"814 N 41ST ST","zip_code":"19104","accessibility_code":"M","parking_code":"L","gdb_geomattr_data":null,"objectid":139}},{"type":"Feature","geometry":{"type":"Point","coordinates":[-75.210511,39.969907]},"properties":{"ward":6,"division":10,"precinct":"0610","placename":"PHILA LEARNING ACADEMY SOUTH","street_address":"4300 WESTMINSTER AVE","zip_code":"19104","accessibility_code":"M","parking_code":"L","gdb_geomattr_data":null,"objectid":140}},{"type":"Feature","geometry":{"type":"Point","coordinates":[-75.206061,39.967872]},"properties":{"ward":6,"division":11,"precinct":"0611","placename":"CALVARY ST AUGUSTINE EPISCOPAL CHURCH","street_address":"814 N 41ST ST","zip_code":"19104","accessibility_code":"M","parking_code":"L","gdb_geomattr_data":null,"objectid":141}},{"type":"Feature","geometry":{"type":"Point","coordinates":[-75.211436,39.966147]},"properties":{"ward":6,"division":12,"precinct":"0612","placename":"MARTHA WASHINGTON SCHOOL","street_address":"4400 ASPEN ST","zip_code":"19104","accessibility_code":"M","parking_code":"L","gdb_geomattr_data":null,"objectid":142}},{"type":"Feature","geometry":{"type":"Point","coordinates":[-75.210511,39.969907]},"properties":{"ward":6,"division":13,"precinct":"0613","placename":"PHILA LEARNING ACADEMY SOUTH","street_address":"4300 WESTMINSTER AVE","zip_code":"19104","accessibility_code":"M","parking_code":"L","gdb_geomattr_data":null,"objectid":143}},{"type":"Feature","geometry":{"type":"Point","coordinates":[-75.209583,39.973912]},"properties":{"ward":6,"division":14,"precinct":"0614","placename":"NEW RIVER PRESBYTERIAN CHURCH","street_address":"4159 W GIRARD AVE","zip_code":"19104","accessibility_code":"M","parking_code":"L","gdb_geomattr_data":null,"objectid":144}},{"type":"Feature","geometry":{"type":"Point","coordinates":[-75.203589,39.975478]},"properties":{"ward":6,"division":15,"precinct":"0615","placename":"SCHOOL OF THE FUTURE","street_address":"4021 PARKSIDE AVE","zip_code":"19104","accessibility_code":"F","parking_code":"N","gdb_geomattr_data":null,"objectid":145}},{"type":"Feature","geometry":{"type":"Point","coordinates":[-75.215209,39.966209]},"properties":{"ward":6,"division":16,"precinct":"0616","placename":"LUCIEN BLACKWELL COMMUNITY CENTER (PHA)","street_address":"761 N 47TH ST","zip_code":"19139","accessibility_code":"F","parking_code":"H","gdb_geomattr_data":null,"objectid":146}},{"type":"Feature","geometry":{"type":"Point","coordinates":[-75.209583,39.973912]},"properties":{"ward":6,"division":17,"precinct":"0617","placename":"NEW RIVER PRESBYTERIAN CHURCH","street_address":"4159 W GIRARD AVE","zip_code":"19104","accessibility_code":"M","parking_code":"L","gdb_geomattr_data":null,"objectid":147}},{"type":"Feature","geometry":{"type":"Point","coordinates":[-75.212633,39.972779]},"properties":{"ward":6,"division":18,"precinct":"0618","placename":"STEPHEN SMITH TOWERS","street_address":"1030 BELMONT AVE","zip_code":"19104","accessibility_code":"M","parking_code":"H","gdb_geomattr_data":null,"objectid":148}},{"type":"Feature","geometry":{"type":"Point","coordinates":[-75.133806,39.995779]},"properties":{"ward":7,"division":1,"precinct":"0701","placename":"CASA INDIANA","street_address":"2935-65 N 2ND ST","zip_code":"19133","accessibility_code":"F","parking_code":"N","gdb_geomattr_data":null,"objectid":149}},{"type":"Feature","geometry":{"type":"Point","coordinates":[-75.133816,39.995771]},"properties":{"ward":7,"division":2,"precinct":"0702","placename":"CASA INDIANA","street_address":"2935-65 N 2ND ST","zip_code":"19133","accessibility_code":"F","parking_code":"N","gdb_geomattr_data":null,"objectid":150}},{"type":"Feature","geometry":{"type":"Point","coordinates":[-75.133779,39.995879]},"properties":{"ward":7,"division":3,"precinct":"0703","placename":"CASA INDIANA","street_address":"2935-65 N 2ND ST","zip_code":"19133","accessibility_code":"F","parking_code":"N","gdb_geomattr_data":null,"objectid":151}},{"type":"Feature","geometry":{"type":"Point","coordinates":[-75.131743,39.998678]},"properties":{"ward":7,"division":4,"precinct":"0704","placename":"SALVATION ARMY- TABERNACLE","street_address":"3150 N MASCHER ST","zip_code":"19133","accessibility_code":"F","parking_code":"N","gdb_geomattr_data":null,"objectid":152}},{"type":"Feature","geometry":{"type":"Point","coordinates":[-75.131764,39.999388]},"properties":{"ward":7,"division":5,"precinct":"0705","placename":"VILLAS DEL CARIBE","street_address":"167 W ALLEGHENY AVE","zip_code":"19140","accessibility_code":"F","parking_code":"N","gdb_geomattr_data":null,"objectid":153}},{"type":"Feature","geometry":{"type":"Point","coordinates":[-75.130095,40.003155]},"properties":{"ward":7,"division":6,"precinct":"0706","placename":"CRAMP SCHOOL","street_address":"3449 N MASCHER ST","zip_code":"19140","accessibility_code":"A","parking_code":"N","gdb_geomattr_data":null,"objectid":154}},{"type":"Feature","geometry":{"type":"Point","coordinates":[-75.129851,40.0071]},"properties":{"ward":7,"division":7,"precinct":"0707","placename":"ROBERTO CLEMENTE SCHOOL","street_address":"122 W ERIE AVE","zip_code":"19140","accessibility_code":"B","parking_code":"L","gdb_geomattr_data":null,"objectid":155}},{"type":"Feature","geometry":{"type":"Point","coordinates":[-75.134275,40.016295]},"properties":{"ward":7,"division":8,"precinct":"0708","placename":"NUEVA ESPERANZA BUILDING","street_address":"4261 N 5TH ST","zip_code":"19140","accessibility_code":"F","parking_code":"H","gdb_geomattr_data":null,"objectid":156}},{"type":"Feature","geometry":{"type":"Point","coordinates":[-75.134269,40.016282]},"properties":{"ward":7,"division":9,"precinct":"0709","placename":"NUEVA ESPERANZA BUILDING","street_address":"4261 N 5TH ST","zip_code":"19140","accessibility_code":"F","parking_code":"H","gdb_geomattr_data":null,"objectid":157}},{"type":"Feature","geometry":{"type":"Point","coordinates":[-75.121008,39.997273]},"properties":{"ward":7,"division":10,"precinct":"0710","placename":"ELKIN SCHOOL","street_address":"3199 D ST","zip_code":"19134","accessibility_code":"M","parking_code":"L","gdb_geomattr_data":null,"objectid":158}},{"type":"Feature","geometry":{"type":"Point","coordinates":[-75.125491,39.999293]},"properties":{"ward":7,"division":11,"precinct":"0711","placename":"STETSON MIDDLE SCHOOL","street_address":"3200 B ST","zip_code":"19134","accessibility_code":"R","parking_code":"N","gdb_geomattr_data":null,"objectid":159}},{"type":"Feature","geometry":{"type":"Point","coordinates":[-75.130095,40.003155]},"properties":{"ward":7,"division":12,"precinct":"0712","placename":"CRAMP SCHOOL","street_address":"3449 N MASCHER ST","zip_code":"19140","accessibility_code":"A","parking_code":"N","gdb_geomattr_data":null,"objectid":160}},{"type":"Feature","geometry":{"type":"Point","coordinates":[-75.128134,39.992271]},"properties":{"ward":7,"division":13,"precinct":"0713","placename":"SOMERSET VILLAS","street_address":"200 E SOMERSET ST","zip_code":"19134","accessibility_code":"F","parking_code":"H","gdb_geomattr_data":null,"objectid":161}},{"type":"Feature","geometry":{"type":"Point","coordinates":[-75.130392,40.003494]},"properties":{"ward":7,"division":14,"precinct":"0714","placename":"CRAMP SCHOOL","street_address":"3449 N MASCHER ST","zip_code":"19140","accessibility_code":"A","parking_code":"N","gdb_geomattr_data":null,"objectid":162}},{"type":"Feature","geometry":{"type":"Point","coordinates":[-75.125495,39.99929]},"properties":{"ward":7,"division":15,"precinct":"0715","placename":"STETSON MIDDLE SCHOOL","street_address":"3200 B ST","zip_code":"19134","accessibility_code":"R","parking_code":"N","gdb_geomattr_data":null,"objectid":163}},{"type":"Feature","geometry":{"type":"Point","coordinates":[-75.121,39.997273]},"properties":{"ward":7,"division":16,"precinct":"0716","placename":"ELKIN SCHOOL","street_address":"3199 D ST","zip_code":"19134","accessibility_code":"M","parking_code":"L","gdb_geomattr_data":null,"objectid":164}},{"type":"Feature","geometry":{"type":"Point","coordinates":[-75.128134,39.992271]},"properties":{"ward":7,"division":17,"precinct":"0717","placename":"SOMERSET VILLAS","street_address":"200 E SOMERSET ST","zip_code":"19134","accessibility_code":"F","parking_code":"H","gdb_geomattr_data":null,"objectid":165}},{"type":"Feature","geometry":{"type":"Point","coordinates":[-75.125495,39.999299]},"properties":{"ward":7,"division":18,"precinct":"0718","placename":"STETSON MIDDLE SCHOOL","street_address":"3200 B ST","zip_code":"19134","accessibility_code":"R","parking_code":"N","gdb_geomattr_data":null,"objectid":166}},{"type":"Feature","geometry":{"type":"Point","coordinates":[-75.125484,39.999296]},"properties":{"ward":7,"division":19,"precinct":"0719","placename":"STETSON MIDDLE SCHOOL","street_address":"3200 B ST","zip_code":"19134","accessibility_code":"R","parking_code":"N","gdb_geomattr_data":null,"objectid":167}},{"type":"Feature","geometry":{"type":"Point","coordinates":[-75.121008,39.997271]},"properties":{"ward":7,"division":20,"precinct":"0720","placename":"ELKIN SCHOOL","street_address":"3199 D ST","zip_code":"19134","accessibility_code":"M","parking_code":"L","gdb_geomattr_data":null,"objectid":168}},{"type":"Feature","geometry":{"type":"Point","coordinates":[-75.121008,39.997271]},"properties":{"ward":7,"division":21,"precinct":"0721","placename":"ELKIN SCHOOL","street_address":"3199 D ST","zip_code":"19134","accessibility_code":"M","parking_code":"L","gdb_geomattr_data":null,"objectid":169}},{"type":"Feature","geometry":{"type":"Point","coordinates":[-75.121008,39.997271]},"properties":{"ward":7,"division":22,"precinct":"0722","placename":"ELKIN SCHOOL","street_address":"3199 D ST","zip_code":"19134","accessibility_code":"M","parking_code":"L","gdb_geomattr_data":null,"objectid":170}},{"type":"Feature","geometry":{"type":"Point","coordinates":[-75.121008,39.997271]},"properties":{"ward":7,"division":23,"precinct":"0723","placename":"ELKIN SCHOOL","street_address":"3199 D ST","zip_code":"19134","accessibility_code":"M","parking_code":"L","gdb_geomattr_data":null,"objectid":171}},{"type":"Feature","geometry":{"type":"Point","coordinates":[-75.178492,39.94876]},"properties":{"ward":8,"division":1,"precinct":"0801","placename":"TRINITY MEMORIAL CHURCH","street_address":"2212 SPRUCE ST","zip_code":"19103","accessibility_code":"M","parking_code":"N","gdb_geomattr_data":null,"objectid":172}},{"type":"Feature","geometry":{"type":"Point","coordinates":[-75.17846,39.948794]},"properties":{"ward":8,"division":2,"precinct":"0802","placename":"TRINITY MEMORIAL CHURCH","street_address":"2212 SPRUCE ST","zip_code":"19103","accessibility_code":"M","parking_code":"N","gdb_geomattr_data":null,"objectid":173}},{"type":"Feature","geometry":{"type":"Point","coordinates":[-75.16989,39.947471]},"properties":{"ward":8,"division":3,"precinct":"0803","placename":"TENTH PRESBYTERIAN CHURCH","street_address":"1700 SPRUCE ST","zip_code":"19103","accessibility_code":"M","parking_code":"N","gdb_geomattr_data":null,"objectid":174}},{"type":"Feature","geometry":{"type":"Point","coordinates":[-75.16989,39.947471]},"properties":{"ward":8,"division":4,"precinct":"0804","placename":"TENTH PRESBYTERIAN CHURCH","street_address":"1700 SPRUCE ST","zip_code":"19103","accessibility_code":"M","parking_code":"N","gdb_geomattr_data":null,"objectid":175}},{"type":"Feature","geometry":{"type":"Point","coordinates":[-75.165331,39.946977]},"properties":{"ward":8,"division":5,"precinct":"0805","placename":"KIMMEL CENTER","street_address":"300 S BROAD ST","zip_code":"19102","accessibility_code":"F","parking_code":"L","gdb_geomattr_data":null,"objectid":176}},{"type":"Feature","geometry":{"type":"Point","coordinates":[-75.16989,39.947471]},"properties":{"ward":8,"division":6,"precinct":"0806","placename":"TENTH PRESBYTERIAN CHURCH","street_address":"1700 SPRUCE ST","zip_code":"19103","accessibility_code":"M","parking_code":"N","gdb_geomattr_data":null,"objectid":177}},{"type":"Feature","geometry":{"type":"Point","coordinates":[-75.176202,39.952074]},"properties":{"ward":8,"division":7,"precinct":"0807","placename":"HOLY COMMUNION LUTHERAN CHURCH","street_address":"2111 SANSOM ST","zip_code":"19103","accessibility_code":"M","parking_code":"N","gdb_geomattr_data":null,"objectid":178}},{"type":"Feature","geometry":{"type":"Point","coordinates":[-75.17568,39.950694]},"properties":{"ward":8,"division":8,"precinct":"0808","placename":"FIRST PRESBYTERIAN CHURCH","street_address":"201 S 21ST ST","zip_code":"19103","accessibility_code":"A","parking_code":"N","gdb_geomattr_data":null,"objectid":179}},{"type":"Feature","geometry":{"type":"Point","coordinates":[-75.17772,39.952701]},"properties":{"ward":8,"division":9,"precinct":"0809","placename":"GREENFIELD SCHOOL","street_address":"2200 CHESTNUT ST","zip_code":"19103","accessibility_code":"M","parking_code":"N","gdb_geomattr_data":null,"objectid":180}},{"type":"Feature","geometry":{"type":"Point","coordinates":[-75.175698,39.950654]},"properties":{"ward":8,"division":10,"precinct":"0810","placename":"FIRST PRESBYTERIAN CHURCH","street_address":"201 S 21ST ST","zip_code":"19103","accessibility_code":"A","parking_code":"N","gdb_geomattr_data":null,"objectid":181}},{"type":"Feature","geometry":{"type":"Point","coordinates":[-75.16989,39.947475]},"properties":{"ward":8,"division":11,"precinct":"0811","placename":"TENTH PRESBYTERIAN CHURCH","street_address":"1700 SPRUCE ST","zip_code":"19103","accessibility_code":"M","parking_code":"N","gdb_geomattr_data":null,"objectid":182}},{"type":"Feature","geometry":{"type":"Point","coordinates":[-75.175698,39.9507]},"properties":{"ward":8,"division":12,"precinct":"0812","placename":"FIRST PRESBYTERIAN CHURCH","street_address":"201 S 21ST ST","zip_code":"19103","accessibility_code":"A","parking_code":"N","gdb_geomattr_data":null,"objectid":183}},{"type":"Feature","geometry":{"type":"Point","coordinates":[-75.17772,39.952701]},"properties":{"ward":8,"division":13,"precinct":"0813","placename":"GREENFIELD SCHOOL","street_address":"2200 CHESTNUT ST","zip_code":"19103","accessibility_code":"M","parking_code":"N","gdb_geomattr_data":null,"objectid":184}},{"type":"Feature","geometry":{"type":"Point","coordinates":[-75.165351,39.947007]},"properties":{"ward":8,"division":14,"precinct":"0814","placename":"KIMMEL CENTER","street_address":"300 S BROAD ST","zip_code":"19102","accessibility_code":"F","parking_code":"L","gdb_geomattr_data":null,"objectid":185}},{"type":"Feature","geometry":{"type":"Point","coordinates":[-75.169324,39.955198]},"properties":{"ward":8,"division":15,"precinct":"0815","placename":"ARCH ST PRESBYTERIAN CHURCH","street_address":"1724 ARCH ST","zip_code":"19103","accessibility_code":"M","parking_code":"N","gdb_geomattr_data":null,"objectid":186}},{"type":"Feature","geometry":{"type":"Point","coordinates":[-75.172577,39.95276]},"properties":{"ward":8,"division":16,"precinct":"0816","placename":"WILLIAM PENN HOUSE","street_address":"1919 CHESTNUT ST","zip_code":"19103","accessibility_code":"F","parking_code":"L","gdb_geomattr_data":null,"objectid":187}},{"type":"Feature","geometry":{"type":"Point","coordinates":[-75.169319,39.955197]},"properties":{"ward":8,"division":17,"precinct":"0817","placename":"ARCH ST PRESBYTERIAN CHURCH","street_address":"1724 ARCH ST","zip_code":"19103","accessibility_code":"M","parking_code":"N","gdb_geomattr_data":null,"objectid":188}},{"type":"Feature","geometry":{"type":"Point","coordinates":[-75.169312,39.955202]},"properties":{"ward":8,"division":18,"precinct":"0818","placename":"ARCH ST PRESBYTERIAN CHURCH","street_address":"1724 ARCH ST","zip_code":"19103","accessibility_code":"M","parking_code":"N","gdb_geomattr_data":null,"objectid":189}},{"type":"Feature","geometry":{"type":"Point","coordinates":[-75.172888,39.957143]},"properties":{"ward":8,"division":19,"precinct":"0819","placename":"ATRIA SENIOR LIVING","street_address":"150 N 20TH ST","zip_code":"19103","accessibility_code":"F","parking_code":"N","gdb_geomattr_data":null,"objectid":190}},{"type":"Feature","geometry":{"type":"Point","coordinates":[-75.165331,39.946977]},"properties":{"ward":8,"division":20,"precinct":"0820","placename":"KIMMEL CENTER","street_address":"300 S BROAD ST","zip_code":"19102","accessibility_code":"F","parking_code":"L","gdb_geomattr_data":null,"objectid":191}},{"type":"Feature","geometry":{"type":"Point","coordinates":[-75.165923,39.948203]},"properties":{"ward":8,"division":21,"precinct":"0821","placename":"ACADEMY HOUSE CONDOMINIUMS","street_address":"1420 LOCUST ST","zip_code":"19102","accessibility_code":"M","parking_code":"L","gdb_geomattr_data":null,"objectid":192}},{"type":"Feature","geometry":{"type":"Point","coordinates":[-75.176765,39.961396]},"properties":{"ward":8,"division":22,"precinct":"0822","placename":"PARK TOWNE PLACE SOUTH","street_address":"2200 BENJAMIN FRANKLIN PKW","zip_code":"19130","accessibility_code":"F","parking_code":"L","gdb_geomattr_data":null,"objectid":193}},{"type":"Feature","geometry":{"type":"Point","coordinates":[-75.177347,39.958246]},"properties":{"ward":8,"division":23,"precinct":"0823","placename":"RIVERSIDE PRESBYTERIAN APARTMENTS","street_address":"158 N 23RD ST","zip_code":"19103","accessibility_code":"M","parking_code":"N","gdb_geomattr_data":null,"objectid":194}},{"type":"Feature","geometry":{"type":"Point","coordinates":[-75.172221,39.963177]},"properties":{"ward":8,"division":24,"precinct":"0824","placename":"CITY VIEW CONDOS","street_address":"2001 HAMILTON ST","zip_code":"19130","accessibility_code":"M","parking_code":"L","gdb_geomattr_data":null,"objectid":195}},{"type":"Feature","geometry":{"type":"Point","coordinates":[-75.16822,39.960099]},"properties":{"ward":8,"division":25,"precinct":"0825","placename":"FOUNTAIN VIEW AT LOGAN SQUARE","street_address":"2 FRANKLIN TOWN BLVD","zip_code":"19103","accessibility_code":"F","parking_code":"H","gdb_geomattr_data":null,"objectid":196}},{"type":"Feature","geometry":{"type":"Point","coordinates":[-75.16205,39.9639]},"properties":{"ward":8,"division":26,"precinct":"0826","placename":"BENJAMIN FRANKLIN HIGH SCHOOL","street_address":"550 N BROAD ST","zip_code":"19130","accessibility_code":"F","parking_code":"N","gdb_geomattr_data":null,"objectid":197}},{"type":"Feature","geometry":{"type":"Point","coordinates":[-75.17772,39.952701]},"properties":{"ward":8,"division":27,"precinct":"0827","placename":"GREENFIELD SCHOOL","street_address":"2200 CHESTNUT ST","zip_code":"19103","accessibility_code":"M","parking_code":"N","gdb_geomattr_data":null,"objectid":198}},{"type":"Feature","geometry":{"type":"Point","coordinates":[-75.183747,39.947749]},"properties":{"ward":8,"division":28,"precinct":"0828","placename":"MARKWARD RECREATION CENTER","street_address":"400 S TANEY ST","zip_code":"19146","accessibility_code":"F","parking_code":"L","gdb_geomattr_data":null,"objectid":199}},{"type":"Feature","geometry":{"type":"Point","coordinates":[-75.17183,39.955038]},"properties":{"ward":8,"division":29,"precinct":"0829","placename":"KENNEDY HOUSE APARTMENTS","street_address":"1901 JOHN F KENNEDY BLVD","zip_code":"19103","accessibility_code":"F","parking_code":"L","gdb_geomattr_data":null,"objectid":200}},{"type":"Feature","geometry":{"type":"Point","coordinates":[-75.166765,39.962217]},"properties":{"ward":8,"division":30,"precinct":"0830","placename":"COMMUNITY COLLEGE OF PHILA- WINNET BUILDING","street_address":"502 N 17TH ST","zip_code":"19130","accessibility_code":"F","parking_code":"H","gdb_geomattr_data":null,"objectid":201}},{"type":"Feature","geometry":{"type":"Point","coordinates":[-75.173711,39.963253]},"properties":{"ward":8,"division":31,"precinct":"0831","placename":"DALIAN ON THE PARK","street_address":"500 N 21ST ST","zip_code":"19130","accessibility_code":"F","parking_code":"L","gdb_geomattr_data":null,"objectid":202}},{"type":"Feature","geometry":{"type":"Point","coordinates":[-75.16205,39.9639]},"properties":{"ward":8,"division":32,"precinct":"0832","placename":"BENJAMIN FRANKLIN HIGH SCHOOL","street_address":"550 N BROAD ST","zip_code":"19130","accessibility_code":"F","parking_code":"N","gdb_geomattr_data":null,"objectid":203}},{"type":"Feature","geometry":{"type":"Point","coordinates":[-75.17772,39.952701]},"properties":{"ward":8,"division":33,"precinct":"0833","placename":"GREENFIELD SCHOOL","street_address":"2200 CHESTNUT ST","zip_code":"19103","accessibility_code":"M","parking_code":"N","gdb_geomattr_data":null,"objectid":204}},{"type":"Feature","geometry":{"type":"Point","coordinates":[-75.165331,39.946977]},"properties":{"ward":8,"division":34,"precinct":"0834","placename":"KIMMEL CENTER","street_address":"300 S BROAD ST","zip_code":"19102","accessibility_code":"F","parking_code":"L","gdb_geomattr_data":null,"objectid":205}},{"type":"Feature","geometry":{"type":"Point","coordinates":[-75.165331,39.946977]},"properties":{"ward":8,"division":35,"precinct":"0835","placename":"KIMMEL CENTER","street_address":"300 S BROAD ST","zip_code":"19102","accessibility_code":"F","parking_code":"L","gdb_geomattr_data":null,"objectid":206}},{"type":"Feature","geometry":{"type":"Point","coordinates":[-75.188877,40.066388]},"properties":{"ward":9,"division":1,"precinct":"0901","placename":"GRACE EPIPHANY CHURCH","street_address":"224 E GOWEN AVE","zip_code":"19119","accessibility_code":"M","parking_code":"L","gdb_geomattr_data":null,"objectid":207}},{"type":"Feature","geometry":{"type":"Point","coordinates":[-75.188877,40.066388]},"properties":{"ward":9,"division":2,"precinct":"0902","placename":"GRACE EPIPHANY CHURCH","street_address":"224 E GOWEN AVE","zip_code":"19119","accessibility_code":"M","parking_code":"L","gdb_geomattr_data":null,"objectid":208}},{"type":"Feature","geometry":{"type":"Point","coordinates":[-75.188877,40.066388]},"properties":{"ward":9,"division":3,"precinct":"0903","placename":"GRACE EPIPHANY CHURCH","street_address":"224 E GOWEN AVE","zip_code":"19119","accessibility_code":"M","parking_code":"L","gdb_geomattr_data":null,"objectid":209}},{"type":"Feature","geometry":{"type":"Point","coordinates":[-75.196159,40.068789]},"properties":{"ward":9,"division":4,"precinct":"0904","placename":"CHESTNUT HILL FRIENDS MEETING","street_address":"20 E MERMAID LN","zip_code":"19118","accessibility_code":"F","parking_code":"H","gdb_geomattr_data":null,"objectid":210}},{"type":"Feature","geometry":{"type":"Point","coordinates":[-75.196157,40.068786]},"properties":{"ward":9,"division":5,"precinct":"0905","placename":"CHESTNUT HILL FRIENDS MEETING","street_address":"20 E MERMAID LN","zip_code":"19118","accessibility_code":"F","parking_code":"H","gdb_geomattr_data":null,"objectid":211}},{"type":"Feature","geometry":{"type":"Point","coordinates":[-75.209394,40.078147]},"properties":{"ward":9,"division":6,"precinct":"0906","placename":"CHESTNUT HILL LIBRARY","street_address":"8711 GERMANTOWN AVE","zip_code":"19118","accessibility_code":"A","parking_code":"L","gdb_geomattr_data":null,"objectid":212}},{"type":"Feature","geometry":{"type":"Point","coordinates":[-75.208562,40.079531]},"properties":{"ward":9,"division":7,"precinct":"0907","placename":"ST PAULS EPISCOPAL CHURCH","street_address":"22 E CHESTNUT HILL AVE","zip_code":"19118","accessibility_code":"M","parking_code":"L","gdb_geomattr_data":null,"objectid":213}},{"type":"Feature","geometry":{"type":"Point","coordinates":[-75.208565,40.079531]},"properties":{"ward":9,"division":8,"precinct":"0908","placename":"ST PAULS EPISCOPAL CHURCH","street_address":"22 E CHESTNUT HILL AVE","zip_code":"19118","accessibility_code":"M","parking_code":"L","gdb_geomattr_data":null,"objectid":214}},{"type":"Feature","geometry":{"type":"Point","coordinates":[-75.207027,40.065802]},"properties":{"ward":9,"division":9,"precinct":"0909","placename":"ST MARTIN IN THE FIELDS CHURCH","street_address":"8000 ST MARTINS LN","zip_code":"19118","accessibility_code":"M","parking_code":"L","gdb_geomattr_data":null,"objectid":215}},{"type":"Feature","geometry":{"type":"Point","coordinates":[-75.207025,40.065801]},"properties":{"ward":9,"division":10,"precinct":"0910","placename":"ST MARTIN IN THE FIELDS CHURCH","street_address":"8000 ST MARTINS LN","zip_code":"19118","accessibility_code":"M","parking_code":"L","gdb_geomattr_data":null,"objectid":216}},{"type":"Feature","geometry":{"type":"Point","coordinates":[-75.207029,40.065801]},"properties":{"ward":9,"division":11,"precinct":"0911","placename":"ST MARTIN IN THE FIELDS CHURCH","street_address":"8000 ST MARTINS LN","zip_code":"19118","accessibility_code":"M","parking_code":"L","gdb_geomattr_data":null,"objectid":217}},{"type":"Feature","geometry":{"type":"Point","coordinates":[-75.191367,40.061526]},"properties":{"ward":9,"division":12,"precinct":"0912","placename":"LUTHERAN THEOLOGICAL SEMINARY","street_address":"7301 GERMANTOWN AVE","zip_code":"19119","accessibility_code":"F","parking_code":"H","gdb_geomattr_data":null,"objectid":218}},{"type":"Feature","geometry":{"type":"Point","coordinates":[-75.191353,40.061572]},"properties":{"ward":9,"division":13,"precinct":"0913","placename":"LUTHERAN THEOLOGICAL SEMINARY","street_address":"7301 GERMANTOWN AVE","zip_code":"19119","accessibility_code":"F","parking_code":"H","gdb_geomattr_data":null,"objectid":219}},{"type":"Feature","geometry":{"type":"Point","coordinates":[-75.194972,40.059641]},"properties":{"ward":9,"division":14,"precinct":"0914","placename":"HENRY HOUSTON SCHOOL","street_address":"7300 RURAL LN","zip_code":"19119","accessibility_code":"R","parking_code":"N","gdb_geomattr_data":null,"objectid":220}},{"type":"Feature","geometry":{"type":"Point","coordinates":[-75.203098,40.052086]},"properties":{"ward":9,"division":15,"precinct":"0915","placename":"ALLENS LANE ART CENTER","street_address":"601 W ALLENS LN","zip_code":"19119","accessibility_code":"F","parking_code":"L","gdb_geomattr_data":null,"objectid":221}},{"type":"Feature","geometry":{"type":"Point","coordinates":[-75.193234,40.075623]},"properties":{"ward":9,"division":16,"precinct":"0916","placename":"CHESTNUT HILL APARTMENTS","street_address":"7800-B STENTON AVE","zip_code":"19118","accessibility_code":"M","parking_code":"L","gdb_geomattr_data":null,"objectid":222}},{"type":"Feature","geometry":{"type":"Point","coordinates":[-75.196156,40.06879]},"properties":{"ward":9,"division":17,"precinct":"0917","placename":"CHESTNUT HILL FRIENDS MEETING","street_address":"20 E MERMAID LN","zip_code":"19118","accessibility_code":"F","parking_code":"H","gdb_geomattr_data":null,"objectid":223}},{"type":"Feature","geometry":{"type":"Point","coordinates":[-75.153554,40.064139]},"properties":{"ward":10,"division":1,"precinct":"1001","placename":"STOREFRONT [7180 OGONTZ AVE]","street_address":"7180 OGONTZ AVE","zip_code":"19138","accessibility_code":"M","parking_code":"N","gdb_geomattr_data":null,"objectid":224}},{"type":"Feature","geometry":{"type":"Point","coordinates":[-75.154082,40.068625]},"properties":{"ward":10,"division":2,"precinct":"1002","placename":"FAITH TEMPLE CHURCH","street_address":"7485 BRIAR RD","zip_code":"19138","accessibility_code":"M","parking_code":"L","gdb_geomattr_data":null,"objectid":225}},{"type":"Feature","geometry":{"type":"Point","coordinates":[-75.154233,40.068552]},"properties":{"ward":10,"division":3,"precinct":"1003","placename":"FAITH TEMPLE CHURCH","street_address":"7485 BRIAR RD","zip_code":"19138","accessibility_code":"M","parking_code":"L","gdb_geomattr_data":null,"objectid":226}},{"type":"Feature","geometry":{"type":"Point","coordinates":[-75.152698,40.064785]},"properties":{"ward":10,"division":4,"precinct":"1004","placename":"CONCERNED BLACK MEN","street_address":"7200 N 21ST ST","zip_code":"19138","accessibility_code":"M","parking_code":"N","gdb_geomattr_data":null,"objectid":227}},{"type":"Feature","geometry":{"type":"Point","coordinates":[-75.153547,40.06414]},"properties":{"ward":10,"division":5,"precinct":"1005","placename":"STOREFRONT [7180 OGONTZ AVE]","street_address":"7180 OGONTZ AVE","zip_code":"19138","accessibility_code":"M","parking_code":"N","gdb_geomattr_data":null,"objectid":228}},{"type":"Feature","geometry":{"type":"Point","coordinates":[-75.157299,40.062005]},"properties":{"ward":10,"division":6,"precinct":"1006","placename":"SIMONS RECREATION CENTER","street_address":"7200 WOOLSTON AVE","zip_code":"19138","accessibility_code":"M","parking_code":"H","gdb_geomattr_data":null,"objectid":229}},{"type":"Feature","geometry":{"type":"Point","coordinates":[-75.141726,40.055767]},"properties":{"ward":10,"division":7,"precinct":"1007","placename":"PILGRIM WESLEYAN CHURCH","street_address":"6700 N BROAD ST","zip_code":"19126","accessibility_code":"B","parking_code":"N","gdb_geomattr_data":null,"objectid":230}},{"type":"Feature","geometry":{"type":"Point","coordinates":[-75.152502,40.053775]},"properties":{"ward":10,"division":8,"precinct":"1008","placename":"BUILDING 21 SCHOOL","street_address":"6501 LIMEKILN PK","zip_code":"19138","accessibility_code":"M","parking_code":"N","gdb_geomattr_data":null,"objectid":231}},{"type":"Feature","geometry":{"type":"Point","coordinates":[-75.148723,40.05909]},"properties":{"ward":10,"division":9,"precinct":"1009","placename":"ROWEN SCHOOL","street_address":"6841 N 19TH ST","zip_code":"19126","accessibility_code":"M","parking_code":"L","gdb_geomattr_data":null,"objectid":232}},{"type":"Feature","geometry":{"type":"Point","coordinates":[-75.141726,40.055767]},"properties":{"ward":10,"division":10,"precinct":"1010","placename":"PILGRIM WESLEYAN CHURCH","street_address":"6700 N BROAD ST","zip_code":"19126","accessibility_code":"B","parking_code":"N","gdb_geomattr_data":null,"objectid":233}},{"type":"Feature","geometry":{"type":"Point","coordinates":[-75.141726,40.055767]},"properties":{"ward":10,"division":11,"precinct":"1011","placename":"PILGRIM WESLEYAN CHURCH","street_address":"6700 N BROAD ST","zip_code":"19126","accessibility_code":"B","parking_code":"N","gdb_geomattr_data":null,"objectid":234}},{"type":"Feature","geometry":{"type":"Point","coordinates":[-75.148723,40.05909]},"properties":{"ward":10,"division":12,"precinct":"1012","placename":"ROWEN SCHOOL","street_address":"6841 N 19TH ST","zip_code":"19126","accessibility_code":"M","parking_code":"L","gdb_geomattr_data":null,"objectid":235}},{"type":"Feature","geometry":{"type":"Point","coordinates":[-75.158434,40.067499]},"properties":{"ward":10,"division":13,"precinct":"1013","placename":"MASJIDULLAH MOSQUE","street_address":"7401 LIMEKILN PK","zip_code":"19138","accessibility_code":"F","parking_code":"H","gdb_geomattr_data":null,"objectid":236}},{"type":"Feature","geometry":{"type":"Point","coordinates":[-75.147666,40.064411]},"properties":{"ward":10,"division":14,"precinct":"1014","placename":"WRIGHTS BARBER SHOP","street_address":"1901 72ND AVE","zip_code":"19138","accessibility_code":"R","parking_code":"N","gdb_geomattr_data":null,"objectid":237}},{"type":"Feature","geometry":{"type":"Point","coordinates":[-75.152698,40.064785]},"properties":{"ward":10,"division":15,"precinct":"1015","placename":"CONCERNED BLACK MEN","street_address":"7200 N 21ST ST","zip_code":"19138","accessibility_code":"M","parking_code":"N","gdb_geomattr_data":null,"objectid":238}},{"type":"Feature","geometry":{"type":"Point","coordinates":[-75.156512,40.056494]},"properties":{"ward":10,"division":16,"precinct":"1016","placename":"EXCELSIOR SCHOOL OF PHILADELPHIA","street_address":"2111 EASTBURN AVE","zip_code":"19138","accessibility_code":"F","parking_code":"N","gdb_geomattr_data":null,"objectid":239}},{"type":"Feature","geometry":{"type":"Point","coordinates":[-75.148723,40.05909]},"properties":{"ward":10,"division":17,"precinct":"1017","placename":"ROWEN SCHOOL","street_address":"6841 N 19TH ST","zip_code":"19126","accessibility_code":"M","parking_code":"L","gdb_geomattr_data":null,"objectid":240}},{"type":"Feature","geometry":{"type":"Point","coordinates":[-75.157299,40.062005]},"properties":{"ward":10,"division":18,"precinct":"1018","placename":"SIMONS RECREATION CENTER","street_address":"7200 WOOLSTON AVE","zip_code":"19138","accessibility_code":"M","parking_code":"H","gdb_geomattr_data":null,"objectid":241}},{"type":"Feature","geometry":{"type":"Point","coordinates":[-75.157299,40.062005]},"properties":{"ward":10,"division":19,"precinct":"1019","placename":"SIMONS RECREATION CENTER","street_address":"7200 WOOLSTON AVE","zip_code":"19138","accessibility_code":"M","parking_code":"H","gdb_geomattr_data":null,"objectid":242}},{"type":"Feature","geometry":{"type":"Point","coordinates":[-75.1525,40.053773]},"properties":{"ward":10,"division":20,"precinct":"1020","placename":"BUILDING 21 SCHOOL","street_address":"6501 LIMEKILN PK","zip_code":"19138","accessibility_code":"M","parking_code":"N","gdb_geomattr_data":null,"objectid":243}},{"type":"Feature","geometry":{"type":"Point","coordinates":[-75.148723,40.05909]},"properties":{"ward":10,"division":21,"precinct":"1021","placename":"ROWEN SCHOOL","street_address":"6841 N 19TH ST","zip_code":"19126","accessibility_code":"M","parking_code":"L","gdb_geomattr_data":null,"objectid":244}},{"type":"Feature","geometry":{"type":"Point","coordinates":[-75.153552,40.064146]},"properties":{"ward":10,"division":22,"precinct":"1022","placename":"STOREFRONT [7180 OGONTZ AVE]","street_address":"7180 OGONTZ AVE","zip_code":"19138","accessibility_code":"M","parking_code":"N","gdb_geomattr_data":null,"objectid":245}},{"type":"Feature","geometry":{"type":"Point","coordinates":[-75.161102,40.062405]},"properties":{"ward":10,"division":23,"precinct":"1023","placename":"CONGREGATION TEMPLE BETHEL","street_address":"7350 LOWBER AVE","zip_code":"19138","accessibility_code":"F","parking_code":"L","gdb_geomattr_data":null,"objectid":246}},{"type":"Feature","geometry":{"type":"Point","coordinates":[-75.157299,40.062005]},"properties":{"ward":10,"division":24,"precinct":"1024","placename":"SIMONS RECREATION CENTER","street_address":"7200 WOOLSTON AVE","zip_code":"19138","accessibility_code":"M","parking_code":"H","gdb_geomattr_data":null,"objectid":247}},{"type":"Feature","geometry":{"type":"Point","coordinates":[-75.157299,40.062005]},"properties":{"ward":10,"division":25,"precinct":"1025","placename":"SIMONS RECREATION CENTER","street_address":"7200 WOOLSTON AVE","zip_code":"19138","accessibility_code":"M","parking_code":"H","gdb_geomattr_data":null,"objectid":248}},{"type":"Feature","geometry":{"type":"Point","coordinates":[-75.164553,40.059742]},"properties":{"ward":10,"division":26,"precinct":"1026","placename":"STOREFRONT [7163 STENTON AVE]","street_address":"7163 STENTON AVE","zip_code":"19138","accessibility_code":"M","parking_code":"N","gdb_geomattr_data":null,"objectid":249}},{"type":"Feature","geometry":{"type":"Point","coordinates":[-75.156507,40.056494]},"properties":{"ward":10,"division":27,"precinct":"1027","placename":"EXCELSIOR SCHOOL OF PHILADELPHIA","street_address":"2111 EASTBURN AVE","zip_code":"19138","accessibility_code":"F","parking_code":"N","gdb_geomattr_data":null,"objectid":250}},{"type":"Feature","geometry":{"type":"Point","coordinates":[-75.164543,40.059734]},"properties":{"ward":10,"division":28,"precinct":"1028","placename":"STOREFRONT [7163 STENTON AVE]","street_address":"7163 STENTON AVE","zip_code":"19138","accessibility_code":"M","parking_code":"N","gdb_geomattr_data":null,"objectid":251}},{"type":"Feature","geometry":{"type":"Point","coordinates":[-75.17046,40.065095]},"properties":{"ward":10,"division":29,"precinct":"1029","placename":"FINLEY RECREATION CENTER","street_address":"7701 MANSFIELD AVE","zip_code":"19150","accessibility_code":"M","parking_code":"L","gdb_geomattr_data":null,"objectid":252}},{"type":"Feature","geometry":{"type":"Point","coordinates":[-75.160559,39.997451]},"properties":{"ward":11,"division":1,"precinct":"1101","placename":"CATHEDRAL OF FAITH BAPTIST CHURCH","street_address":"1800 W CAMBRIA ST","zip_code":"19132","accessibility_code":"M","parking_code":"L","gdb_geomattr_data":null,"objectid":253}},{"type":"Feature","geometry":{"type":"Point","coordinates":[-75.167133,39.997109]},"properties":{"ward":11,"division":2,"precinct":"1102","placename":"NORTH PHILADELPHIA MUNICIPAL SERVICES CENTER","street_address":"2761 N 22ND ST","zip_code":"19132","accessibility_code":"F","parking_code":"N","gdb_geomattr_data":null,"objectid":254}},{"type":"Feature","geometry":{"type":"Point","coordinates":[-75.160747,40.002283]},"properties":{"ward":11,"division":3,"precinct":"1103","placename":"APARTMENTS AT ALLEGHENY","street_address":"1900 W ALLEGHENY AVE","zip_code":"19132","accessibility_code":"A","parking_code":"L","gdb_geomattr_data":null,"objectid":255}},{"type":"Feature","geometry":{"type":"Point","coordinates":[-75.15208,40.008126]},"properties":{"ward":11,"division":4,"precinct":"1104","placename":"ZION BAPTIST CHURCH","street_address":"3600 N BROAD ST","zip_code":"19140","accessibility_code":"M","parking_code":"L","gdb_geomattr_data":null,"objectid":256}},{"type":"Feature","geometry":{"type":"Point","coordinates":[-75.152083,40.008134]},"properties":{"ward":11,"division":5,"precinct":"1105","placename":"ZION BAPTIST CHURCH","street_address":"3600 N BROAD ST","zip_code":"19140","accessibility_code":"M","parking_code":"L","gdb_geomattr_data":null,"objectid":257}},{"type":"Feature","geometry":{"type":"Point","coordinates":[-75.160741,40.002358]},"properties":{"ward":11,"division":6,"precinct":"1106","placename":"APARTMENTS AT ALLEGHENY","street_address":"1900 W ALLEGHENY AVE","zip_code":"19132","accessibility_code":"A","parking_code":"L","gdb_geomattr_data":null,"objectid":258}},{"type":"Feature","geometry":{"type":"Point","coordinates":[-75.167129,39.997116]},"properties":{"ward":11,"division":7,"precinct":"1107","placename":"NORTH PHILADELPHIA MUNICIPAL SERVICES CENTER","street_address":"2761 N 22ND ST","zip_code":"19132","accessibility_code":"F","parking_code":"N","gdb_geomattr_data":null,"objectid":259}},{"type":"Feature","geometry":{"type":"Point","coordinates":[-75.160739,40.002357]},"properties":{"ward":11,"division":8,"precinct":"1108","placename":"APARTMENTS AT ALLEGHENY","street_address":"1900 W ALLEGHENY AVE","zip_code":"19132","accessibility_code":"A","parking_code":"L","gdb_geomattr_data":null,"objectid":260}},{"type":"Feature","geometry":{"type":"Point","coordinates":[-75.154907,40.007183]},"properties":{"ward":11,"division":9,"precinct":"1109","placename":"TIOGA PRESBYTERIAN SENIOR HOME","street_address":"1531 W TIOGA ST","zip_code":"19140","accessibility_code":"F","parking_code":"L","gdb_geomattr_data":null,"objectid":261}},{"type":"Feature","geometry":{"type":"Point","coordinates":[-75.159593,40.007233]},"properties":{"ward":11,"division":10,"precinct":"1110","placename":"TIOGA ARMS APARTMENTS","street_address":"1828 W TIOGA ST","zip_code":"19140","accessibility_code":"A","parking_code":"N","gdb_geomattr_data":null,"objectid":262}},{"type":"Feature","geometry":{"type":"Point","coordinates":[-75.164427,39.998143]},"properties":{"ward":11,"division":11,"precinct":"1111","placename":"WOODSTOCK HOMES COMMUNITY ROOM","street_address":"2829 N LAMBERT ST","zip_code":"19132","accessibility_code":"M","parking_code":"L","gdb_geomattr_data":null,"objectid":263}},{"type":"Feature","geometry":{"type":"Point","coordinates":[-75.161411,40.006426]},"properties":{"ward":11,"division":12,"precinct":"1112","placename":"JEROME BROWN RECREATION CENTER","street_address":"1919-1941 W ONTARIO ST","zip_code":"19140","accessibility_code":"F","parking_code":"L","gdb_geomattr_data":null,"objectid":264}},{"type":"Feature","geometry":{"type":"Point","coordinates":[-75.160742,40.002358]},"properties":{"ward":11,"division":13,"precinct":"1113","placename":"APARTMENTS AT ALLEGHENY","street_address":"1900 W ALLEGHENY AVE","zip_code":"19132","accessibility_code":"A","parking_code":"L","gdb_geomattr_data":null,"objectid":265}},{"type":"Feature","geometry":{"type":"Point","coordinates":[-75.167289,40.004284]},"properties":{"ward":11,"division":14,"precinct":"1114","placename":"ALLEGHENY BUSINESS CENTER","street_address":"2233 W ALLEGHENY AVE","zip_code":"19132","accessibility_code":"B","parking_code":"N","gdb_geomattr_data":null,"objectid":266}},{"type":"Feature","geometry":{"type":"Point","coordinates":[-75.164846,40.00969]},"properties":{"ward":11,"division":15,"precinct":"1115","placename":"VENANGO HOUSE","street_address":"2104 W VENANGO ST","zip_code":"19140","accessibility_code":"F","parking_code":"L","gdb_geomattr_data":null,"objectid":267}},{"type":"Feature","geometry":{"type":"Point","coordinates":[-75.164851,40.00969]},"properties":{"ward":11,"division":16,"precinct":"1116","placename":"VENANGO HOUSE","street_address":"2104 W VENANGO ST","zip_code":"19140","accessibility_code":"F","parking_code":"L","gdb_geomattr_data":null,"objectid":268}},{"type":"Feature","geometry":{"type":"Point","coordinates":[-75.161411,40.006426]},"properties":{"ward":11,"division":17,"precinct":"1117","placename":"JEROME BROWN RECREATION CENTER","street_address":"1919-1941 W ONTARIO ST","zip_code":"19140","accessibility_code":"F","parking_code":"L","gdb_geomattr_data":null,"objectid":269}},{"type":"Feature","geometry":{"type":"Point","coordinates":[-75.160741,40.002354]},"properties":{"ward":11,"division":18,"precinct":"1118","placename":"APARTMENTS AT ALLEGHENY","street_address":"1900 W ALLEGHENY AVE","zip_code":"19132","accessibility_code":"A","parking_code":"L","gdb_geomattr_data":null,"objectid":270}},{"type":"Feature","geometry":{"type":"Point","coordinates":[-75.164427,39.998145]},"properties":{"ward":11,"division":19,"precinct":"1119","placename":"WOODSTOCK HOMES COMMUNITY ROOM","street_address":"2829 N LAMBERT ST","zip_code":"19132","accessibility_code":"M","parking_code":"L","gdb_geomattr_data":null,"objectid":271}},{"type":"Feature","geometry":{"type":"Point","coordinates":[-75.167124,39.997109]},"properties":{"ward":11,"division":20,"precinct":"1120","placename":"NORTH PHILADELPHIA MUNICIPAL SERVICES CENTER","street_address":"2761 N 22ND ST","zip_code":"19132","accessibility_code":"F","parking_code":"N","gdb_geomattr_data":null,"objectid":272}},{"type":"Feature","geometry":{"type":"Point","coordinates":[-75.160262,40.049984]},"properties":{"ward":12,"division":1,"precinct":"1201","placename":"LONNIE YOUNG RECREATION CENTER","street_address":"1100 E CHELTEN AVE","zip_code":"19138","accessibility_code":"A","parking_code":"L","gdb_geomattr_data":null,"objectid":273}},{"type":"Feature","geometry":{"type":"Point","coordinates":[-75.161711,40.048397]},"properties":{"ward":12,"division":2,"precinct":"1202","placename":"MASTERY PASTORIUS CHARTER SCHOOL","street_address":"5650 SPRAGUE ST","zip_code":"19138","accessibility_code":"R","parking_code":"N","gdb_geomattr_data":null,"objectid":274}},{"type":"Feature","geometry":{"type":"Point","coordinates":[-75.161705,40.048397]},"properties":{"ward":12,"division":3,"precinct":"1203","placename":"MASTERY PASTORIUS CHARTER SCHOOL","street_address":"5650 SPRAGUE ST","zip_code":"19138","accessibility_code":"R","parking_code":"N","gdb_geomattr_data":null,"objectid":275}},{"type":"Feature","geometry":{"type":"Point","coordinates":[-75.163961,40.045659]},"properties":{"ward":12,"division":4,"precinct":"1204","placename":"HAITIAN EVANGELICAL BAPTIST CHURCH","street_address":"814 E CHELTEN AVE","zip_code":"19138","accessibility_code":"F","parking_code":"N","gdb_geomattr_data":null,"objectid":276}},{"type":"Feature","geometry":{"type":"Point","coordinates":[-75.163961,40.045659]},"properties":{"ward":12,"division":5,"precinct":"1205","placename":"HAITIAN EVANGELICAL BAPTIST CHURCH","street_address":"814 E CHELTEN AVE","zip_code":"19138","accessibility_code":"F","parking_code":"N","gdb_geomattr_data":null,"objectid":277}},{"type":"Feature","geometry":{"type":"Point","coordinates":[-75.163961,40.045659]},"properties":{"ward":12,"division":6,"precinct":"1206","placename":"HAITIAN EVANGELICAL BAPTIST CHURCH","street_address":"814 E CHELTEN AVE","zip_code":"19138","accessibility_code":"F","parking_code":"N","gdb_geomattr_data":null,"objectid":278}},{"type":"Feature","geometry":{"type":"Point","coordinates":[-75.163961,40.045659]},"properties":{"ward":12,"division":7,"precinct":"1207","placename":"HAITIAN EVANGELICAL BAPTIST CHURCH","street_address":"814 E CHELTEN AVE","zip_code":"19138","accessibility_code":"F","parking_code":"N","gdb_geomattr_data":null,"objectid":279}},{"type":"Feature","geometry":{"type":"Point","coordinates":[-75.172427,40.02516]},"properties":{"ward":12,"division":8,"precinct":"1208","placename":"J B KELLY SCHOOL","street_address":"5116 PULASKI AVE","zip_code":"19144","accessibility_code":"R","parking_code":"L","gdb_geomattr_data":null,"objectid":280}},{"type":"Feature","geometry":{"type":"Point","coordinates":[-75.169533,40.033112]},"properties":{"ward":12,"division":9,"precinct":"1209","placename":"HOLSEY TEMPLE","street_address":"5305 GERMANTOWN AVE","zip_code":"19144","accessibility_code":"M","parking_code":"N","gdb_geomattr_data":null,"objectid":281}},{"type":"Feature","geometry":{"type":"Point","coordinates":[-75.166494,40.033184]},"properties":{"ward":12,"division":10,"precinct":"1210","placename":"MASTERY WISTER CHARTER SCHOOL","street_address":"67 E BRINGHURST ST","zip_code":"19144","accessibility_code":"R","parking_code":"L","gdb_geomattr_data":null,"objectid":282}},{"type":"Feature","geometry":{"type":"Point","coordinates":[-75.175334,40.028762]},"properties":{"ward":12,"division":11,"precinct":"1211","placename":"ENON TABERNACLE BAPTIST CHURCH (WEST)","street_address":"230 W COULTER ST","zip_code":"19144","accessibility_code":"F","parking_code":"L","gdb_geomattr_data":null,"objectid":283}},{"type":"Feature","geometry":{"type":"Point","coordinates":[-75.160423,40.03241]},"properties":{"ward":12,"division":12,"precinct":"1212","placename":"WISTER RECREATION CENTER","street_address":"4971 BAYNTON ST","zip_code":"19144","accessibility_code":"M","parking_code":"L","gdb_geomattr_data":null,"objectid":284}},{"type":"Feature","geometry":{"type":"Point","coordinates":[-75.166494,40.033184]},"properties":{"ward":12,"division":13,"precinct":"1213","placename":"MASTERY WISTER CHARTER SCHOOL","street_address":"67 E BRINGHURST ST","zip_code":"19144","accessibility_code":"R","parking_code":"L","gdb_geomattr_data":null,"objectid":285}},{"type":"Feature","geometry":{"type":"Point","coordinates":[-75.160423,40.03241]},"properties":{"ward":12,"division":14,"precinct":"1214","placename":"WISTER RECREATION CENTER","street_address":"4971 BAYNTON ST","zip_code":"19144","accessibility_code":"M","parking_code":"L","gdb_geomattr_data":null,"objectid":286}},{"type":"Feature","geometry":{"type":"Point","coordinates":[-75.17602,40.03084]},"properties":{"ward":12,"division":15,"precinct":"1215","placename":"GERMANTOWN HOUSE (PHA)","street_address":"5457 WAYNE AVE","zip_code":"19144","accessibility_code":"A","parking_code":"H","gdb_geomattr_data":null,"objectid":287}},{"type":"Feature","geometry":{"type":"Point","coordinates":[-75.169522,40.03317]},"properties":{"ward":12,"division":16,"precinct":"1216","placename":"HOLSEY TEMPLE","street_address":"5305 GERMANTOWN AVE","zip_code":"19144","accessibility_code":"M","parking_code":"N","gdb_geomattr_data":null,"objectid":288}},{"type":"Feature","geometry":{"type":"Point","coordinates":[-75.165972,40.024444]},"properties":{"ward":12,"division":17,"precinct":"1217","placename":"HAPPY HOLLOW RECREATION CENTER","street_address":"4740 WAYNE AVE","zip_code":"19144","accessibility_code":"A","parking_code":"L","gdb_geomattr_data":null,"objectid":289}},{"type":"Feature","geometry":{"type":"Point","coordinates":[-75.172427,40.02516]},"properties":{"ward":12,"division":18,"precinct":"1218","placename":"J B KELLY SCHOOL","street_address":"5116 PULASKI AVE","zip_code":"19144","accessibility_code":"R","parking_code":"L","gdb_geomattr_data":null,"objectid":290}},{"type":"Feature","geometry":{"type":"Point","coordinates":[-75.165972,40.024444]},"properties":{"ward":12,"division":19,"precinct":"1219","placename":"HAPPY HOLLOW RECREATION CENTER","street_address":"4740 WAYNE AVE","zip_code":"19144","accessibility_code":"A","parking_code":"L","gdb_geomattr_data":null,"objectid":291}},{"type":"Feature","geometry":{"type":"Point","coordinates":[-75.165972,40.024444]},"properties":{"ward":12,"division":20,"precinct":"1220","placename":"HAPPY HOLLOW RECREATION CENTER","street_address":"4740 WAYNE AVE","zip_code":"19144","accessibility_code":"A","parking_code":"L","gdb_geomattr_data":null,"objectid":292}},{"type":"Feature","geometry":{"type":"Point","coordinates":[-75.165972,40.024444]},"properties":{"ward":12,"division":21,"precinct":"1221","placename":"HAPPY HOLLOW RECREATION CENTER","street_address":"4740 WAYNE AVE","zip_code":"19144","accessibility_code":"A","parking_code":"L","gdb_geomattr_data":null,"objectid":293}},{"type":"Feature","geometry":{"type":"Point","coordinates":[-75.177844,40.028725]},"properties":{"ward":12,"division":22,"precinct":"1222","placename":"CANAAN BAPTIST CHURCH","street_address":"5430 PULASKI AVE","zip_code":"19144","accessibility_code":"M","parking_code":"L","gdb_geomattr_data":null,"objectid":294}},{"type":"Feature","geometry":{"type":"Point","coordinates":[-75.177844,40.028725]},"properties":{"ward":12,"division":23,"precinct":"1223","placename":"CANAAN BAPTIST CHURCH","street_address":"5430 PULASKI AVE","zip_code":"19144","accessibility_code":"M","parking_code":"L","gdb_geomattr_data":null,"objectid":295}},{"type":"Feature","geometry":{"type":"Point","coordinates":[-75.175634,40.026936]},"properties":{"ward":12,"division":24,"precinct":"1224","placename":"QUEEN LANE APTS COMMUNITY CENTER (PHA)","street_address":"324-A W PENN ST","zip_code":"19144","accessibility_code":"M","parking_code":"N","gdb_geomattr_data":null,"objectid":296}},{"type":"Feature","geometry":{"type":"Point","coordinates":[-75.172427,40.02516]},"properties":{"ward":13,"division":1,"precinct":"1301","placename":"J B KELLY SCHOOL","street_address":"5116 PULASKI AVE","zip_code":"19144","accessibility_code":"R","parking_code":"L","gdb_geomattr_data":null,"objectid":297}},{"type":"Feature","geometry":{"type":"Point","coordinates":[-75.165972,40.024444]},"properties":{"ward":13,"division":2,"precinct":"1302","placename":"HAPPY HOLLOW RECREATION CENTER","street_address":"4740 WAYNE AVE","zip_code":"19144","accessibility_code":"A","parking_code":"L","gdb_geomattr_data":null,"objectid":298}},{"type":"Feature","geometry":{"type":"Point","coordinates":[-75.165972,40.024444]},"properties":{"ward":13,"division":3,"precinct":"1303","placename":"HAPPY HOLLOW RECREATION CENTER","street_address":"4740 WAYNE AVE","zip_code":"19144","accessibility_code":"A","parking_code":"L","gdb_geomattr_data":null,"objectid":299}},{"type":"Feature","geometry":{"type":"Point","coordinates":[-75.172427,40.02516]},"properties":{"ward":13,"division":4,"precinct":"1304","placename":"J B KELLY SCHOOL","street_address":"5116 PULASKI AVE","zip_code":"19144","accessibility_code":"R","parking_code":"L","gdb_geomattr_data":null,"objectid":300}},{"type":"Feature","geometry":{"type":"Point","coordinates":[-75.172427,40.02516]},"properties":{"ward":13,"division":5,"precinct":"1305","placename":"J B KELLY SCHOOL","street_address":"5116 PULASKI AVE","zip_code":"19144","accessibility_code":"R","parking_code":"L","gdb_geomattr_data":null,"objectid":301}},{"type":"Feature","geometry":{"type":"Point","coordinates":[-75.156779,40.020354]},"properties":{"ward":13,"division":6,"precinct":"1306","placename":"NICETOWN COURT","street_address":"4340 GERMANTOWN AVE","zip_code":"19140","accessibility_code":"F","parking_code":"H","gdb_geomattr_data":null,"objectid":302}},{"type":"Feature","geometry":{"type":"Point","coordinates":[-75.156779,40.020354]},"properties":{"ward":13,"division":7,"precinct":"1307","placename":"NICETOWN COURT","street_address":"4340 GERMANTOWN AVE","zip_code":"19140","accessibility_code":"F","parking_code":"H","gdb_geomattr_data":null,"objectid":303}},{"type":"Feature","geometry":{"type":"Point","coordinates":[-75.156779,40.020354]},"properties":{"ward":13,"division":8,"precinct":"1308","placename":"NICETOWN COURT","street_address":"4340 GERMANTOWN AVE","zip_code":"19140","accessibility_code":"F","parking_code":"H","gdb_geomattr_data":null,"objectid":304}},{"type":"Feature","geometry":{"type":"Point","coordinates":[-75.152877,40.024434]},"properties":{"ward":13,"division":9,"precinct":"1309","placename":"STENTON PARK RECREATION CENTER","street_address":"4600 N 16TH ST","zip_code":"19140","accessibility_code":"A","parking_code":"N","gdb_geomattr_data":null,"objectid":305}},{"type":"Feature","geometry":{"type":"Point","coordinates":[-75.152877,40.024434]},"properties":{"ward":13,"division":10,"precinct":"1310","placename":"STENTON PARK RECREATION CENTER","street_address":"4600 N 16TH ST","zip_code":"19140","accessibility_code":"A","parking_code":"N","gdb_geomattr_data":null,"objectid":306}},{"type":"Feature","geometry":{"type":"Point","coordinates":[-75.152877,40.024434]},"properties":{"ward":13,"division":11,"precinct":"1311","placename":"STENTON PARK RECREATION CENTER","street_address":"4600 N 16TH ST","zip_code":"19140","accessibility_code":"A","parking_code":"N","gdb_geomattr_data":null,"objectid":307}},{"type":"Feature","geometry":{"type":"Point","coordinates":[-75.152877,40.024434]},"properties":{"ward":13,"division":12,"precinct":"1312","placename":"STENTON PARK RECREATION CENTER","street_address":"4600 N 16TH ST","zip_code":"19140","accessibility_code":"A","parking_code":"N","gdb_geomattr_data":null,"objectid":308}},{"type":"Feature","geometry":{"type":"Point","coordinates":[-75.152877,40.024434]},"properties":{"ward":13,"division":13,"precinct":"1313","placename":"STENTON PARK RECREATION CENTER","street_address":"4600 N 16TH ST","zip_code":"19140","accessibility_code":"A","parking_code":"N","gdb_geomattr_data":null,"objectid":309}},{"type":"Feature","geometry":{"type":"Point","coordinates":[-75.15436,40.015584]},"properties":{"ward":13,"division":14,"precinct":"1314","placename":"TRIUMPH BAPTIST CHURCH","street_address":"1648 W HUNTING PARK AVE","zip_code":"19140","accessibility_code":"M","parking_code":"N","gdb_geomattr_data":null,"objectid":310}},{"type":"Feature","geometry":{"type":"Point","coordinates":[-75.15436,40.015584]},"properties":{"ward":13,"division":15,"precinct":"1315","placename":"TRIUMPH BAPTIST CHURCH","street_address":"1648 W HUNTING PARK AVE","zip_code":"19140","accessibility_code":"M","parking_code":"N","gdb_geomattr_data":null,"objectid":311}},{"type":"Feature","geometry":{"type":"Point","coordinates":[-75.15436,40.015584]},"properties":{"ward":13,"division":16,"precinct":"1316","placename":"TRIUMPH BAPTIST CHURCH","street_address":"1648 W HUNTING PARK AVE","zip_code":"19140","accessibility_code":"M","parking_code":"N","gdb_geomattr_data":null,"objectid":312}},{"type":"Feature","geometry":{"type":"Point","coordinates":[-75.15436,40.015584]},"properties":{"ward":13,"division":17,"precinct":"1317","placename":"TRIUMPH BAPTIST CHURCH","street_address":"1648 W HUNTING PARK AVE","zip_code":"19140","accessibility_code":"M","parking_code":"N","gdb_geomattr_data":null,"objectid":313}},{"type":"Feature","geometry":{"type":"Point","coordinates":[-75.155911,40.016093]},"properties":{"ward":13,"division":18,"precinct":"1318","placename":"OPPORTUNITY TOWERS","street_address":"1717 W HUNTING PARK AVE","zip_code":"19140","accessibility_code":"M","parking_code":"H","gdb_geomattr_data":null,"objectid":314}},{"type":"Feature","geometry":{"type":"Point","coordinates":[-75.164844,40.009692]},"properties":{"ward":13,"division":19,"precinct":"1319","placename":"PLYMOUTH HALL (PHA)","street_address":"2201 W VENANGO ST","zip_code":"19140","accessibility_code":"F","parking_code":"H","gdb_geomattr_data":null,"objectid":315}},{"type":"Feature","geometry":{"type":"Point","coordinates":[-75.158878,40.011375]},"properties":{"ward":13,"division":20,"precinct":"1320","placename":"MASTERY CLEVELAND CHARTER SCHOOL","street_address":"3701 N 19TH ST","zip_code":"19140","accessibility_code":"A","parking_code":"N","gdb_geomattr_data":null,"objectid":316}},{"type":"Feature","geometry":{"type":"Point","coordinates":[-75.158892,40.011364]},"properties":{"ward":13,"division":21,"precinct":"1321","placename":"MASTERY CLEVELAND CHARTER SCHOOL","street_address":"3701 N 19TH ST","zip_code":"19140","accessibility_code":"A","parking_code":"N","gdb_geomattr_data":null,"objectid":317}},{"type":"Feature","geometry":{"type":"Point","coordinates":[-75.15436,40.015584]},"properties":{"ward":13,"division":22,"precinct":"1322","placename":"TRIUMPH BAPTIST CHURCH","street_address":"1648 W HUNTING PARK AVE","zip_code":"19140","accessibility_code":"M","parking_code":"N","gdb_geomattr_data":null,"objectid":318}},{"type":"Feature","geometry":{"type":"Point","coordinates":[-75.151482,40.010162]},"properties":{"ward":13,"division":23,"precinct":"1323","placename":"NICETOWN TIOGA BRANCH LIBRARY","street_address":"3720 N BROAD ST","zip_code":"19140","accessibility_code":"F","parking_code":"L","gdb_geomattr_data":null,"objectid":319}},{"type":"Feature","geometry":{"type":"Point","coordinates":[-75.158892,40.01137]},"properties":{"ward":13,"division":24,"precinct":"1324","placename":"MASTERY CLEVELAND CHARTER SCHOOL","street_address":"3701 N 19TH ST","zip_code":"19140","accessibility_code":"A","parking_code":"N","gdb_geomattr_data":null,"objectid":320}},{"type":"Feature","geometry":{"type":"Point","coordinates":[-75.152171,40.008395]},"properties":{"ward":13,"division":25,"precinct":"1325","placename":"ZION BAPTIST CHURCH","street_address":"3600 N BROAD ST","zip_code":"19140","accessibility_code":"M","parking_code":"L","gdb_geomattr_data":null,"objectid":321}},{"type":"Feature","geometry":{"type":"Point","coordinates":[-75.154261,39.961455]},"properties":{"ward":14,"division":1,"precinct":"1401","placename":"ARTS & CRAFTS HOLDINGS","street_address":"990 SPRING GARDEN ST","zip_code":"19123","accessibility_code":"F","parking_code":"L","gdb_geomattr_data":null,"objectid":322}},{"type":"Feature","geometry":{"type":"Point","coordinates":[-75.152503,39.972508]},"properties":{"ward":14,"division":2,"precinct":"1402","placename":"HARRISON HOMES (PHA)","street_address":"1240 N 10TH ST","zip_code":"19122","accessibility_code":"F","parking_code":"L","gdb_geomattr_data":null,"objectid":323}},{"type":"Feature","geometry":{"type":"Point","coordinates":[-75.152502,39.972508]},"properties":{"ward":14,"division":3,"precinct":"1403","placename":"HARRISON HOMES (PHA)","street_address":"1240 N 10TH ST","zip_code":"19122","accessibility_code":"F","parking_code":"L","gdb_geomattr_data":null,"objectid":324}},{"type":"Feature","geometry":{"type":"Point","coordinates":[-75.157597,39.967158]},"properties":{"ward":14,"division":4,"precinct":"1404","placename":"GUILD HOUSE WEST","street_address":"1221 FAIRMOUNT AVE","zip_code":"19123","accessibility_code":"F","parking_code":"L","gdb_geomattr_data":null,"objectid":325}},{"type":"Feature","geometry":{"type":"Point","coordinates":[-75.155681,39.965966]},"properties":{"ward":14,"division":5,"precinct":"1405","placename":"GLADYS JACOBS APARTMENT BUILDING (PHA)","street_address":"1100 FAIRMOUNT AVE","zip_code":"19123","accessibility_code":"F","parking_code":"H","gdb_geomattr_data":null,"objectid":326}},{"type":"Feature","geometry":{"type":"Point","coordinates":[-75.151379,39.966434]},"properties":{"ward":14,"division":6,"precinct":"1406","placename":"EAST POPLAR RECREATION CENTER","street_address":"800 N 8TH ST","zip_code":"19123","accessibility_code":"M","parking_code":"N","gdb_geomattr_data":null,"objectid":327}},{"type":"Feature","geometry":{"type":"Point","coordinates":[-75.149088,39.97121]},"properties":{"ward":14,"division":7,"precinct":"1407","placename":"SOMERSET ACADEMY EARLY LEARNING CENTER","street_address":"719 W GIRARD AVE","zip_code":"19123","accessibility_code":"F","parking_code":"L","gdb_geomattr_data":null,"objectid":328}},{"type":"Feature","geometry":{"type":"Point","coordinates":[-75.155473,39.969198]},"properties":{"ward":14,"division":8,"precinct":"1408","placename":"STREET COMMUNITY CENTER (PHA)","street_address":"1100 POPLAR ST","zip_code":"19123","accessibility_code":"F","parking_code":"H","gdb_geomattr_data":null,"objectid":329}},{"type":"Feature","geometry":{"type":"Point","coordinates":[-75.15258,39.970193]},"properties":{"ward":14,"division":9,"precinct":"1409","placename":"KEEPING IT REAL CHRISTIAN FELLOWSHIP","street_address":"953 N 10TH ST","zip_code":"19123","accessibility_code":"B","parking_code":"L","gdb_geomattr_data":null,"objectid":330}},{"type":"Feature","geometry":{"type":"Point","coordinates":[-75.150641,39.962595]},"properties":{"ward":14,"division":10,"precinct":"1410","placename":"SPRING GARDEN APTS COMMUNITY ROOM (PHA)","street_address":"700 GREEN ST","zip_code":"19123","accessibility_code":"M","parking_code":"N","gdb_geomattr_data":null,"objectid":331}},{"type":"Feature","geometry":{"type":"Point","coordinates":[-75.148206,39.964489]},"properties":{"ward":14,"division":11,"precinct":"1411","placename":"KEARNEY SCHOOL","street_address":"601 FAIRMOUNT AVE","zip_code":"19123","accessibility_code":"F","parking_code":"N","gdb_geomattr_data":null,"objectid":332}},{"type":"Feature","geometry":{"type":"Point","coordinates":[-75.182718,39.974725]},"properties":{"ward":15,"division":1,"precinct":"1501","placename":"STOREFRONT [2820 W GIRARD AVE]","street_address":"2820 W GIRARD AVE","zip_code":"19130","accessibility_code":"M","parking_code":"N","gdb_geomattr_data":null,"objectid":333}},{"type":"Feature","geometry":{"type":"Point","coordinates":[-75.174353,39.970554]},"properties":{"ward":15,"division":2,"precinct":"1502","placename":"BACHE MARTIN SCHOOL","street_address":"2201 BROWN ST","zip_code":"19130","accessibility_code":"M","parking_code":"N","gdb_geomattr_data":null,"objectid":334}},{"type":"Feature","geometry":{"type":"Point","coordinates":[-75.167603,39.966088]},"properties":{"ward":15,"division":3,"precinct":"1503","placename":"CLEMENTE RECREATION CENTER","street_address":"1800 WALLACE ST","zip_code":"19130","accessibility_code":"F","parking_code":"N","gdb_geomattr_data":null,"objectid":335}},{"type":"Feature","geometry":{"type":"Point","coordinates":[-75.180752,39.96903]},"properties":{"ward":15,"division":4,"precinct":"1504","placename":"2601 PARKWAY CLUB ROOM","street_address":"2601 PENNSYLVANIA AVE","zip_code":"19130","accessibility_code":"F","parking_code":"L","gdb_geomattr_data":null,"objectid":336}},{"type":"Feature","geometry":{"type":"Point","coordinates":[-75.176578,39.969289]},"properties":{"ward":15,"division":5,"precinct":"1505","placename":"PARKWAY MEMORIAL VFW POST","street_address":"757 N 24TH ST","zip_code":"19130","accessibility_code":"A","parking_code":"N","gdb_geomattr_data":null,"objectid":337}},{"type":"Feature","geometry":{"type":"Point","coordinates":[-75.177807,39.966943]},"properties":{"ward":15,"division":6,"precinct":"1506","placename":"THE PHILADELPHIAN CONDOMINIUMS","street_address":"2401 PENNSYLVANIA AVE","zip_code":"19130","accessibility_code":"F","parking_code":"L","gdb_geomattr_data":null,"objectid":338}},{"type":"Feature","geometry":{"type":"Point","coordinates":[-75.16685,39.969008]},"properties":{"ward":15,"division":7,"precinct":"1507","placename":"FRANCISVILLE RECREATION CENTER","street_address":"1737 FRANCIS ST","zip_code":"19130","accessibility_code":"F","parking_code":"N","gdb_geomattr_data":null,"objectid":339}},{"type":"Feature","geometry":{"type":"Point","coordinates":[-75.176578,39.969289]},"properties":{"ward":15,"division":8,"precinct":"1508","placename":"PARKWAY MEMORIAL VFW POST","street_address":"757 N 24TH ST","zip_code":"19130","accessibility_code":"A","parking_code":"N","gdb_geomattr_data":null,"objectid":340}},{"type":"Feature","geometry":{"type":"Point","coordinates":[-75.174353,39.970554]},"properties":{"ward":15,"division":9,"precinct":"1509","placename":"BACHE MARTIN SCHOOL","street_address":"2201 BROWN ST","zip_code":"19130","accessibility_code":"M","parking_code":"N","gdb_geomattr_data":null,"objectid":341}},{"type":"Feature","geometry":{"type":"Point","coordinates":[-75.16685,39.969008]},"properties":{"ward":15,"division":10,"precinct":"1510","placename":"FRANCISVILLE RECREATION CENTER","street_address":"1737 FRANCIS ST","zip_code":"19130","accessibility_code":"F","parking_code":"N","gdb_geomattr_data":null,"objectid":342}},{"type":"Feature","geometry":{"type":"Point","coordinates":[-75.16685,39.969008]},"properties":{"ward":15,"division":11,"precinct":"1511","placename":"FRANCISVILLE RECREATION CENTER","street_address":"1737 FRANCIS ST","zip_code":"19130","accessibility_code":"F","parking_code":"N","gdb_geomattr_data":null,"objectid":343}},{"type":"Feature","geometry":{"type":"Point","coordinates":[-75.174353,39.970554]},"properties":{"ward":15,"division":12,"precinct":"1512","placename":"BACHE MARTIN SCHOOL","street_address":"2201 BROWN ST","zip_code":"19130","accessibility_code":"M","parking_code":"N","gdb_geomattr_data":null,"objectid":344}},{"type":"Feature","geometry":{"type":"Point","coordinates":[-75.174353,39.970554]},"properties":{"ward":15,"division":13,"precinct":"1513","placename":"BACHE MARTIN SCHOOL","street_address":"2201 BROWN ST","zip_code":"19130","accessibility_code":"M","parking_code":"N","gdb_geomattr_data":null,"objectid":345}},{"type":"Feature","geometry":{"type":"Point","coordinates":[-75.174351,39.970546]},"properties":{"ward":15,"division":14,"precinct":"1514","placename":"BACHE MARTIN SCHOOL","street_address":"2201 BROWN ST","zip_code":"19130","accessibility_code":"M","parking_code":"N","gdb_geomattr_data":null,"objectid":346}},{"type":"Feature","geometry":{"type":"Point","coordinates":[-75.167578,39.966064]},"properties":{"ward":15,"division":15,"precinct":"1515","placename":"CLEMENTE RECREATION CENTER","street_address":"1800 WALLACE ST","zip_code":"19130","accessibility_code":"F","parking_code":"N","gdb_geomattr_data":null,"objectid":347}},{"type":"Feature","geometry":{"type":"Point","coordinates":[-75.169096,39.966812]},"properties":{"ward":15,"division":16,"precinct":"1516","placename":"ST ANDREWS LITHUANIAN CHURCH","street_address":"1911 WALLACE ST","zip_code":"19130","accessibility_code":"R","parking_code":"N","gdb_geomattr_data":null,"objectid":348}},{"type":"Feature","geometry":{"type":"Point","coordinates":[-75.169096,39.966812]},"properties":{"ward":15,"division":17,"precinct":"1517","placename":"ST ANDREWS LITHUANIAN CHURCH","street_address":"1911 WALLACE ST","zip_code":"19130","accessibility_code":"R","parking_code":"N","gdb_geomattr_data":null,"objectid":349}},{"type":"Feature","geometry":{"type":"Point","coordinates":[-75.174362,39.970546]},"properties":{"ward":15,"division":18,"precinct":"1518","placename":"BACHE MARTIN SCHOOL","street_address":"2201 BROWN ST","zip_code":"19130","accessibility_code":"M","parking_code":"N","gdb_geomattr_data":null,"objectid":350}},{"type":"Feature","geometry":{"type":"Point","coordinates":[-75.169096,39.966812]},"properties":{"ward":15,"division":19,"precinct":"1519","placename":"ST ANDREWS LITHUANIAN CHURCH","street_address":"1911 WALLACE ST","zip_code":"19130","accessibility_code":"R","parking_code":"N","gdb_geomattr_data":null,"objectid":351}},{"type":"Feature","geometry":{"type":"Point","coordinates":[-75.157654,39.989237]},"properties":{"ward":16,"division":1,"precinct":"1601","placename":"WINCHESTER RECREATION CENTER","street_address":"2332 N 15TH ST","zip_code":"19132","accessibility_code":"B","parking_code":"N","gdb_geomattr_data":null,"objectid":352}},{"type":"Feature","geometry":{"type":"Point","coordinates":[-75.157656,39.989237]},"properties":{"ward":16,"division":2,"precinct":"1602","placename":"WINCHESTER RECREATION CENTER","street_address":"2332 N 15TH ST","zip_code":"19132","accessibility_code":"B","parking_code":"N","gdb_geomattr_data":null,"objectid":353}},{"type":"Feature","geometry":{"type":"Point","coordinates":[-75.157654,39.989236]},"properties":{"ward":16,"division":3,"precinct":"1603","placename":"WINCHESTER RECREATION CENTER","street_address":"2332 N 15TH ST","zip_code":"19132","accessibility_code":"B","parking_code":"N","gdb_geomattr_data":null,"objectid":354}},{"type":"Feature","geometry":{"type":"Point","coordinates":[-75.157693,39.989303]},"properties":{"ward":16,"division":4,"precinct":"1604","placename":"WINCHESTER RECREATION CENTER","street_address":"2332 N 15TH ST","zip_code":"19132","accessibility_code":"B","parking_code":"N","gdb_geomattr_data":null,"objectid":355}},{"type":"Feature","geometry":{"type":"Point","coordinates":[-75.157693,39.989303]},"properties":{"ward":16,"division":5,"precinct":"1605","placename":"WINCHESTER RECREATION CENTER","street_address":"2332 N 15TH ST","zip_code":"19132","accessibility_code":"B","parking_code":"N","gdb_geomattr_data":null,"objectid":356}},{"type":"Feature","geometry":{"type":"Point","coordinates":[-75.163548,39.986482]},"properties":{"ward":16,"division":6,"precinct":"1606","placename":"CHURCH OF THE ADVOCATE GYM","street_address":"2121 N GRATZ ST","zip_code":"19121","accessibility_code":"M","parking_code":"L","gdb_geomattr_data":null,"objectid":357}},{"type":"Feature","geometry":{"type":"Point","coordinates":[-75.15845,39.988482]},"properties":{"ward":16,"division":7,"precinct":"1607","placename":"NIX & NIX EVENT CENTER","street_address":"1525 W DAUPHIN ST","zip_code":"19132","accessibility_code":"A","parking_code":"N","gdb_geomattr_data":null,"objectid":358}},{"type":"Feature","geometry":{"type":"Point","coordinates":[-75.15849,39.988542]},"properties":{"ward":16,"division":8,"precinct":"1608","placename":"NIX & NIX EVENT CENTER","street_address":"1525 W DAUPHIN ST","zip_code":"19132","accessibility_code":"A","parking_code":"N","gdb_geomattr_data":null,"objectid":359}},{"type":"Feature","geometry":{"type":"Point","coordinates":[-75.163545,39.98648]},"properties":{"ward":16,"division":9,"precinct":"1609","placename":"CHURCH OF THE ADVOCATE GYM","street_address":"2121 N GRATZ ST","zip_code":"19121","accessibility_code":"M","parking_code":"L","gdb_geomattr_data":null,"objectid":360}},{"type":"Feature","geometry":{"type":"Point","coordinates":[-75.163546,39.986478]},"properties":{"ward":16,"division":10,"precinct":"1610","placename":"CHURCH OF THE ADVOCATE GYM","street_address":"2121 N GRATZ ST","zip_code":"19121","accessibility_code":"M","parking_code":"L","gdb_geomattr_data":null,"objectid":361}},{"type":"Feature","geometry":{"type":"Point","coordinates":[-75.16355,39.986481]},"properties":{"ward":16,"division":11,"precinct":"1611","placename":"CHURCH OF THE ADVOCATE GYM","street_address":"2121 N GRATZ ST","zip_code":"19121","accessibility_code":"M","parking_code":"L","gdb_geomattr_data":null,"objectid":362}},{"type":"Feature","geometry":{"type":"Point","coordinates":[-75.167509,39.995255]},"properties":{"ward":16,"division":12,"precinct":"1612","placename":"DOBBINS TECHNICAL HIGH SCHOOL","street_address":"2150 W LEHIGH AVE","zip_code":"19132","accessibility_code":"F","parking_code":"N","gdb_geomattr_data":null,"objectid":363}},{"type":"Feature","geometry":{"type":"Point","coordinates":[-75.167499,39.995248]},"properties":{"ward":16,"division":13,"precinct":"1613","placename":"DOBBINS TECHNICAL HIGH SCHOOL","street_address":"2150 W LEHIGH AVE","zip_code":"19132","accessibility_code":"F","parking_code":"N","gdb_geomattr_data":null,"objectid":364}},{"type":"Feature","geometry":{"type":"Point","coordinates":[-75.171141,39.987801]},"properties":{"ward":16,"division":14,"precinct":"1614","placename":"RAYMOND ROSEN COMMUNITY CENTER (PHA)","street_address":"2301 W EDGLEY ST","zip_code":"19121","accessibility_code":"F","parking_code":"L","gdb_geomattr_data":null,"objectid":365}},{"type":"Feature","geometry":{"type":"Point","coordinates":[-75.171141,39.987801]},"properties":{"ward":16,"division":15,"precinct":"1615","placename":"RAYMOND ROSEN COMMUNITY CENTER (PHA)","street_address":"2301 W EDGLEY ST","zip_code":"19121","accessibility_code":"F","parking_code":"L","gdb_geomattr_data":null,"objectid":366}},{"type":"Feature","geometry":{"type":"Point","coordinates":[-75.171141,39.987801]},"properties":{"ward":16,"division":16,"precinct":"1616","placename":"RAYMOND ROSEN COMMUNITY CENTER (PHA)","street_address":"2301 W EDGLEY ST","zip_code":"19121","accessibility_code":"F","parking_code":"L","gdb_geomattr_data":null,"objectid":367}},{"type":"Feature","geometry":{"type":"Point","coordinates":[-75.167499,39.995233]},"properties":{"ward":16,"division":17,"precinct":"1617","placename":"DOBBINS TECHNICAL HIGH SCHOOL","street_address":"2150 W LEHIGH AVE","zip_code":"19132","accessibility_code":"F","parking_code":"N","gdb_geomattr_data":null,"objectid":368}},{"type":"Feature","geometry":{"type":"Point","coordinates":[-75.167518,39.995241]},"properties":{"ward":16,"division":18,"precinct":"1618","placename":"DOBBINS TECHNICAL HIGH SCHOOL","street_address":"2150 W LEHIGH AVE","zip_code":"19132","accessibility_code":"F","parking_code":"N","gdb_geomattr_data":null,"objectid":369}},{"type":"Feature","geometry":{"type":"Point","coordinates":[-75.149322,40.052602]},"properties":{"ward":17,"division":1,"precinct":"1701","placename":"MT AIRY CHURCH OF GOD IN CHRIST","street_address":"6401 OGONTZ AVE","zip_code":"19126","accessibility_code":"F","parking_code":"H","gdb_geomattr_data":null,"objectid":370}},{"type":"Feature","geometry":{"type":"Point","coordinates":[-75.149326,40.052604]},"properties":{"ward":17,"division":2,"precinct":"1702","placename":"MT AIRY CHURCH OF GOD IN CHRIST","street_address":"6401 OGONTZ AVE","zip_code":"19126","accessibility_code":"F","parking_code":"H","gdb_geomattr_data":null,"objectid":371}},{"type":"Feature","geometry":{"type":"Point","coordinates":[-75.149318,40.052605]},"properties":{"ward":17,"division":3,"precinct":"1703","placename":"MT AIRY CHURCH OF GOD IN CHRIST","street_address":"6401 OGONTZ AVE","zip_code":"19126","accessibility_code":"F","parking_code":"H","gdb_geomattr_data":null,"objectid":372}},{"type":"Feature","geometry":{"type":"Point","coordinates":[-75.149313,40.052604]},"properties":{"ward":17,"division":4,"precinct":"1704","placename":"MT AIRY CHURCH OF GOD IN CHRIST","street_address":"6401 OGONTZ AVE","zip_code":"19126","accessibility_code":"F","parking_code":"H","gdb_geomattr_data":null,"objectid":373}},{"type":"Feature","geometry":{"type":"Point","coordinates":[-75.148806,40.046818]},"properties":{"ward":17,"division":5,"precinct":"1705","placename":"G O S P COMMUNITY BUILDING","street_address":"6101 LIMEKILN PK","zip_code":"19141","accessibility_code":"M","parking_code":"L","gdb_geomattr_data":null,"objectid":374}},{"type":"Feature","geometry":{"type":"Point","coordinates":[-75.149232,40.052402]},"properties":{"ward":17,"division":6,"precinct":"1706","placename":"MT AIRY CHURCH OF GOD IN CHRIST","street_address":"6401 OGONTZ AVE","zip_code":"19126","accessibility_code":"F","parking_code":"H","gdb_geomattr_data":null,"objectid":375}},{"type":"Feature","geometry":{"type":"Point","coordinates":[-75.149232,40.052402]},"properties":{"ward":17,"division":7,"precinct":"1707","placename":"MT AIRY CHURCH OF GOD IN CHRIST","street_address":"6401 OGONTZ AVE","zip_code":"19126","accessibility_code":"F","parking_code":"H","gdb_geomattr_data":null,"objectid":376}},{"type":"Feature","geometry":{"type":"Point","coordinates":[-75.156001,40.047961]},"properties":{"ward":17,"division":8,"precinct":"1708","placename":"CORINTHIAN COMMUNITY & EDUCATION CENTER","street_address":"6100 N 21ST ST","zip_code":"19138","accessibility_code":"M","parking_code":"L","gdb_geomattr_data":null,"objectid":377}},{"type":"Feature","geometry":{"type":"Point","coordinates":[-75.155997,40.047956]},"properties":{"ward":17,"division":9,"precinct":"1709","placename":"CORINTHIAN COMMUNITY & EDUCATION CENTER","street_address":"6100 N 21ST ST","zip_code":"19138","accessibility_code":"M","parking_code":"L","gdb_geomattr_data":null,"objectid":378}},{"type":"Feature","geometry":{"type":"Point","coordinates":[-75.155994,40.047964]},"properties":{"ward":17,"division":10,"precinct":"1710","placename":"CORINTHIAN COMMUNITY & EDUCATION CENTER","street_address":"6100 N 21ST ST","zip_code":"19138","accessibility_code":"M","parking_code":"L","gdb_geomattr_data":null,"objectid":379}},{"type":"Feature","geometry":{"type":"Point","coordinates":[-75.148811,40.046818]},"properties":{"ward":17,"division":11,"precinct":"1711","placename":"G O S P COMMUNITY BUILDING","street_address":"6101 LIMEKILN PK","zip_code":"19141","accessibility_code":"M","parking_code":"L","gdb_geomattr_data":null,"objectid":380}},{"type":"Feature","geometry":{"type":"Point","coordinates":[-75.149314,40.052608]},"properties":{"ward":17,"division":12,"precinct":"1712","placename":"MT AIRY CHURCH OF GOD IN CHRIST","street_address":"6401 OGONTZ AVE","zip_code":"19126","accessibility_code":"F","parking_code":"H","gdb_geomattr_data":null,"objectid":381}},{"type":"Feature","geometry":{"type":"Point","coordinates":[-75.148808,40.046814]},"properties":{"ward":17,"division":13,"precinct":"1713","placename":"G O S P COMMUNITY BUILDING","street_address":"6101 LIMEKILN PK","zip_code":"19141","accessibility_code":"M","parking_code":"L","gdb_geomattr_data":null,"objectid":382}},{"type":"Feature","geometry":{"type":"Point","coordinates":[-75.148811,40.046816]},"properties":{"ward":17,"division":14,"precinct":"1714","placename":"G O S P COMMUNITY BUILDING","street_address":"6101 LIMEKILN PK","zip_code":"19141","accessibility_code":"M","parking_code":"L","gdb_geomattr_data":null,"objectid":383}},{"type":"Feature","geometry":{"type":"Point","coordinates":[-75.153822,40.044173]},"properties":{"ward":17,"division":15,"precinct":"1715","placename":"CHAMPLOST HOMES (PHA)","street_address":"1953 W NEDRO AVE","zip_code":"19120","accessibility_code":"F","parking_code":"L","gdb_geomattr_data":null,"objectid":384}},{"type":"Feature","geometry":{"type":"Point","coordinates":[-75.156442,40.042429]},"properties":{"ward":17,"division":16,"precinct":"1716","placename":"BELFIELD RECREATION CENTER","street_address":"2109 W CHEW AVE","zip_code":"19138","accessibility_code":"B","parking_code":"L","gdb_geomattr_data":null,"objectid":385}},{"type":"Feature","geometry":{"type":"Point","coordinates":[-75.156442,40.042429]},"properties":{"ward":17,"division":17,"precinct":"1717","placename":"BELFIELD RECREATION CENTER","street_address":"2109 W CHEW AVE","zip_code":"19138","accessibility_code":"B","parking_code":"L","gdb_geomattr_data":null,"objectid":386}},{"type":"Feature","geometry":{"type":"Point","coordinates":[-75.150875,40.043795]},"properties":{"ward":17,"division":18,"precinct":"1718","placename":"PENNELL SCHOOL","street_address":"1800-56 W NEDRO AVE","zip_code":"19120","accessibility_code":"M","parking_code":"L","gdb_geomattr_data":null,"objectid":387}},{"type":"Feature","geometry":{"type":"Point","coordinates":[-75.149663,40.042738]},"properties":{"ward":17,"division":19,"precinct":"1719","placename":"LOVE MISSIONARY BAPTIST CHURCH","street_address":"5801 OGONTZ AVE","zip_code":"19141","accessibility_code":"B","parking_code":"L","gdb_geomattr_data":null,"objectid":388}},{"type":"Feature","geometry":{"type":"Point","coordinates":[-75.145686,40.040841]},"properties":{"ward":17,"division":20,"precinct":"1720","placename":"SUFFOLK MANOR APARTMENTS BLDG H (PHA)","street_address":"1424 CLEARVIEW ST","zip_code":"19141","accessibility_code":"F","parking_code":"N","gdb_geomattr_data":null,"objectid":389}},{"type":"Feature","geometry":{"type":"Point","coordinates":[-75.147144,40.037647]},"properties":{"ward":17,"division":21,"precinct":"1721","placename":"WIDENER SCHOOL","street_address":"1500 W OLNEY AVE","zip_code":"19141","accessibility_code":"F","parking_code":"L","gdb_geomattr_data":null,"objectid":390}},{"type":"Feature","geometry":{"type":"Point","coordinates":[-75.147144,40.037647]},"properties":{"ward":17,"division":22,"precinct":"1722","placename":"WIDENER SCHOOL","street_address":"1500 W OLNEY AVE","zip_code":"19141","accessibility_code":"F","parking_code":"L","gdb_geomattr_data":null,"objectid":391}},{"type":"Feature","geometry":{"type":"Point","coordinates":[-75.147144,40.037647]},"properties":{"ward":17,"division":23,"precinct":"1723","placename":"WIDENER SCHOOL","street_address":"1500 W OLNEY AVE","zip_code":"19141","accessibility_code":"F","parking_code":"L","gdb_geomattr_data":null,"objectid":392}},{"type":"Feature","geometry":{"type":"Point","coordinates":[-75.156347,40.028923]},"properties":{"ward":17,"division":24,"precinct":"1724","placename":"PROVISION OF GRACE WORLD MISSION CHURCH","street_address":"1950 W ROCKLAND ST","zip_code":"19141","accessibility_code":"M","parking_code":"L","gdb_geomattr_data":null,"objectid":393}},{"type":"Feature","geometry":{"type":"Point","coordinates":[-75.156345,40.028919]},"properties":{"ward":17,"division":25,"precinct":"1725","placename":"PROVISION OF GRACE WORLD MISSION CHURCH","street_address":"1950 W ROCKLAND ST","zip_code":"19141","accessibility_code":"M","parking_code":"L","gdb_geomattr_data":null,"objectid":394}},{"type":"Feature","geometry":{"type":"Point","coordinates":[-75.145779,40.040851]},"properties":{"ward":17,"division":26,"precinct":"1726","placename":"SUFFOLK MANOR APARTMENTS BLDG H (PHA)","street_address":"1424 CLEARVIEW ST","zip_code":"19141","accessibility_code":"F","parking_code":"N","gdb_geomattr_data":null,"objectid":395}},{"type":"Feature","geometry":{"type":"Point","coordinates":[-75.150875,40.043795]},"properties":{"ward":17,"division":27,"precinct":"1727","placename":"PENNELL SCHOOL","street_address":"1800-56 W NEDRO AVE","zip_code":"19120","accessibility_code":"M","parking_code":"L","gdb_geomattr_data":null,"objectid":396}},{"type":"Feature","geometry":{"type":"Point","coordinates":[-75.156004,40.047961]},"properties":{"ward":17,"division":28,"precinct":"1728","placename":"CORINTHIAN COMMUNITY & EDUCATION CENTER","street_address":"6100 N 21ST ST","zip_code":"19138","accessibility_code":"M","parking_code":"L","gdb_geomattr_data":null,"objectid":397}},{"type":"Feature","geometry":{"type":"Point","coordinates":[-75.156347,40.028913]},"properties":{"ward":17,"division":29,"precinct":"1729","placename":"PROVISION OF GRACE WORLD MISSION CHURCH","street_address":"1950 W ROCKLAND ST","zip_code":"19141","accessibility_code":"M","parking_code":"L","gdb_geomattr_data":null,"objectid":398}},{"type":"Feature","geometry":{"type":"Point","coordinates":[-75.134752,39.97173]},"properties":{"ward":18,"division":1,"precinct":"1801","placename":"LUTHERAN SETTLEMENT HOUSE","street_address":"1340 FRANKFORD AVE","zip_code":"19125","accessibility_code":"F","parking_code":"H","gdb_geomattr_data":null,"objectid":399}},{"type":"Feature","geometry":{"type":"Point","coordinates":[-75.134752,39.97173]},"properties":{"ward":18,"division":2,"precinct":"1802","placename":"LUTHERAN SETTLEMENT HOUSE","street_address":"1340 FRANKFORD AVE","zip_code":"19125","accessibility_code":"F","parking_code":"H","gdb_geomattr_data":null,"objectid":400}},{"type":"Feature","geometry":{"type":"Point","coordinates":[-75.141402,39.983787]},"properties":{"ward":18,"division":3,"precinct":"1803","placename":"McKINLEY SCHOOL","street_address":"2101 N ORKNEY ST","zip_code":"19122","accessibility_code":"M","parking_code":"N","gdb_geomattr_data":null,"objectid":401}},{"type":"Feature","geometry":{"type":"Point","coordinates":[-75.130201,39.972903]},"properties":{"ward":18,"division":4,"precinct":"1804","placename":"ADAIRE SCHOOL","street_address":"1300 E PALMER ST","zip_code":"19125","accessibility_code":"M","parking_code":"N","gdb_geomattr_data":null,"objectid":402}},{"type":"Feature","geometry":{"type":"Point","coordinates":[-75.128167,39.972255]},"properties":{"ward":18,"division":5,"precinct":"1805","placename":"FISHTOWN RECREATION CENTER","street_address":"1202 E MONTGOMERY AVE","zip_code":"19125","accessibility_code":"F","parking_code":"N","gdb_geomattr_data":null,"objectid":403}},{"type":"Feature","geometry":{"type":"Point","coordinates":[-75.128167,39.972255]},"properties":{"ward":18,"division":6,"precinct":"1806","placename":"FISHTOWN RECREATION CENTER","street_address":"1202 E MONTGOMERY AVE","zip_code":"19125","accessibility_code":"F","parking_code":"N","gdb_geomattr_data":null,"objectid":404}},{"type":"Feature","geometry":{"type":"Point","coordinates":[-75.130201,39.972903]},"properties":{"ward":18,"division":7,"precinct":"1807","placename":"ADAIRE SCHOOL","street_address":"1300 E PALMER ST","zip_code":"19125","accessibility_code":"M","parking_code":"N","gdb_geomattr_data":null,"objectid":405}},{"type":"Feature","geometry":{"type":"Point","coordinates":[-75.141409,39.983787]},"properties":{"ward":18,"division":8,"precinct":"1808","placename":"McKINLEY SCHOOL","street_address":"2101 N ORKNEY ST","zip_code":"19122","accessibility_code":"M","parking_code":"N","gdb_geomattr_data":null,"objectid":406}},{"type":"Feature","geometry":{"type":"Point","coordinates":[-75.146896,39.970188]},"properties":{"ward":18,"division":9,"precinct":"1809","placename":"RODRIGUEZ BRANCH LIBRARY","street_address":"600 W GIRARD AVE","zip_code":"19123","accessibility_code":"B","parking_code":"N","gdb_geomattr_data":null,"objectid":407}},{"type":"Feature","geometry":{"type":"Point","coordinates":[-75.131059,39.976608]},"properties":{"ward":18,"division":10,"precinct":"1810","placename":"EVANGELICAL LUTHERAN CHURCH of the ATONEMENT","street_address":"1538-42 E MONTGOMERY AVE","zip_code":"19125","accessibility_code":"B","parking_code":"N","gdb_geomattr_data":null,"objectid":408}},{"type":"Feature","geometry":{"type":"Point","coordinates":[-75.131059,39.976609]},"properties":{"ward":18,"division":11,"precinct":"1811","placename":"EVANGELICAL LUTHERAN CHURCH of the ATONEMENT","street_address":"1538-42 E MONTGOMERY AVE","zip_code":"19125","accessibility_code":"B","parking_code":"N","gdb_geomattr_data":null,"objectid":409}},{"type":"Feature","geometry":{"type":"Point","coordinates":[-75.128167,39.972255]},"properties":{"ward":18,"division":12,"precinct":"1812","placename":"FISHTOWN RECREATION CENTER","street_address":"1202 E MONTGOMERY AVE","zip_code":"19125","accessibility_code":"F","parking_code":"N","gdb_geomattr_data":null,"objectid":410}},{"type":"Feature","geometry":{"type":"Point","coordinates":[-75.134961,39.981255]},"properties":{"ward":18,"division":13,"precinct":"1813","placename":"NORRIS SQUARE CHILD CARE CENTER","street_address":"2011 N MASCHER ST","zip_code":"19122","accessibility_code":"F","parking_code":"L","gdb_geomattr_data":null,"objectid":411}},{"type":"Feature","geometry":{"type":"Point","coordinates":[-75.134988,39.978893]},"properties":{"ward":18,"division":16,"precinct":"1816","placename":"TOWEY RECREATION CENTER","street_address":"1832 N HOWARD ST","zip_code":"19122","accessibility_code":"M","parking_code":"N","gdb_geomattr_data":null,"objectid":412}},{"type":"Feature","geometry":{"type":"Point","coordinates":[-75.134988,39.978893]},"properties":{"ward":18,"division":17,"precinct":"1817","placename":"TOWEY RECREATION CENTER","street_address":"1832 N HOWARD ST","zip_code":"19122","accessibility_code":"M","parking_code":"N","gdb_geomattr_data":null,"objectid":413}},{"type":"Feature","geometry":{"type":"Point","coordinates":[-75.137724,39.97277]},"properties":{"ward":18,"division":18,"precinct":"1818","placename":"HANCOCK RECREATION CENTER","street_address":"1401 N HANCOCK ST","zip_code":"19122","accessibility_code":"M","parking_code":"N","gdb_geomattr_data":null,"objectid":414}},{"type":"Feature","geometry":{"type":"Point","coordinates":[-75.135094,39.965615]},"properties":{"ward":18,"division":19,"precinct":"1819","placename":"THE FILLMORE MUSIC VENUE","street_address":"29 E ALLEN ST","zip_code":"19123","accessibility_code":"F","parking_code":"N","gdb_geomattr_data":null,"objectid":415}},{"type":"Feature","geometry":{"type":"Point","coordinates":[-75.138034,40.000592]},"properties":{"ward":19,"division":1,"precinct":"1901","placename":"RIVERA RECREATION CENTER","street_address":"3201 N 5TH ST","zip_code":"19140","accessibility_code":"F","parking_code":"L","gdb_geomattr_data":null,"objectid":416}},{"type":"Feature","geometry":{"type":"Point","coordinates":[-75.135435,40.002138]},"properties":{"ward":19,"division":2,"precinct":"1902","placename":"MUNOZ MARIN SCHOOL","street_address":"3300 N 3RD ST","zip_code":"19140","accessibility_code":"F","parking_code":"H","gdb_geomattr_data":null,"objectid":417}},{"type":"Feature","geometry":{"type":"Point","coordinates":[-75.135435,40.00214]},"properties":{"ward":19,"division":3,"precinct":"1903","placename":"MUNOZ MARIN SCHOOL","street_address":"3300 N 3RD ST","zip_code":"19140","accessibility_code":"F","parking_code":"H","gdb_geomattr_data":null,"objectid":418}},{"type":"Feature","geometry":{"type":"Point","coordinates":[-75.135429,40.002132]},"properties":{"ward":19,"division":4,"precinct":"1904","placename":"MUNOZ MARIN SCHOOL","street_address":"3300 N 3RD ST","zip_code":"19140","accessibility_code":"F","parking_code":"H","gdb_geomattr_data":null,"objectid":419}},{"type":"Feature","geometry":{"type":"Point","coordinates":[-75.14094,39.997426]},"properties":{"ward":19,"division":5,"precinct":"1905","placename":"POTTER THOMAS SCHOOL","street_address":"3001 N 6TH ST","zip_code":"19133","accessibility_code":"M","parking_code":"N","gdb_geomattr_data":null,"objectid":420}},{"type":"Feature","geometry":{"type":"Point","coordinates":[-75.13661,39.994035]},"properties":{"ward":19,"division":6,"precinct":"1906","placename":"CONGRESO EDUCATION & TRAINING CENTER","street_address":"2800 N AMERICAN ST","zip_code":"19133","accessibility_code":"F","parking_code":"H","gdb_geomattr_data":null,"objectid":421}},{"type":"Feature","geometry":{"type":"Point","coordinates":[-75.136603,39.99403]},"properties":{"ward":19,"division":7,"precinct":"1907","placename":"CONGRESO EDUCATION & TRAINING CENTER","street_address":"2800 N AMERICAN ST","zip_code":"19133","accessibility_code":"F","parking_code":"H","gdb_geomattr_data":null,"objectid":422}},{"type":"Feature","geometry":{"type":"Point","coordinates":[-75.140931,39.997422]},"properties":{"ward":19,"division":8,"precinct":"1908","placename":"POTTER THOMAS SCHOOL","street_address":"3001 N 6TH ST","zip_code":"19133","accessibility_code":"M","parking_code":"N","gdb_geomattr_data":null,"objectid":423}},{"type":"Feature","geometry":{"type":"Point","coordinates":[-75.138797,39.992621]},"properties":{"ward":19,"division":9,"precinct":"1909","placename":"DEBURGOS SCHOOL","street_address":"401 W LEHIGH AVE","zip_code":"19133","accessibility_code":"F","parking_code":"N","gdb_geomattr_data":null,"objectid":424}},{"type":"Feature","geometry":{"type":"Point","coordinates":[-75.134174,39.98668]},"properties":{"ward":19,"division":10,"precinct":"1910","placename":"GARAGE [2354 N MASCHER ST]","street_address":"2354 N MASCHER ST","zip_code":"19133","accessibility_code":"R","parking_code":"N","gdb_geomattr_data":null,"objectid":425}},{"type":"Feature","geometry":{"type":"Point","coordinates":[-75.132062,39.987693]},"properties":{"ward":19,"division":11,"precinct":"1911","placename":"HUNTER SCHOOL","street_address":"2400 N FRONT ST","zip_code":"19133","accessibility_code":"F","parking_code":"H","gdb_geomattr_data":null,"objectid":426}},{"type":"Feature","geometry":{"type":"Point","coordinates":[-75.135854,39.98386]},"properties":{"ward":19,"division":12,"precinct":"1912","placename":"NORRIS SQUARE UNITED PRESBYTERIAN CHURCH","street_address":"120 W SUSQUEHANNA AVE","zip_code":"19122","accessibility_code":"M","parking_code":"N","gdb_geomattr_data":null,"objectid":427}},{"type":"Feature","geometry":{"type":"Point","coordinates":[-75.139403,39.987007]},"properties":{"ward":19,"division":13,"precinct":"1913","placename":"WELSH SCHOOL","street_address":"2331 N 4TH ST","zip_code":"19133","accessibility_code":"F","parking_code":"L","gdb_geomattr_data":null,"objectid":428}},{"type":"Feature","geometry":{"type":"Point","coordinates":[-75.141398,39.98379]},"properties":{"ward":19,"division":14,"precinct":"1914","placename":"McKINLEY SCHOOL","street_address":"2101 N ORKNEY ST","zip_code":"19122","accessibility_code":"M","parking_code":"N","gdb_geomattr_data":null,"objectid":429}},{"type":"Feature","geometry":{"type":"Point","coordinates":[-75.141406,39.98379]},"properties":{"ward":19,"division":15,"precinct":"1915","placename":"McKINLEY SCHOOL","street_address":"2101 N ORKNEY ST","zip_code":"19122","accessibility_code":"M","parking_code":"N","gdb_geomattr_data":null,"objectid":430}},{"type":"Feature","geometry":{"type":"Point","coordinates":[-75.140343,39.991131]},"properties":{"ward":19,"division":16,"precinct":"1916","placename":"RIVERA DAYCARE CENTER","street_address":"2603 N 5TH ST","zip_code":"19133","accessibility_code":"M","parking_code":"N","gdb_geomattr_data":null,"objectid":431}},{"type":"Feature","geometry":{"type":"Point","coordinates":[-75.139404,39.987003]},"properties":{"ward":19,"division":17,"precinct":"1917","placename":"WELSH SCHOOL","street_address":"2331 N 4TH ST","zip_code":"19133","accessibility_code":"F","parking_code":"L","gdb_geomattr_data":null,"objectid":432}},{"type":"Feature","geometry":{"type":"Point","coordinates":[-75.139405,39.987009]},"properties":{"ward":19,"division":18,"precinct":"1918","placename":"WELSH SCHOOL","street_address":"2331 N 4TH ST","zip_code":"19133","accessibility_code":"F","parking_code":"L","gdb_geomattr_data":null,"objectid":433}},{"type":"Feature","geometry":{"type":"Point","coordinates":[-75.132066,39.987698]},"properties":{"ward":19,"division":19,"precinct":"1919","placename":"HUNTER SCHOOL","street_address":"2400 N FRONT ST","zip_code":"19133","accessibility_code":"F","parking_code":"H","gdb_geomattr_data":null,"objectid":434}},{"type":"Feature","geometry":{"type":"Point","coordinates":[-75.147792,39.978477]},"properties":{"ward":20,"division":1,"precinct":"2001","placename":"BROWN COMMUNITY CENTER","street_address":"1701 N 8TH ST","zip_code":"19122","accessibility_code":"M","parking_code":"H","gdb_geomattr_data":null,"objectid":435}},{"type":"Feature","geometry":{"type":"Point","coordinates":[-75.154071,39.977873]},"properties":{"ward":20,"division":2,"precinct":"2002","placename":"BRIGHT HOPE BAPTIST CHURCH","street_address":"1601 N 12TH ST","zip_code":"19122","accessibility_code":"F","parking_code":"H","gdb_geomattr_data":null,"objectid":436}},{"type":"Feature","geometry":{"type":"Point","coordinates":[-75.154071,39.977873]},"properties":{"ward":20,"division":3,"precinct":"2003","placename":"BRIGHT HOPE BAPTIST CHURCH","street_address":"1601 N 12TH ST","zip_code":"19122","accessibility_code":"F","parking_code":"H","gdb_geomattr_data":null,"objectid":437}},{"type":"Feature","geometry":{"type":"Point","coordinates":[-75.154071,39.977873]},"properties":{"ward":20,"division":4,"precinct":"2004","placename":"BRIGHT HOPE BAPTIST CHURCH","street_address":"1601 N 12TH ST","zip_code":"19122","accessibility_code":"F","parking_code":"H","gdb_geomattr_data":null,"objectid":438}},{"type":"Feature","geometry":{"type":"Point","coordinates":[-75.146525,39.982043]},"properties":{"ward":20,"division":5,"precinct":"2005","placename":"MIDTOWN PARISH UNITED METHODIST CHURCH","street_address":"700-718 W NORRIS ST","zip_code":"19122","accessibility_code":"A","parking_code":"N","gdb_geomattr_data":null,"objectid":439}},{"type":"Feature","geometry":{"type":"Point","coordinates":[-75.156976,39.975346]},"properties":{"ward":20,"division":6,"precinct":"2006","placename":"YORKTOWN ARMS","street_address":"1300 W JEFFERSON ST","zip_code":"19122","accessibility_code":"R","parking_code":"N","gdb_geomattr_data":null,"objectid":440}},{"type":"Feature","geometry":{"type":"Point","coordinates":[-75.152072,39.986352]},"properties":{"ward":20,"division":7,"precinct":"2007","placename":"PENROSE RECREATION CENTER","street_address":"1101 W SUSQUEHANNA AVE","zip_code":"19122","accessibility_code":"F","parking_code":"N","gdb_geomattr_data":null,"objectid":441}},{"type":"Feature","geometry":{"type":"Point","coordinates":[-75.146525,39.982043]},"properties":{"ward":20,"division":8,"precinct":"2008","placename":"MIDTOWN PARISH UNITED METHODIST CHURCH","street_address":"700-718 W NORRIS ST","zip_code":"19122","accessibility_code":"A","parking_code":"N","gdb_geomattr_data":null,"objectid":442}},{"type":"Feature","geometry":{"type":"Point","coordinates":[-75.148395,39.981056]},"properties":{"ward":20,"division":9,"precinct":"2009","placename":"NORRIS HOMES (PHA)","street_address":"809 W BERKS ST","zip_code":"19122","accessibility_code":"M","parking_code":"L","gdb_geomattr_data":null,"objectid":443}},{"type":"Feature","geometry":{"type":"Point","coordinates":[-75.146525,39.982043]},"properties":{"ward":20,"division":10,"precinct":"2010","placename":"MIDTOWN PARISH UNITED METHODIST CHURCH","street_address":"700-718 W NORRIS ST","zip_code":"19122","accessibility_code":"A","parking_code":"N","gdb_geomattr_data":null,"objectid":444}},{"type":"Feature","geometry":{"type":"Point","coordinates":[-75.154071,39.977873]},"properties":{"ward":20,"division":11,"precinct":"2011","placename":"BRIGHT HOPE BAPTIST CHURCH","street_address":"1601 N 12TH ST","zip_code":"19122","accessibility_code":"F","parking_code":"H","gdb_geomattr_data":null,"objectid":445}},{"type":"Feature","geometry":{"type":"Point","coordinates":[-75.211857,40.020052]},"properties":{"ward":21,"division":1,"precinct":"2101","placename":"PILGRIM CHURCH","street_address":"3815 TERRACE ST","zip_code":"19128","accessibility_code":"M","parking_code":"L","gdb_geomattr_data":null,"objectid":446}},{"type":"Feature","geometry":{"type":"Point","coordinates":[-75.211857,40.020052]},"properties":{"ward":21,"division":2,"precinct":"2102","placename":"PILGRIM CHURCH","street_address":"3815 TERRACE ST","zip_code":"19128","accessibility_code":"M","parking_code":"L","gdb_geomattr_data":null,"objectid":447}},{"type":"Feature","geometry":{"type":"Point","coordinates":[-75.221636,40.049767]},"properties":{"ward":21,"division":3,"precinct":"2103","placename":"SAUL HIGH SCHOOL","street_address":"7100 HENRY AVE","zip_code":"19128","accessibility_code":"F","parking_code":"L","gdb_geomattr_data":null,"objectid":448}},{"type":"Feature","geometry":{"type":"Point","coordinates":[-75.222233,40.023775]},"properties":{"ward":21,"division":4,"precinct":"2104","placename":"VENICE ISLAND RECREATION CENTER","street_address":"7 LOCK ST","zip_code":"19127","accessibility_code":"F","parking_code":"L","gdb_geomattr_data":null,"objectid":449}},{"type":"Feature","geometry":{"type":"Point","coordinates":[-75.238787,40.052004]},"properties":{"ward":21,"division":5,"precinct":"2105","placename":"SHAWMONT SCHOOL","street_address":"535 SHAWMONT AVE","zip_code":"19128","accessibility_code":"A","parking_code":"L","gdb_geomattr_data":null,"objectid":450}},{"type":"Feature","geometry":{"type":"Point","coordinates":[-75.224382,40.029083]},"properties":{"ward":21,"division":6,"precinct":"2106","placename":"NORTH LIGHT COMMUNITY CENTER","street_address":"175 GREEN LN","zip_code":"19127","accessibility_code":"B","parking_code":"L","gdb_geomattr_data":null,"objectid":451}},{"type":"Feature","geometry":{"type":"Point","coordinates":[-75.224382,40.029083]},"properties":{"ward":21,"division":7,"precinct":"2107","placename":"NORTH LIGHT COMMUNITY CENTER","street_address":"175 GREEN LN","zip_code":"19127","accessibility_code":"B","parking_code":"L","gdb_geomattr_data":null,"objectid":452}},{"type":"Feature","geometry":{"type":"Point","coordinates":[-75.228918,40.034197]},"properties":{"ward":21,"division":8,"precinct":"2108","placename":"HILLSIDE RECREATION CENTER","street_address":"201 FOUNTAIN ST","zip_code":"19128","accessibility_code":"B","parking_code":"L","gdb_geomattr_data":null,"objectid":453}},{"type":"Feature","geometry":{"type":"Point","coordinates":[-75.228918,40.034197]},"properties":{"ward":21,"division":9,"precinct":"2109","placename":"HILLSIDE RECREATION CENTER","street_address":"201 FOUNTAIN ST","zip_code":"19128","accessibility_code":"B","parking_code":"L","gdb_geomattr_data":null,"objectid":454}},{"type":"Feature","geometry":{"type":"Point","coordinates":[-75.211507,40.029111]},"properties":{"ward":21,"division":10,"precinct":"2110","placename":"KENDRICK RECREATION CENTER","street_address":"5822-24 RIDGE AVE","zip_code":"19128","accessibility_code":"M","parking_code":"N","gdb_geomattr_data":null,"objectid":455}},{"type":"Feature","geometry":{"type":"Point","coordinates":[-75.211511,40.029119]},"properties":{"ward":21,"division":11,"precinct":"2111","placename":"KENDRICK RECREATION CENTER","street_address":"5822-24 RIDGE AVE","zip_code":"19128","accessibility_code":"M","parking_code":"N","gdb_geomattr_data":null,"objectid":456}},{"type":"Feature","geometry":{"type":"Point","coordinates":[-75.224382,40.029083]},"properties":{"ward":21,"division":12,"precinct":"2112","placename":"NORTH LIGHT COMMUNITY CENTER","street_address":"175 GREEN LN","zip_code":"19127","accessibility_code":"B","parking_code":"L","gdb_geomattr_data":null,"objectid":457}},{"type":"Feature","geometry":{"type":"Point","coordinates":[-75.228918,40.034197]},"properties":{"ward":21,"division":13,"precinct":"2113","placename":"HILLSIDE RECREATION CENTER","street_address":"201 FOUNTAIN ST","zip_code":"19128","accessibility_code":"B","parking_code":"L","gdb_geomattr_data":null,"objectid":458}},{"type":"Feature","geometry":{"type":"Point","coordinates":[-75.206976,40.022883]},"properties":{"ward":21,"division":14,"precinct":"2114","placename":"COOK WISSAHICKON SCHOOL","street_address":"201 E SALAIGNAC ST","zip_code":"19128","accessibility_code":"F","parking_code":"L","gdb_geomattr_data":null,"objectid":459}},{"type":"Feature","geometry":{"type":"Point","coordinates":[-75.206976,40.022883]},"properties":{"ward":21,"division":15,"precinct":"2115","placename":"COOK WISSAHICKON SCHOOL","street_address":"201 E SALAIGNAC ST","zip_code":"19128","accessibility_code":"F","parking_code":"L","gdb_geomattr_data":null,"objectid":460}},{"type":"Feature","geometry":{"type":"Point","coordinates":[-75.206976,40.022883]},"properties":{"ward":21,"division":16,"precinct":"2116","placename":"COOK WISSAHICKON SCHOOL","street_address":"201 E SALAIGNAC ST","zip_code":"19128","accessibility_code":"F","parking_code":"L","gdb_geomattr_data":null,"objectid":461}},{"type":"Feature","geometry":{"type":"Point","coordinates":[-75.211514,40.029119]},"properties":{"ward":21,"division":17,"precinct":"2117","placename":"KENDRICK RECREATION CENTER","street_address":"5822-24 RIDGE AVE","zip_code":"19128","accessibility_code":"M","parking_code":"N","gdb_geomattr_data":null,"objectid":462}},{"type":"Feature","geometry":{"type":"Point","coordinates":[-75.211507,40.029119]},"properties":{"ward":21,"division":18,"precinct":"2118","placename":"KENDRICK RECREATION CENTER","street_address":"5822-24 RIDGE AVE","zip_code":"19128","accessibility_code":"M","parking_code":"N","gdb_geomattr_data":null,"objectid":463}},{"type":"Feature","geometry":{"type":"Point","coordinates":[-75.212818,40.033318]},"properties":{"ward":21,"division":19,"precinct":"2119","placename":"EPIC CHURCH ROXBOROUGH","street_address":"6035 RIDGE AVE","zip_code":"19128","accessibility_code":"M","parking_code":"L","gdb_geomattr_data":null,"objectid":464}},{"type":"Feature","geometry":{"type":"Point","coordinates":[-75.212818,40.033318]},"properties":{"ward":21,"division":20,"precinct":"2120","placename":"EPIC CHURCH ROXBOROUGH","street_address":"6035 RIDGE AVE","zip_code":"19128","accessibility_code":"M","parking_code":"L","gdb_geomattr_data":null,"objectid":465}},{"type":"Feature","geometry":{"type":"Point","coordinates":[-75.222927,40.037818]},"properties":{"ward":21,"division":21,"precinct":"2121","placename":"ROXBOROUGH HIGH SCHOOL","street_address":"6400 RIDGE AVE","zip_code":"19128","accessibility_code":"F","parking_code":"L","gdb_geomattr_data":null,"objectid":466}},{"type":"Feature","geometry":{"type":"Point","coordinates":[-75.222927,40.037818]},"properties":{"ward":21,"division":22,"precinct":"2122","placename":"ROXBOROUGH HIGH SCHOOL","street_address":"6400 RIDGE AVE","zip_code":"19128","accessibility_code":"F","parking_code":"L","gdb_geomattr_data":null,"objectid":467}},{"type":"Feature","geometry":{"type":"Point","coordinates":[-75.188605,40.023523]},"properties":{"ward":21,"division":23,"precinct":"2123","placename":"NEW BETHEL A.M.E. CHURCH OF GERMANTOWN","street_address":"3015 W SCHOOL HOUSE LN","zip_code":"19144","accessibility_code":"F","parking_code":"H","gdb_geomattr_data":null,"objectid":468}},{"type":"Feature","geometry":{"type":"Point","coordinates":[-75.189982,40.037732]},"properties":{"ward":21,"division":24,"precinct":"2124","placename":"LINGELBACH SCHOOL","street_address":"6340 WAYNE AVE","zip_code":"19144","accessibility_code":"F","parking_code":"L","gdb_geomattr_data":null,"objectid":469}},{"type":"Feature","geometry":{"type":"Point","coordinates":[-75.209866,40.029339]},"properties":{"ward":21,"division":25,"precinct":"2125","placename":"ROXBOROUGH MEMORIAL HOSPITAL","street_address":"5800 RIDGE AVE","zip_code":"19128","accessibility_code":"M","parking_code":"L","gdb_geomattr_data":null,"objectid":470}},{"type":"Feature","geometry":{"type":"Point","coordinates":[-75.209859,40.029342]},"properties":{"ward":21,"division":26,"precinct":"2126","placename":"ROXBOROUGH MEMORIAL HOSPITAL","street_address":"5800 RIDGE AVE","zip_code":"19128","accessibility_code":"M","parking_code":"L","gdb_geomattr_data":null,"objectid":471}},{"type":"Feature","geometry":{"type":"Point","coordinates":[-75.212818,40.033318]},"properties":{"ward":21,"division":27,"precinct":"2127","placename":"EPIC CHURCH ROXBOROUGH","street_address":"6035 RIDGE AVE","zip_code":"19128","accessibility_code":"M","parking_code":"L","gdb_geomattr_data":null,"objectid":472}},{"type":"Feature","geometry":{"type":"Point","coordinates":[-75.222927,40.037818]},"properties":{"ward":21,"division":28,"precinct":"2128","placename":"ROXBOROUGH HIGH SCHOOL","street_address":"6400 RIDGE AVE","zip_code":"19128","accessibility_code":"F","parking_code":"L","gdb_geomattr_data":null,"objectid":473}},{"type":"Feature","geometry":{"type":"Point","coordinates":[-75.225517,40.04125]},"properties":{"ward":21,"division":29,"precinct":"2129","placename":"SALVATION ARMY- ROXBOROUGH","street_address":"6730 RIDGE AVE","zip_code":"19128","accessibility_code":"M","parking_code":"L","gdb_geomattr_data":null,"objectid":474}},{"type":"Feature","geometry":{"type":"Point","coordinates":[-75.238787,40.052004]},"properties":{"ward":21,"division":30,"precinct":"2130","placename":"SHAWMONT SCHOOL","street_address":"535 SHAWMONT AVE","zip_code":"19128","accessibility_code":"A","parking_code":"L","gdb_geomattr_data":null,"objectid":475}},{"type":"Feature","geometry":{"type":"Point","coordinates":[-75.222927,40.037818]},"properties":{"ward":21,"division":31,"precinct":"2131","placename":"ROXBOROUGH HIGH SCHOOL","street_address":"6400 RIDGE AVE","zip_code":"19128","accessibility_code":"F","parking_code":"L","gdb_geomattr_data":null,"objectid":476}},{"type":"Feature","geometry":{"type":"Point","coordinates":[-75.221636,40.049767]},"properties":{"ward":21,"division":32,"precinct":"2132","placename":"SAUL HIGH SCHOOL","street_address":"7100 HENRY AVE","zip_code":"19128","accessibility_code":"F","parking_code":"L","gdb_geomattr_data":null,"objectid":477}},{"type":"Feature","geometry":{"type":"Point","coordinates":[-75.242029,40.064815]},"properties":{"ward":21,"division":33,"precinct":"2133","placename":"CATHEDRAL VILLAGE AUDITORIUM","street_address":"600 E CATHEDRAL RD","zip_code":"19128","accessibility_code":"F","parking_code":"L","gdb_geomattr_data":null,"objectid":478}},{"type":"Feature","geometry":{"type":"Point","coordinates":[-75.231395,40.069198]},"properties":{"ward":21,"division":34,"precinct":"2134","placename":"HOUSTON RECREATION CENTER","street_address":"900 GRAKYN LN","zip_code":"19128","accessibility_code":"M","parking_code":"L","gdb_geomattr_data":null,"objectid":479}},{"type":"Feature","geometry":{"type":"Point","coordinates":[-75.206976,40.022883]},"properties":{"ward":21,"division":35,"precinct":"2135","placename":"COOK WISSAHICKON SCHOOL","street_address":"201 E SALAIGNAC ST","zip_code":"19128","accessibility_code":"F","parking_code":"L","gdb_geomattr_data":null,"objectid":480}},{"type":"Feature","geometry":{"type":"Point","coordinates":[-75.209819,40.029246]},"properties":{"ward":21,"division":36,"precinct":"2136","placename":"ROXBOROUGH MEMORIAL HOSPITAL","street_address":"5800 RIDGE AVE","zip_code":"19128","accessibility_code":"M","parking_code":"L","gdb_geomattr_data":null,"objectid":481}},{"type":"Feature","geometry":{"type":"Point","coordinates":[-75.209855,40.029323]},"properties":{"ward":21,"division":37,"precinct":"2137","placename":"ROXBOROUGH MEMORIAL HOSPITAL","street_address":"5800 RIDGE AVE","zip_code":"19128","accessibility_code":"M","parking_code":"L","gdb_geomattr_data":null,"objectid":482}},{"type":"Feature","geometry":{"type":"Point","coordinates":[-75.221636,40.049767]},"properties":{"ward":21,"division":38,"precinct":"2138","placename":"SAUL HIGH SCHOOL","street_address":"7100 HENRY AVE","zip_code":"19128","accessibility_code":"F","parking_code":"L","gdb_geomattr_data":null,"objectid":483}},{"type":"Feature","geometry":{"type":"Point","coordinates":[-75.234739,40.060668]},"properties":{"ward":21,"division":39,"precinct":"2139","placename":"SUMMIT PARK APARTMENTS CLUBHOUSE","street_address":"8201 HENRY AVE","zip_code":"19128","accessibility_code":"M","parking_code":"L","gdb_geomattr_data":null,"objectid":484}},{"type":"Feature","geometry":{"type":"Point","coordinates":[-75.225512,40.041247]},"properties":{"ward":21,"division":40,"precinct":"2140","placename":"SALVATION ARMY- ROXBOROUGH","street_address":"6730 RIDGE AVE","zip_code":"19128","accessibility_code":"M","parking_code":"L","gdb_geomattr_data":null,"objectid":485}},{"type":"Feature","geometry":{"type":"Point","coordinates":[-75.232109,40.046006]},"properties":{"ward":21,"division":41,"precinct":"2141","placename":"ROXBOROUGH YMCA","street_address":"7201 RIDGE AVE","zip_code":"19128","accessibility_code":"M","parking_code":"L","gdb_geomattr_data":null,"objectid":486}},{"type":"Feature","geometry":{"type":"Point","coordinates":[-75.238787,40.052004]},"properties":{"ward":21,"division":42,"precinct":"2142","placename":"SHAWMONT SCHOOL","street_address":"535 SHAWMONT AVE","zip_code":"19128","accessibility_code":"A","parking_code":"L","gdb_geomattr_data":null,"objectid":487}},{"type":"Feature","geometry":{"type":"Point","coordinates":[-75.238451,40.064518]},"properties":{"ward":21,"division":43,"precinct":"2143","placename":"ANDORRA BRANCH LIBRARY","street_address":"705 E CATHEDRAL RD","zip_code":"19128","accessibility_code":"F","parking_code":"H","gdb_geomattr_data":null,"objectid":488}},{"type":"Feature","geometry":{"type":"Point","coordinates":[-75.231395,40.069198]},"properties":{"ward":21,"division":44,"precinct":"2144","placename":"HOUSTON RECREATION CENTER","street_address":"900 GRAKYN LN","zip_code":"19128","accessibility_code":"M","parking_code":"L","gdb_geomattr_data":null,"objectid":489}},{"type":"Feature","geometry":{"type":"Point","coordinates":[-75.242034,40.064828]},"properties":{"ward":21,"division":45,"precinct":"2145","placename":"CATHEDRAL VILLAGE AUDITORIUM","street_address":"600 E CATHEDRAL RD","zip_code":"19128","accessibility_code":"F","parking_code":"L","gdb_geomattr_data":null,"objectid":490}},{"type":"Feature","geometry":{"type":"Point","coordinates":[-75.19444,40.046261]},"properties":{"ward":22,"division":1,"precinct":"2201","placename":"SUMMIT PRESBYTERIAN CHURCH","street_address":"6757 GREENE ST","zip_code":"19119","accessibility_code":"M","parking_code":"L","gdb_geomattr_data":null,"objectid":491}},{"type":"Feature","geometry":{"type":"Point","coordinates":[-75.19444,40.046261]},"properties":{"ward":22,"division":2,"precinct":"2202","placename":"SUMMIT PRESBYTERIAN CHURCH","street_address":"6757 GREENE ST","zip_code":"19119","accessibility_code":"M","parking_code":"L","gdb_geomattr_data":null,"objectid":492}},{"type":"Feature","geometry":{"type":"Point","coordinates":[-75.191539,40.040575]},"properties":{"ward":22,"division":3,"precinct":"2203","placename":"UNITARIAN SOCIETY OF GERMANTOWN","street_address":"6511 LINCOLN DR","zip_code":"19119","accessibility_code":"F","parking_code":"H","gdb_geomattr_data":null,"objectid":493}},{"type":"Feature","geometry":{"type":"Point","coordinates":[-75.194793,40.050962]},"properties":{"ward":22,"division":4,"precinct":"2204","placename":"GERMANTOWN JEWISH CENTRE","street_address":"400 W ELLET ST","zip_code":"19119","accessibility_code":"A","parking_code":"L","gdb_geomattr_data":null,"objectid":494}},{"type":"Feature","geometry":{"type":"Point","coordinates":[-75.19444,40.046261]},"properties":{"ward":22,"division":5,"precinct":"2205","placename":"SUMMIT PRESBYTERIAN CHURCH","street_address":"6757 GREENE ST","zip_code":"19119","accessibility_code":"M","parking_code":"L","gdb_geomattr_data":null,"objectid":495}},{"type":"Feature","geometry":{"type":"Point","coordinates":[-75.189276,40.055195]},"properties":{"ward":22,"division":6,"precinct":"2206","placename":"GERMANTOWN HOME CONFERENCE CENTER- AUTEN HALL","street_address":"6950 GERMANTOWN AVE","zip_code":"19119","accessibility_code":"M","parking_code":"H","gdb_geomattr_data":null,"objectid":496}},{"type":"Feature","geometry":{"type":"Point","coordinates":[-75.189938,40.04974]},"properties":{"ward":22,"division":7,"precinct":"2207","placename":"EMLEN ARMS APARTMENTS (PHA)","street_address":"6733 EMLEN ST","zip_code":"19119","accessibility_code":"F","parking_code":"N","gdb_geomattr_data":null,"objectid":497}},{"type":"Feature","geometry":{"type":"Point","coordinates":[-75.186625,40.044078]},"properties":{"ward":22,"division":8,"precinct":"2208","placename":"BLAIR CHRISTIAN ACADEMY","street_address":"220 W UPSAL ST","zip_code":"19119","accessibility_code":"A","parking_code":"L","gdb_geomattr_data":null,"objectid":498}},{"type":"Feature","geometry":{"type":"Point","coordinates":[-75.179968,40.0499]},"properties":{"ward":22,"division":9,"precinct":"2209","placename":"SEVENTH DAY ADVENTIST CHURCH","street_address":"200 E CLIVEDEN ST","zip_code":"19119","accessibility_code":"M","parking_code":"L","gdb_geomattr_data":null,"objectid":499}},{"type":"Feature","geometry":{"type":"Point","coordinates":[-75.186625,40.044078]},"properties":{"ward":22,"division":10,"precinct":"2210","placename":"BLAIR CHRISTIAN ACADEMY","street_address":"220 W UPSAL ST","zip_code":"19119","accessibility_code":"A","parking_code":"L","gdb_geomattr_data":null,"objectid":500}},{"type":"Feature","geometry":{"type":"Point","coordinates":[-75.187599,40.05701]},"properties":{"ward":22,"division":11,"precinct":"2211","placename":"LOVETT BRANCH LIBRARY","street_address":"6945 GERMANTOWN AVE","zip_code":"19119","accessibility_code":"F","parking_code":"L","gdb_geomattr_data":null,"objectid":501}},{"type":"Feature","geometry":{"type":"Point","coordinates":[-75.18258,40.056905]},"properties":{"ward":22,"division":12,"precinct":"2212","placename":"PLEASANT RECREATION CENTER","street_address":"6757 CHEW AVE","zip_code":"19119","accessibility_code":"M","parking_code":"L","gdb_geomattr_data":null,"objectid":502}},{"type":"Feature","geometry":{"type":"Point","coordinates":[-75.182605,40.05689]},"properties":{"ward":22,"division":13,"precinct":"2213","placename":"PLEASANT RECREATION CENTER","street_address":"6757 CHEW AVE","zip_code":"19119","accessibility_code":"M","parking_code":"L","gdb_geomattr_data":null,"objectid":503}},{"type":"Feature","geometry":{"type":"Point","coordinates":[-75.179968,40.0499]},"properties":{"ward":22,"division":14,"precinct":"2214","placename":"SEVENTH DAY ADVENTIST CHURCH","street_address":"200 E CLIVEDEN ST","zip_code":"19119","accessibility_code":"M","parking_code":"L","gdb_geomattr_data":null,"objectid":504}},{"type":"Feature","geometry":{"type":"Point","coordinates":[-75.182617,40.056916]},"properties":{"ward":22,"division":15,"precinct":"2215","placename":"PLEASANT RECREATION CENTER","street_address":"6757 CHEW AVE","zip_code":"19119","accessibility_code":"M","parking_code":"L","gdb_geomattr_data":null,"objectid":505}},{"type":"Feature","geometry":{"type":"Point","coordinates":[-75.187599,40.05701]},"properties":{"ward":22,"division":16,"precinct":"2216","placename":"LOVETT BRANCH LIBRARY","street_address":"6945 GERMANTOWN AVE","zip_code":"19119","accessibility_code":"F","parking_code":"L","gdb_geomattr_data":null,"objectid":506}},{"type":"Feature","geometry":{"type":"Point","coordinates":[-75.18813,40.05787]},"properties":{"ward":22,"division":17,"precinct":"2217","placename":"MOUNT AIRY RECREATION CENTER","street_address":"7001 GERMANTOWN AVE","zip_code":"19119","accessibility_code":"M","parking_code":"N","gdb_geomattr_data":null,"objectid":507}},{"type":"Feature","geometry":{"type":"Point","coordinates":[-75.182593,40.056928]},"properties":{"ward":22,"division":18,"precinct":"2218","placename":"PLEASANT RECREATION CENTER","street_address":"6757 CHEW AVE","zip_code":"19119","accessibility_code":"M","parking_code":"L","gdb_geomattr_data":null,"objectid":508}},{"type":"Feature","geometry":{"type":"Point","coordinates":[-75.182639,40.056901]},"properties":{"ward":22,"division":19,"precinct":"2219","placename":"PLEASANT RECREATION CENTER","street_address":"6757 CHEW AVE","zip_code":"19119","accessibility_code":"M","parking_code":"L","gdb_geomattr_data":null,"objectid":509}},{"type":"Feature","geometry":{"type":"Point","coordinates":[-75.178291,40.054428]},"properties":{"ward":22,"division":20,"precinct":"2220","placename":"EMLEN SCHOOL","street_address":"6501 CHEW AVE","zip_code":"19119","accessibility_code":"R","parking_code":"L","gdb_geomattr_data":null,"objectid":510}},{"type":"Feature","geometry":{"type":"Point","coordinates":[-75.178305,40.054431]},"properties":{"ward":22,"division":21,"precinct":"2221","placename":"EMLEN SCHOOL","street_address":"6501 CHEW AVE","zip_code":"19119","accessibility_code":"R","parking_code":"L","gdb_geomattr_data":null,"objectid":511}},{"type":"Feature","geometry":{"type":"Point","coordinates":[-75.178288,40.054431]},"properties":{"ward":22,"division":22,"precinct":"2222","placename":"EMLEN SCHOOL","street_address":"6501 CHEW AVE","zip_code":"19119","accessibility_code":"R","parking_code":"L","gdb_geomattr_data":null,"objectid":512}},{"type":"Feature","geometry":{"type":"Point","coordinates":[-75.179488,40.066855]},"properties":{"ward":22,"division":23,"precinct":"2223","placename":"GRACE CHRISTIAN ASSEMBLY","street_address":"610 E MT PLEASANT AVE","zip_code":"19119","accessibility_code":"B","parking_code":"L","gdb_geomattr_data":null,"objectid":513}},{"type":"Feature","geometry":{"type":"Point","coordinates":[-75.179483,40.066854]},"properties":{"ward":22,"division":24,"precinct":"2224","placename":"GRACE CHRISTIAN ASSEMBLY","street_address":"610 E MT PLEASANT AVE","zip_code":"19119","accessibility_code":"B","parking_code":"L","gdb_geomattr_data":null,"objectid":514}},{"type":"Feature","geometry":{"type":"Point","coordinates":[-75.174292,40.060113]},"properties":{"ward":22,"division":25,"precinct":"2225","placename":"DARE TO IMAGINE CHURCH","street_address":"6610 ANDERSON ST","zip_code":"19119","accessibility_code":"R","parking_code":"H","gdb_geomattr_data":null,"objectid":515}},{"type":"Feature","geometry":{"type":"Point","coordinates":[-75.174292,40.060113]},"properties":{"ward":22,"division":26,"precinct":"2226","placename":"DARE TO IMAGINE CHURCH","street_address":"6610 ANDERSON ST","zip_code":"19119","accessibility_code":"R","parking_code":"H","gdb_geomattr_data":null,"objectid":516}},{"type":"Feature","geometry":{"type":"Point","coordinates":[-75.168143,40.058968]},"properties":{"ward":22,"division":27,"precinct":"2227","placename":"A B DAY SCHOOL","street_address":"6324 CRITTENDEN ST","zip_code":"19138","accessibility_code":"M","parking_code":"L","gdb_geomattr_data":null,"objectid":517}},{"type":"Feature","geometry":{"type":"Point","coordinates":[-75.168143,40.058968]},"properties":{"ward":22,"division":28,"precinct":"2228","placename":"A B DAY SCHOOL","street_address":"6324 CRITTENDEN ST","zip_code":"19138","accessibility_code":"M","parking_code":"L","gdb_geomattr_data":null,"objectid":518}},{"type":"Feature","geometry":{"type":"Point","coordinates":[-75.168143,40.058968]},"properties":{"ward":22,"division":29,"precinct":"2229","placename":"A B DAY SCHOOL","street_address":"6324 CRITTENDEN ST","zip_code":"19138","accessibility_code":"M","parking_code":"L","gdb_geomattr_data":null,"objectid":519}},{"type":"Feature","geometry":{"type":"Point","coordinates":[-75.08726,40.013827]},"properties":{"ward":23,"division":1,"precinct":"2301","placename":"ST MARKS CHURCH FRANKFORD","street_address":"4442 FRANKFORD AVE","zip_code":"19124","accessibility_code":"M","parking_code":"N","gdb_geomattr_data":null,"objectid":520}},{"type":"Feature","geometry":{"type":"Point","coordinates":[-75.08726,40.013827]},"properties":{"ward":23,"division":2,"precinct":"2302","placename":"ST MARKS CHURCH FRANKFORD","street_address":"4442 FRANKFORD AVE","zip_code":"19124","accessibility_code":"M","parking_code":"N","gdb_geomattr_data":null,"objectid":521}},{"type":"Feature","geometry":{"type":"Point","coordinates":[-75.08726,40.013827]},"properties":{"ward":23,"division":3,"precinct":"2303","placename":"ST MARKS CHURCH FRANKFORD","street_address":"4442 FRANKFORD AVE","zip_code":"19124","accessibility_code":"M","parking_code":"N","gdb_geomattr_data":null,"objectid":522}},{"type":"Feature","geometry":{"type":"Point","coordinates":[-75.093316,40.022264]},"properties":{"ward":23,"division":4,"precinct":"2304","placename":"SIMPSON RECREATION CENTER","street_address":"1010 ARROTT ST","zip_code":"19124","accessibility_code":"M","parking_code":"L","gdb_geomattr_data":null,"objectid":523}},{"type":"Feature","geometry":{"type":"Point","coordinates":[-75.086564,40.018644]},"properties":{"ward":23,"division":5,"precinct":"2305","placename":"UNIQUE DREAMS INC","street_address":"4704 LEIPER ST","zip_code":"19124","accessibility_code":"M","parking_code":"H","gdb_geomattr_data":null,"objectid":524}},{"type":"Feature","geometry":{"type":"Point","coordinates":[-75.086561,40.018644]},"properties":{"ward":23,"division":6,"precinct":"2306","placename":"UNIQUE DREAMS INC","street_address":"4704 LEIPER ST","zip_code":"19124","accessibility_code":"M","parking_code":"H","gdb_geomattr_data":null,"objectid":525}},{"type":"Feature","geometry":{"type":"Point","coordinates":[-75.086561,40.018637]},"properties":{"ward":23,"division":7,"precinct":"2307","placename":"UNIQUE DREAMS INC","street_address":"4704 LEIPER ST","zip_code":"19124","accessibility_code":"M","parking_code":"H","gdb_geomattr_data":null,"objectid":526}},{"type":"Feature","geometry":{"type":"Point","coordinates":[-75.093316,40.022264]},"properties":{"ward":23,"division":8,"precinct":"2308","placename":"SIMPSON RECREATION CENTER","street_address":"1010 ARROTT ST","zip_code":"19124","accessibility_code":"M","parking_code":"L","gdb_geomattr_data":null,"objectid":527}},{"type":"Feature","geometry":{"type":"Point","coordinates":[-75.086708,40.025247]},"properties":{"ward":23,"division":9,"precinct":"2309","placename":"PHILA CHARTER SCHOOL FOR ARTS & SCIENCES","street_address":"1197 HAWORTH ST","zip_code":"19124","accessibility_code":"M","parking_code":"N","gdb_geomattr_data":null,"objectid":528}},{"type":"Feature","geometry":{"type":"Point","coordinates":[-75.086711,40.025249]},"properties":{"ward":23,"division":10,"precinct":"2310","placename":"PHILA CHARTER SCHOOL FOR ARTS & SCIENCES","street_address":"1197 HAWORTH ST","zip_code":"19124","accessibility_code":"M","parking_code":"N","gdb_geomattr_data":null,"objectid":529}},{"type":"Feature","geometry":{"type":"Point","coordinates":[-75.112808,40.022506]},"properties":{"ward":23,"division":11,"precinct":"2311","placename":"VAIRD-FELTONVILLE YOUTH CLUB","street_address":"4800 WHITAKER AVE","zip_code":"19124","accessibility_code":"F","parking_code":"L","gdb_geomattr_data":null,"objectid":530}},{"type":"Feature","geometry":{"type":"Point","coordinates":[-75.112808,40.022506]},"properties":{"ward":23,"division":12,"precinct":"2312","placename":"VAIRD-FELTONVILLE YOUTH CLUB","street_address":"4800 WHITAKER AVE","zip_code":"19124","accessibility_code":"F","parking_code":"L","gdb_geomattr_data":null,"objectid":531}},{"type":"Feature","geometry":{"type":"Point","coordinates":[-75.086711,40.025241]},"properties":{"ward":23,"division":13,"precinct":"2313","placename":"PHILA CHARTER SCHOOL FOR ARTS & SCIENCES","street_address":"1197 HAWORTH ST","zip_code":"19124","accessibility_code":"M","parking_code":"N","gdb_geomattr_data":null,"objectid":532}},{"type":"Feature","geometry":{"type":"Point","coordinates":[-75.073697,40.009531]},"properties":{"ward":23,"division":14,"precinct":"2314","placename":"THE BAPTIST WORSHIP CENTER","street_address":"4790 JAMES ST","zip_code":"19137","accessibility_code":"M","parking_code":"H","gdb_geomattr_data":null,"objectid":533}},{"type":"Feature","geometry":{"type":"Point","coordinates":[-75.07433,40.011398]},"properties":{"ward":23,"division":15,"precinct":"2315","placename":"CARMELLA RECREATION CENTER","street_address":"2100 WAKELING ST","zip_code":"19124","accessibility_code":"M","parking_code":"N","gdb_geomattr_data":null,"objectid":534}},{"type":"Feature","geometry":{"type":"Point","coordinates":[-75.085298,40.012155]},"properties":{"ward":23,"division":16,"precinct":"2316","placename":"STEARNE SCHOOL","street_address":"1655 UNITY ST","zip_code":"19124","accessibility_code":"R","parking_code":"N","gdb_geomattr_data":null,"objectid":535}},{"type":"Feature","geometry":{"type":"Point","coordinates":[-75.079983,40.013772]},"properties":{"ward":23,"division":17,"precinct":"2317","placename":"SECOND BAPTIST CHURCH OF FRANKFORD","street_address":"1801 MEADOW ST","zip_code":"19124","accessibility_code":"M","parking_code":"L","gdb_geomattr_data":null,"objectid":536}},{"type":"Feature","geometry":{"type":"Point","coordinates":[-75.078011,40.015531]},"properties":{"ward":23,"division":18,"precinct":"2318","placename":"WHITEHALL RESIDENT COUNCIL OFFICE (PHA)","street_address":"1824 FOULKROD ST","zip_code":"19124","accessibility_code":"M","parking_code":"N","gdb_geomattr_data":null,"objectid":537}},{"type":"Feature","geometry":{"type":"Point","coordinates":[-75.075871,40.014843]},"properties":{"ward":23,"division":19,"precinct":"2319","placename":"GAMBREL RECREATION CENTER","street_address":"1900 WAKELING ST","zip_code":"19124","accessibility_code":"M","parking_code":"N","gdb_geomattr_data":null,"objectid":538}},{"type":"Feature","geometry":{"type":"Point","coordinates":[-75.085298,40.012155]},"properties":{"ward":23,"division":20,"precinct":"2320","placename":"STEARNE SCHOOL","street_address":"1655 UNITY ST","zip_code":"19124","accessibility_code":"R","parking_code":"N","gdb_geomattr_data":null,"objectid":539}},{"type":"Feature","geometry":{"type":"Point","coordinates":[-75.085298,40.012155]},"properties":{"ward":23,"division":21,"precinct":"2321","placename":"STEARNE SCHOOL","street_address":"1655 UNITY ST","zip_code":"19124","accessibility_code":"R","parking_code":"N","gdb_geomattr_data":null,"objectid":540}},{"type":"Feature","geometry":{"type":"Point","coordinates":[-75.085298,40.012155]},"properties":{"ward":23,"division":22,"precinct":"2322","placename":"STEARNE SCHOOL","street_address":"1655 UNITY ST","zip_code":"19124","accessibility_code":"R","parking_code":"N","gdb_geomattr_data":null,"objectid":541}},{"type":"Feature","geometry":{"type":"Point","coordinates":[-75.085298,40.012155]},"properties":{"ward":23,"division":23,"precinct":"2323","placename":"STEARNE SCHOOL","street_address":"1655 UNITY ST","zip_code":"19124","accessibility_code":"R","parking_code":"N","gdb_geomattr_data":null,"objectid":542}},{"type":"Feature","geometry":{"type":"Point","coordinates":[-75.193525,39.960709]},"properties":{"ward":24,"division":1,"precinct":"2401","placename":"POWEL SCHOOL","street_address":"301 N 36TH ST","zip_code":"19104","accessibility_code":"M","parking_code":"N","gdb_geomattr_data":null,"objectid":543}},{"type":"Feature","geometry":{"type":"Point","coordinates":[-75.191248,39.964263]},"properties":{"ward":24,"division":2,"precinct":"2402","placename":"DURHAM LIBRARY","street_address":"3320 HAVERFORD AVE","zip_code":"19104","accessibility_code":"F","parking_code":"N","gdb_geomattr_data":null,"objectid":544}},{"type":"Feature","geometry":{"type":"Point","coordinates":[-75.191248,39.964263]},"properties":{"ward":24,"division":3,"precinct":"2403","placename":"DURHAM LIBRARY","street_address":"3320 HAVERFORD AVE","zip_code":"19104","accessibility_code":"F","parking_code":"N","gdb_geomattr_data":null,"objectid":545}},{"type":"Feature","geometry":{"type":"Point","coordinates":[-75.194452,39.967009]},"properties":{"ward":24,"division":4,"precinct":"2404","placename":"McMICHAEL SCHOOL","street_address":"3543 FAIRMOUNT AVE","zip_code":"19104","accessibility_code":"M","parking_code":"N","gdb_geomattr_data":null,"objectid":546}},{"type":"Feature","geometry":{"type":"Point","coordinates":[-75.193523,39.960708]},"properties":{"ward":24,"division":5,"precinct":"2405","placename":"POWEL SCHOOL","street_address":"301 N 36TH ST","zip_code":"19104","accessibility_code":"M","parking_code":"N","gdb_geomattr_data":null,"objectid":547}},{"type":"Feature","geometry":{"type":"Point","coordinates":[-75.200828,39.957759]},"properties":{"ward":24,"division":6,"precinct":"2406","placename":"UNIVERSITY SQUARE APARTMENT COMPLEX","street_address":"3901 MARKET ST","zip_code":"19104","accessibility_code":"F","parking_code":"L","gdb_geomattr_data":null,"objectid":548}},{"type":"Feature","geometry":{"type":"Point","coordinates":[-75.197231,39.965662]},"properties":{"ward":24,"division":7,"precinct":"2407","placename":"MANTUA CIVIC ASSOCIATION","street_address":"3729 MELON ST","zip_code":"19104","accessibility_code":"F","parking_code":"N","gdb_geomattr_data":null,"objectid":549}},{"type":"Feature","geometry":{"type":"Point","coordinates":[-75.199805,39.96049]},"properties":{"ward":24,"division":8,"precinct":"2408","placename":"HOPEPHL","street_address":"325 N 39TH ST","zip_code":"19104","accessibility_code":"F","parking_code":"L","gdb_geomattr_data":null,"objectid":550}},{"type":"Feature","geometry":{"type":"Point","coordinates":[-75.198949,39.973509]},"properties":{"ward":24,"division":9,"precinct":"2409","placename":"CLAYBORNE & LEWIS COMMUNITY CENTER","street_address":"1101 N 38TH ST","zip_code":"19104","accessibility_code":"M","parking_code":"N","gdb_geomattr_data":null,"objectid":551}},{"type":"Feature","geometry":{"type":"Point","coordinates":[-75.190523,39.956459]},"properties":{"ward":24,"division":10,"precinct":"2410","placename":"DREXEL UNIVERSITY RECREATION CENTER","street_address":"3301 MARKET ST","zip_code":"19104","accessibility_code":"F","parking_code":"N","gdb_geomattr_data":null,"objectid":552}},{"type":"Feature","geometry":{"type":"Point","coordinates":[-75.191248,39.964263]},"properties":{"ward":24,"division":11,"precinct":"2411","placename":"DURHAM LIBRARY","street_address":"3320 HAVERFORD AVE","zip_code":"19104","accessibility_code":"F","parking_code":"N","gdb_geomattr_data":null,"objectid":553}},{"type":"Feature","geometry":{"type":"Point","coordinates":[-75.19723,39.96566]},"properties":{"ward":24,"division":12,"precinct":"2412","placename":"MANTUA CIVIC ASSOCIATION","street_address":"3729 MELON ST","zip_code":"19104","accessibility_code":"F","parking_code":"N","gdb_geomattr_data":null,"objectid":554}},{"type":"Feature","geometry":{"type":"Point","coordinates":[-75.194459,39.967004]},"properties":{"ward":24,"division":13,"precinct":"2413","placename":"McMICHAEL SCHOOL","street_address":"3543 FAIRMOUNT AVE","zip_code":"19104","accessibility_code":"M","parking_code":"N","gdb_geomattr_data":null,"objectid":555}},{"type":"Feature","geometry":{"type":"Point","coordinates":[-75.198949,39.973509]},"properties":{"ward":24,"division":14,"precinct":"2414","placename":"CLAYBORNE & LEWIS COMMUNITY CENTER","street_address":"1101 N 38TH ST","zip_code":"19104","accessibility_code":"M","parking_code":"N","gdb_geomattr_data":null,"objectid":556}},{"type":"Feature","geometry":{"type":"Point","coordinates":[-75.196474,39.964949]},"properties":{"ward":24,"division":15,"precinct":"2415","placename":"MT OLIVE BAPTIST CHURCH","street_address":"638 N 37TH ST","zip_code":"19104","accessibility_code":"F","parking_code":"N","gdb_geomattr_data":null,"objectid":557}},{"type":"Feature","geometry":{"type":"Point","coordinates":[-75.196474,39.964951]},"properties":{"ward":24,"division":16,"precinct":"2416","placename":"MT OLIVE BAPTIST CHURCH","street_address":"638 N 37TH ST","zip_code":"19104","accessibility_code":"F","parking_code":"N","gdb_geomattr_data":null,"objectid":558}},{"type":"Feature","geometry":{"type":"Point","coordinates":[-75.19723,39.965661]},"properties":{"ward":24,"division":17,"precinct":"2417","placename":"MANTUA CIVIC ASSOCIATION","street_address":"3729 MELON ST","zip_code":"19104","accessibility_code":"F","parking_code":"N","gdb_geomattr_data":null,"objectid":559}},{"type":"Feature","geometry":{"type":"Point","coordinates":[-75.190519,39.956456]},"properties":{"ward":24,"division":18,"precinct":"2418","placename":"DREXEL UNIVERSITY RECREATION CENTER","street_address":"3301 MARKET ST","zip_code":"19104","accessibility_code":"F","parking_code":"N","gdb_geomattr_data":null,"objectid":560}},{"type":"Feature","geometry":{"type":"Point","coordinates":[-75.190519,39.956464]},"properties":{"ward":24,"division":19,"precinct":"2419","placename":"DREXEL UNIVERSITY RECREATION CENTER","street_address":"3301 MARKET ST","zip_code":"19104","accessibility_code":"F","parking_code":"N","gdb_geomattr_data":null,"objectid":561}},{"type":"Feature","geometry":{"type":"Point","coordinates":[-75.102322,39.983614]},"properties":{"ward":25,"division":1,"precinct":"2501","placename":"TOMASZEWSKI FUNERAL HOME","street_address":"2728 E ALLEGHENY AVE","zip_code":"19134","accessibility_code":"M","parking_code":"N","gdb_geomattr_data":null,"objectid":562}},{"type":"Feature","geometry":{"type":"Point","coordinates":[-75.11281,39.98638]},"properties":{"ward":25,"division":2,"precinct":"2502","placename":"MEMPHIS STREET ACADEMY CHARTER SCHOOL","street_address":"2950 MEMPHIS ST","zip_code":"19134","accessibility_code":"R","parking_code":"N","gdb_geomattr_data":null,"objectid":563}},{"type":"Feature","geometry":{"type":"Point","coordinates":[-75.102322,39.983614]},"properties":{"ward":25,"division":3,"precinct":"2503","placename":"TOMASZEWSKI FUNERAL HOME","street_address":"2728 E ALLEGHENY AVE","zip_code":"19134","accessibility_code":"M","parking_code":"N","gdb_geomattr_data":null,"objectid":564}},{"type":"Feature","geometry":{"type":"Point","coordinates":[-75.108407,39.982875]},"properties":{"ward":25,"division":4,"precinct":"2504","placename":"RICHMOND LIBRARY","street_address":"2987 ALMOND ST","zip_code":"19134","accessibility_code":"M","parking_code":"N","gdb_geomattr_data":null,"objectid":565}},{"type":"Feature","geometry":{"type":"Point","coordinates":[-75.108407,39.982875]},"properties":{"ward":25,"division":5,"precinct":"2505","placename":"RICHMOND LIBRARY","street_address":"2987 ALMOND ST","zip_code":"19134","accessibility_code":"M","parking_code":"N","gdb_geomattr_data":null,"objectid":566}},{"type":"Feature","geometry":{"type":"Point","coordinates":[-75.110418,39.983758]},"properties":{"ward":25,"division":6,"precinct":"2506","placename":"RICHMOND ELEMENTARY SCHOOL","street_address":"2944 BELGRADE ST","zip_code":"19134","accessibility_code":"F","parking_code":"N","gdb_geomattr_data":null,"objectid":567}},{"type":"Feature","geometry":{"type":"Point","coordinates":[-75.108407,39.982875]},"properties":{"ward":25,"division":7,"precinct":"2507","placename":"RICHMOND LIBRARY","street_address":"2987 ALMOND ST","zip_code":"19134","accessibility_code":"M","parking_code":"N","gdb_geomattr_data":null,"objectid":568}},{"type":"Feature","geometry":{"type":"Point","coordinates":[-75.102322,39.983614]},"properties":{"ward":25,"division":8,"precinct":"2508","placename":"TOMASZEWSKI FUNERAL HOME","street_address":"2728 E ALLEGHENY AVE","zip_code":"19134","accessibility_code":"M","parking_code":"N","gdb_geomattr_data":null,"objectid":569}},{"type":"Feature","geometry":{"type":"Point","coordinates":[-75.112352,39.993032]},"properties":{"ward":25,"division":9,"precinct":"2509","placename":"MASTBAUM HIGH SCHOOL","street_address":"3116 FRANKFORD AVE","zip_code":"19134","accessibility_code":"M","parking_code":"N","gdb_geomattr_data":null,"objectid":570}},{"type":"Feature","geometry":{"type":"Point","coordinates":[-75.110423,39.983754]},"properties":{"ward":25,"division":10,"precinct":"2510","placename":"RICHMOND ELEMENTARY SCHOOL","street_address":"2944 BELGRADE ST","zip_code":"19134","accessibility_code":"F","parking_code":"N","gdb_geomattr_data":null,"objectid":571}},{"type":"Feature","geometry":{"type":"Point","coordinates":[-75.112604,39.984126]},"properties":{"ward":25,"division":11,"precinct":"2511","placename":"COHOCKSINK RECREATION CENTER","street_address":"2901 CEDAR ST","zip_code":"19134","accessibility_code":"M","parking_code":"L","gdb_geomattr_data":null,"objectid":572}},{"type":"Feature","geometry":{"type":"Point","coordinates":[-75.110423,39.983746]},"properties":{"ward":25,"division":12,"precinct":"2512","placename":"RICHMOND ELEMENTARY SCHOOL","street_address":"2944 BELGRADE ST","zip_code":"19134","accessibility_code":"F","parking_code":"N","gdb_geomattr_data":null,"objectid":573}},{"type":"Feature","geometry":{"type":"Point","coordinates":[-75.11281,39.98638]},"properties":{"ward":25,"division":13,"precinct":"2513","placename":"MEMPHIS STREET ACADEMY CHARTER SCHOOL","street_address":"2950 MEMPHIS ST","zip_code":"19134","accessibility_code":"R","parking_code":"N","gdb_geomattr_data":null,"objectid":574}},{"type":"Feature","geometry":{"type":"Point","coordinates":[-75.122305,39.990788]},"properties":{"ward":25,"division":14,"precinct":"2514","placename":"NEW KENSINGTON CDC - SUITE #1","street_address":"2771 RUTH ST","zip_code":"19134","accessibility_code":"F","parking_code":"N","gdb_geomattr_data":null,"objectid":575}},{"type":"Feature","geometry":{"type":"Point","coordinates":[-75.116467,39.993571]},"properties":{"ward":25,"division":15,"precinct":"2515","placename":"WILLARD SCHOOL","street_address":"1930 E ELKHART ST","zip_code":"19134","accessibility_code":"M","parking_code":"H","gdb_geomattr_data":null,"objectid":576}},{"type":"Feature","geometry":{"type":"Point","coordinates":[-75.11258,39.984111]},"properties":{"ward":25,"division":16,"precinct":"2516","placename":"COHOCKSINK RECREATION CENTER","street_address":"2901 CEDAR ST","zip_code":"19134","accessibility_code":"M","parking_code":"L","gdb_geomattr_data":null,"objectid":577}},{"type":"Feature","geometry":{"type":"Point","coordinates":[-75.112803,39.986383]},"properties":{"ward":25,"division":17,"precinct":"2517","placename":"MEMPHIS STREET ACADEMY CHARTER SCHOOL","street_address":"2950 MEMPHIS ST","zip_code":"19134","accessibility_code":"R","parking_code":"N","gdb_geomattr_data":null,"objectid":578}},{"type":"Feature","geometry":{"type":"Point","coordinates":[-75.112352,39.993032]},"properties":{"ward":25,"division":18,"precinct":"2518","placename":"MASTBAUM HIGH SCHOOL","street_address":"3116 FRANKFORD AVE","zip_code":"19134","accessibility_code":"M","parking_code":"N","gdb_geomattr_data":null,"objectid":579}},{"type":"Feature","geometry":{"type":"Point","coordinates":[-75.116467,39.993571]},"properties":{"ward":25,"division":19,"precinct":"2519","placename":"WILLARD SCHOOL","street_address":"1930 E ELKHART ST","zip_code":"19134","accessibility_code":"M","parking_code":"H","gdb_geomattr_data":null,"objectid":580}},{"type":"Feature","geometry":{"type":"Point","coordinates":[-75.116467,39.993571]},"properties":{"ward":25,"division":20,"precinct":"2520","placename":"WILLARD SCHOOL","street_address":"1930 E ELKHART ST","zip_code":"19134","accessibility_code":"M","parking_code":"H","gdb_geomattr_data":null,"objectid":581}},{"type":"Feature","geometry":{"type":"Point","coordinates":[-75.112352,39.993032]},"properties":{"ward":25,"division":21,"precinct":"2521","placename":"MASTBAUM HIGH SCHOOL","street_address":"3116 FRANKFORD AVE","zip_code":"19134","accessibility_code":"M","parking_code":"N","gdb_geomattr_data":null,"objectid":582}},{"type":"Feature","geometry":{"type":"Point","coordinates":[-75.112619,39.984128]},"properties":{"ward":25,"division":22,"precinct":"2522","placename":"COHOCKSINK RECREATION CENTER","street_address":"2901 CEDAR ST","zip_code":"19134","accessibility_code":"M","parking_code":"L","gdb_geomattr_data":null,"objectid":583}},{"type":"Feature","geometry":{"type":"Point","coordinates":[-75.112803,39.98638]},"properties":{"ward":25,"division":23,"precinct":"2523","placename":"MEMPHIS STREET ACADEMY CHARTER SCHOOL","street_address":"2950 MEMPHIS ST","zip_code":"19134","accessibility_code":"R","parking_code":"N","gdb_geomattr_data":null,"objectid":584}},{"type":"Feature","geometry":{"type":"Point","coordinates":[-75.112793,39.986378]},"properties":{"ward":25,"division":24,"precinct":"2524","placename":"MEMPHIS STREET ACADEMY CHARTER SCHOOL","street_address":"2950 MEMPHIS ST","zip_code":"19134","accessibility_code":"R","parking_code":"N","gdb_geomattr_data":null,"objectid":585}},{"type":"Feature","geometry":{"type":"Point","coordinates":[-75.181507,39.910344]},"properties":{"ward":26,"division":1,"precinct":"2601","placename":"CITY LIFE CHURCH (CALVARY TEMPLE CAMPUS)","street_address":"3301 S 20TH ST","zip_code":"19145","accessibility_code":"M","parking_code":"H","gdb_geomattr_data":null,"objectid":586}},{"type":"Feature","geometry":{"type":"Point","coordinates":[-75.181507,39.910342]},"properties":{"ward":26,"division":2,"precinct":"2602","placename":"CITY LIFE CHURCH (CALVARY TEMPLE CAMPUS)","street_address":"3301 S 20TH ST","zip_code":"19145","accessibility_code":"M","parking_code":"H","gdb_geomattr_data":null,"objectid":587}},{"type":"Feature","geometry":{"type":"Point","coordinates":[-75.181497,39.910333]},"properties":{"ward":26,"division":3,"precinct":"2603","placename":"CITY LIFE CHURCH (CALVARY TEMPLE CAMPUS)","street_address":"3301 S 20TH ST","zip_code":"19145","accessibility_code":"M","parking_code":"H","gdb_geomattr_data":null,"objectid":588}},{"type":"Feature","geometry":{"type":"Point","coordinates":[-75.170745,39.916719]},"properties":{"ward":26,"division":4,"precinct":"2604","placename":"MARCONI PLAZA BOCCE COURTS","street_address":"2800 S BROAD ST","zip_code":"19145","accessibility_code":"M","parking_code":"N","gdb_geomattr_data":null,"objectid":589}},{"type":"Feature","geometry":{"type":"Point","coordinates":[-75.17845,39.916059]},"properties":{"ward":26,"division":5,"precinct":"2605","placename":"BARRY RECREATION CENTER","street_address":"1800 BIGLER ST","zip_code":"19145","accessibility_code":"F","parking_code":"N","gdb_geomattr_data":null,"objectid":590}},{"type":"Feature","geometry":{"type":"Point","coordinates":[-75.17845,39.916059]},"properties":{"ward":26,"division":6,"precinct":"2606","placename":"BARRY RECREATION CENTER","street_address":"1800 BIGLER ST","zip_code":"19145","accessibility_code":"F","parking_code":"N","gdb_geomattr_data":null,"objectid":591}},{"type":"Feature","geometry":{"type":"Point","coordinates":[-75.172188,39.920369]},"properties":{"ward":26,"division":7,"precinct":"2607","placename":"CARING PEOPLE ALLIANCE","street_address":"2433 S 15TH ST","zip_code":"19145","accessibility_code":"F","parking_code":"L","gdb_geomattr_data":null,"objectid":592}},{"type":"Feature","geometry":{"type":"Point","coordinates":[-75.172819,39.923346]},"properties":{"ward":26,"division":8,"precinct":"2608","placename":"GUERIN RECREATION CENTER-BOCCE BLDG","street_address":"2201 S 16TH ST","zip_code":"19145","accessibility_code":"M","parking_code":"N","gdb_geomattr_data":null,"objectid":593}},{"type":"Feature","geometry":{"type":"Point","coordinates":[-75.17845,39.916059]},"properties":{"ward":26,"division":9,"precinct":"2609","placename":"BARRY RECREATION CENTER","street_address":"1800 BIGLER ST","zip_code":"19145","accessibility_code":"F","parking_code":"N","gdb_geomattr_data":null,"objectid":594}},{"type":"Feature","geometry":{"type":"Point","coordinates":[-75.172818,39.923346]},"properties":{"ward":26,"division":10,"precinct":"2610","placename":"GUERIN RECREATION CENTER-BOCCE BLDG","street_address":"2201 S 16TH ST","zip_code":"19145","accessibility_code":"M","parking_code":"N","gdb_geomattr_data":null,"objectid":595}},{"type":"Feature","geometry":{"type":"Point","coordinates":[-75.172188,39.920369]},"properties":{"ward":26,"division":11,"precinct":"2611","placename":"CARING PEOPLE ALLIANCE","street_address":"2433 S 15TH ST","zip_code":"19145","accessibility_code":"F","parking_code":"L","gdb_geomattr_data":null,"objectid":596}},{"type":"Feature","geometry":{"type":"Point","coordinates":[-75.172819,39.923346]},"properties":{"ward":26,"division":12,"precinct":"2612","placename":"GUERIN RECREATION CENTER","street_address":"2201 S 16TH ST","zip_code":"19145","accessibility_code":"M","parking_code":"N","gdb_geomattr_data":null,"objectid":597}},{"type":"Feature","geometry":{"type":"Point","coordinates":[-75.183174,39.922136]},"properties":{"ward":26,"division":13,"precinct":"2613","placename":"G.A.M.P. SCHOOL","street_address":"2136 W RITNER ST","zip_code":"19145","accessibility_code":"M","parking_code":"N","gdb_geomattr_data":null,"objectid":598}},{"type":"Feature","geometry":{"type":"Point","coordinates":[-75.183171,39.922136]},"properties":{"ward":26,"division":14,"precinct":"2614","placename":"G.A.M.P. SCHOOL","street_address":"2136 W RITNER ST","zip_code":"19145","accessibility_code":"M","parking_code":"N","gdb_geomattr_data":null,"objectid":599}},{"type":"Feature","geometry":{"type":"Point","coordinates":[-75.18316,39.92213]},"properties":{"ward":26,"division":15,"precinct":"2615","placename":"G.A.M.P. SCHOOL","street_address":"2136 W RITNER ST","zip_code":"19145","accessibility_code":"M","parking_code":"N","gdb_geomattr_data":null,"objectid":600}},{"type":"Feature","geometry":{"type":"Point","coordinates":[-75.172819,39.923346]},"properties":{"ward":26,"division":16,"precinct":"2616","placename":"GUERIN RECREATION CENTER","street_address":"2201 S 16TH ST","zip_code":"19145","accessibility_code":"M","parking_code":"N","gdb_geomattr_data":null,"objectid":601}},{"type":"Feature","geometry":{"type":"Point","coordinates":[-75.172819,39.923346]},"properties":{"ward":26,"division":17,"precinct":"2617","placename":"GUERIN RECREATION CENTER","street_address":"2201 S 16TH ST","zip_code":"19145","accessibility_code":"M","parking_code":"N","gdb_geomattr_data":null,"objectid":602}},{"type":"Feature","geometry":{"type":"Point","coordinates":[-75.183178,39.922139]},"properties":{"ward":26,"division":18,"precinct":"2618","placename":"G.A.M.P. SCHOOL","street_address":"2136 W RITNER ST","zip_code":"19145","accessibility_code":"M","parking_code":"N","gdb_geomattr_data":null,"objectid":603}},{"type":"Feature","geometry":{"type":"Point","coordinates":[-75.172819,39.923346]},"properties":{"ward":26,"division":19,"precinct":"2619","placename":"GUERIN RECREATION CENTER","street_address":"2201 S 16TH ST","zip_code":"19145","accessibility_code":"M","parking_code":"N","gdb_geomattr_data":null,"objectid":604}},{"type":"Feature","geometry":{"type":"Point","coordinates":[-75.181502,39.910346]},"properties":{"ward":26,"division":20,"precinct":"2620","placename":"CITY LIFE CHURCH (CALVARY TEMPLE CAMPUS)","street_address":"3301 S 20TH ST","zip_code":"19145","accessibility_code":"M","parking_code":"H","gdb_geomattr_data":null,"objectid":605}},{"type":"Feature","geometry":{"type":"Point","coordinates":[-75.172188,39.920369]},"properties":{"ward":26,"division":21,"precinct":"2621","placename":"CARING PEOPLE ALLIANCE","street_address":"2433 S 15TH ST","zip_code":"19145","accessibility_code":"F","parking_code":"L","gdb_geomattr_data":null,"objectid":606}},{"type":"Feature","geometry":{"type":"Point","coordinates":[-75.172819,39.923346]},"properties":{"ward":26,"division":22,"precinct":"2622","placename":"GUERIN RECREATION CENTER-BOCCE BLDG","street_address":"2201 S 16TH ST","zip_code":"19145","accessibility_code":"M","parking_code":"N","gdb_geomattr_data":null,"objectid":607}},{"type":"Feature","geometry":{"type":"Point","coordinates":[-75.181507,39.910344]},"properties":{"ward":26,"division":23,"precinct":"2623","placename":"CITY LIFE CHURCH (CALVARY TEMPLE CAMPUS)","street_address":"3301 S 20TH ST","zip_code":"19145","accessibility_code":"M","parking_code":"H","gdb_geomattr_data":null,"objectid":608}},{"type":"Feature","geometry":{"type":"Point","coordinates":[-75.208264,39.953258]},"properties":{"ward":27,"division":1,"precinct":"2701","placename":"PENN ALEXANDER SCHOOL","street_address":"4209 SPRUCE ST","zip_code":"19104","accessibility_code":"F","parking_code":"L","gdb_geomattr_data":null,"objectid":609}},{"type":"Feature","geometry":{"type":"Point","coordinates":[-75.208308,39.953267]},"properties":{"ward":27,"division":2,"precinct":"2702","placename":"PENN ALEXANDER SCHOOL","street_address":"4209 SPRUCE ST","zip_code":"19104","accessibility_code":"F","parking_code":"L","gdb_geomattr_data":null,"objectid":610}},{"type":"Feature","geometry":{"type":"Point","coordinates":[-75.195311,39.952573]},"properties":{"ward":27,"division":3,"precinct":"2703","placename":"THE ARCH BUILDING-ROOM 108","street_address":"3601 LOCUST WALK","zip_code":"19104","accessibility_code":"M","parking_code":"N","gdb_geomattr_data":null,"objectid":611}},{"type":"Feature","geometry":{"type":"Point","coordinates":[-75.216459,39.940875]},"properties":{"ward":27,"division":4,"precinct":"2704","placename":"COMEGYS SCHOOL","street_address":"5100 GREENWAY AVE","zip_code":"19143","accessibility_code":"M","parking_code":"L","gdb_geomattr_data":null,"objectid":612}},{"type":"Feature","geometry":{"type":"Point","coordinates":[-75.201547,39.952749]},"properties":{"ward":27,"division":5,"precinct":"2705","placename":"CIVIC HOUSE/UNIV OF PENNA","street_address":"3914 LOCUST WALK","zip_code":"19104","accessibility_code":"F","parking_code":"N","gdb_geomattr_data":null,"objectid":613}},{"type":"Feature","geometry":{"type":"Point","coordinates":[-75.205753,39.957325]},"properties":{"ward":27,"division":6,"precinct":"2706","placename":"ROBESON HIGH SCHOOL","street_address":"4125 LUDLOW ST","zip_code":"19104","accessibility_code":"M","parking_code":"N","gdb_geomattr_data":null,"objectid":614}},{"type":"Feature","geometry":{"type":"Point","coordinates":[-75.209061,39.946736]},"properties":{"ward":27,"division":7,"precinct":"2707","placename":"ROSENBERGER HALL","street_address":"600 S 43RD ST","zip_code":"19104","accessibility_code":"F","parking_code":"N","gdb_geomattr_data":null,"objectid":615}},{"type":"Feature","geometry":{"type":"Point","coordinates":[-75.20255,39.954213]},"properties":{"ward":27,"division":8,"precinct":"2708","placename":"WALNUT ST WEST LIBRARY","street_address":"201 S 40TH ST","zip_code":"19104","accessibility_code":"M","parking_code":"N","gdb_geomattr_data":null,"objectid":616}},{"type":"Feature","geometry":{"type":"Point","coordinates":[-75.202551,39.954215]},"properties":{"ward":27,"division":9,"precinct":"2709","placename":"WALNUT ST WEST LIBRARY","street_address":"201 S 40TH ST","zip_code":"19104","accessibility_code":"M","parking_code":"N","gdb_geomattr_data":null,"objectid":617}},{"type":"Feature","geometry":{"type":"Point","coordinates":[-75.211892,39.95369]},"properties":{"ward":27,"division":10,"precinct":"2710","placename":"SPRUCE HILL COMMUNITY ASSOCIATION","street_address":"257 S 45TH ST","zip_code":"19104","accessibility_code":"M","parking_code":"L","gdb_geomattr_data":null,"objectid":618}},{"type":"Feature","geometry":{"type":"Point","coordinates":[-75.193918,39.950928]},"properties":{"ward":27,"division":11,"precinct":"2711","placename":"HOUSTON HALL","street_address":"3417 SPRUCE ST","zip_code":"19104","accessibility_code":"F","parking_code":"N","gdb_geomattr_data":null,"objectid":619}},{"type":"Feature","geometry":{"type":"Point","coordinates":[-75.216464,39.940879]},"properties":{"ward":27,"division":12,"precinct":"2712","placename":"COMEGYS SCHOOL","street_address":"5100 GREENWAY AVE","zip_code":"19143","accessibility_code":"M","parking_code":"L","gdb_geomattr_data":null,"objectid":620}},{"type":"Feature","geometry":{"type":"Point","coordinates":[-75.205753,39.957325]},"properties":{"ward":27,"division":13,"precinct":"2713","placename":"ROBESON HIGH SCHOOL","street_address":"4125 LUDLOW ST","zip_code":"19104","accessibility_code":"M","parking_code":"N","gdb_geomattr_data":null,"objectid":621}},{"type":"Feature","geometry":{"type":"Point","coordinates":[-75.208245,39.95325]},"properties":{"ward":27,"division":14,"precinct":"2714","placename":"PENN ALEXANDER SCHOOL","street_address":"4209 SPRUCE ST","zip_code":"19104","accessibility_code":"F","parking_code":"L","gdb_geomattr_data":null,"objectid":622}},{"type":"Feature","geometry":{"type":"Point","coordinates":[-75.209818,39.942477]},"properties":{"ward":27,"division":15,"precinct":"2715","placename":"48TH & WOODLAND RECREATION CENTER","street_address":"1414 S 47TH ST","zip_code":"19143","accessibility_code":"M","parking_code":"L","gdb_geomattr_data":null,"objectid":623}},{"type":"Feature","geometry":{"type":"Point","coordinates":[-75.209818,39.942477]},"properties":{"ward":27,"division":16,"precinct":"2716","placename":"48TH & WOODLAND RECREATION CENTER","street_address":"1414 S 47TH ST","zip_code":"19143","accessibility_code":"M","parking_code":"L","gdb_geomattr_data":null,"objectid":624}},{"type":"Feature","geometry":{"type":"Point","coordinates":[-75.209818,39.942477]},"properties":{"ward":27,"division":17,"precinct":"2717","placename":"48TH & WOODLAND RECREATION CENTER","street_address":"1414 S 47TH ST","zip_code":"19143","accessibility_code":"M","parking_code":"L","gdb_geomattr_data":null,"objectid":625}},{"type":"Feature","geometry":{"type":"Point","coordinates":[-75.193923,39.950924]},"properties":{"ward":27,"division":18,"precinct":"2718","placename":"HOUSTON HALL","street_address":"3417 SPRUCE ST","zip_code":"19104","accessibility_code":"F","parking_code":"N","gdb_geomattr_data":null,"objectid":626}},{"type":"Feature","geometry":{"type":"Point","coordinates":[-75.195311,39.952573]},"properties":{"ward":27,"division":19,"precinct":"2719","placename":"THE ARCH BUILDING-ROOM 108","street_address":"3601 LOCUST WALK","zip_code":"19104","accessibility_code":"M","parking_code":"N","gdb_geomattr_data":null,"objectid":627}},{"type":"Feature","geometry":{"type":"Point","coordinates":[-75.193928,39.950922]},"properties":{"ward":27,"division":20,"precinct":"2720","placename":"HOUSTON HALL","street_address":"3417 SPRUCE ST","zip_code":"19104","accessibility_code":"F","parking_code":"N","gdb_geomattr_data":null,"objectid":628}},{"type":"Feature","geometry":{"type":"Point","coordinates":[-75.193916,39.950922]},"properties":{"ward":27,"division":21,"precinct":"2721","placename":"HOUSTON HALL","street_address":"3417 SPRUCE ST","zip_code":"19104","accessibility_code":"F","parking_code":"N","gdb_geomattr_data":null,"objectid":629}},{"type":"Feature","geometry":{"type":"Point","coordinates":[-75.193928,39.950941]},"properties":{"ward":27,"division":22,"precinct":"2722","placename":"HOUSTON HALL","street_address":"3417 SPRUCE ST","zip_code":"19104","accessibility_code":"F","parking_code":"N","gdb_geomattr_data":null,"objectid":630}},{"type":"Feature","geometry":{"type":"Point","coordinates":[-75.208303,39.953235]},"properties":{"ward":27,"division":23,"precinct":"2723","placename":"PENN ALEXANDER SCHOOL","street_address":"4209 SPRUCE ST","zip_code":"19104","accessibility_code":"F","parking_code":"L","gdb_geomattr_data":null,"objectid":631}},{"type":"Feature","geometry":{"type":"Point","coordinates":[-75.167509,39.995241]},"properties":{"ward":28,"division":1,"precinct":"2801","placename":"DOBBINS TECHNICAL HIGH SCHOOL","street_address":"2150 W LEHIGH AVE","zip_code":"19132","accessibility_code":"F","parking_code":"N","gdb_geomattr_data":null,"objectid":632}},{"type":"Feature","geometry":{"type":"Point","coordinates":[-75.177624,39.990633]},"properties":{"ward":28,"division":2,"precinct":"2802","placename":"WRIGHT SCHOOL","street_address":"2700 W DAUPHIN ST","zip_code":"19132","accessibility_code":"F","parking_code":"L","gdb_geomattr_data":null,"objectid":633}},{"type":"Feature","geometry":{"type":"Point","coordinates":[-75.177624,39.990633]},"properties":{"ward":28,"division":3,"precinct":"2803","placename":"WRIGHT SCHOOL","street_address":"2700 W DAUPHIN ST","zip_code":"19132","accessibility_code":"F","parking_code":"L","gdb_geomattr_data":null,"objectid":634}},{"type":"Feature","geometry":{"type":"Point","coordinates":[-75.184121,39.991094]},"properties":{"ward":28,"division":4,"precinct":"2804","placename":"STRAWBERRY MANSION SCHOOL","street_address":"3133 RIDGE AVE","zip_code":"19121","accessibility_code":"F","parking_code":"L","gdb_geomattr_data":null,"objectid":635}},{"type":"Feature","geometry":{"type":"Point","coordinates":[-75.184121,39.991094]},"properties":{"ward":28,"division":5,"precinct":"2805","placename":"STRAWBERRY MANSION SCHOOL","street_address":"3133 RIDGE AVE","zip_code":"19121","accessibility_code":"F","parking_code":"L","gdb_geomattr_data":null,"objectid":636}},{"type":"Feature","geometry":{"type":"Point","coordinates":[-75.177624,39.990633]},"properties":{"ward":28,"division":6,"precinct":"2806","placename":"WRIGHT SCHOOL","street_address":"2700 W DAUPHIN ST","zip_code":"19132","accessibility_code":"F","parking_code":"L","gdb_geomattr_data":null,"objectid":637}},{"type":"Feature","geometry":{"type":"Point","coordinates":[-75.177624,39.990633]},"properties":{"ward":28,"division":7,"precinct":"2807","placename":"WRIGHT SCHOOL","street_address":"2700 W DAUPHIN ST","zip_code":"19132","accessibility_code":"F","parking_code":"L","gdb_geomattr_data":null,"objectid":638}},{"type":"Feature","geometry":{"type":"Point","coordinates":[-75.176302,39.993026]},"properties":{"ward":28,"division":8,"precinct":"2808","placename":"NORTH PENN P.A.L. CENTER","street_address":"2423 N 27TH ST","zip_code":"19132","accessibility_code":"A","parking_code":"N","gdb_geomattr_data":null,"objectid":639}},{"type":"Feature","geometry":{"type":"Point","coordinates":[-75.18374,39.997192]},"properties":{"ward":28,"division":9,"precinct":"2809","placename":"ETHEL ALLEN SCHOOL","street_address":"3200 W LEHIGH AVE","zip_code":"19132","accessibility_code":"M","parking_code":"L","gdb_geomattr_data":null,"objectid":640}},{"type":"Feature","geometry":{"type":"Point","coordinates":[-75.18374,39.997192]},"properties":{"ward":28,"division":10,"precinct":"2810","placename":"ETHEL ALLEN SCHOOL","street_address":"3200 W LEHIGH AVE","zip_code":"19132","accessibility_code":"M","parking_code":"L","gdb_geomattr_data":null,"objectid":641}},{"type":"Feature","geometry":{"type":"Point","coordinates":[-75.18374,39.997192]},"properties":{"ward":28,"division":11,"precinct":"2811","placename":"ETHEL ALLEN SCHOOL","street_address":"3200 W LEHIGH AVE","zip_code":"19132","accessibility_code":"M","parking_code":"L","gdb_geomattr_data":null,"objectid":642}},{"type":"Feature","geometry":{"type":"Point","coordinates":[-75.18374,39.997192]},"properties":{"ward":28,"division":12,"precinct":"2812","placename":"ETHEL ALLEN SCHOOL","street_address":"3200 W LEHIGH AVE","zip_code":"19132","accessibility_code":"M","parking_code":"L","gdb_geomattr_data":null,"objectid":643}},{"type":"Feature","geometry":{"type":"Point","coordinates":[-75.177662,39.997087]},"properties":{"ward":28,"division":13,"precinct":"2813","placename":"WIDENER BRANCH LIBRARY","street_address":"2808 W LEHIGH AVE","zip_code":"19132","accessibility_code":"F","parking_code":"L","gdb_geomattr_data":null,"objectid":644}},{"type":"Feature","geometry":{"type":"Point","coordinates":[-75.177662,39.997087]},"properties":{"ward":28,"division":14,"precinct":"2814","placename":"WIDENER BRANCH LIBRARY","street_address":"2808 W LEHIGH AVE","zip_code":"19132","accessibility_code":"F","parking_code":"L","gdb_geomattr_data":null,"objectid":645}},{"type":"Feature","geometry":{"type":"Point","coordinates":[-75.177662,39.997087]},"properties":{"ward":28,"division":15,"precinct":"2815","placename":"WIDENER BRANCH LIBRARY","street_address":"2808 W LEHIGH AVE","zip_code":"19132","accessibility_code":"F","parking_code":"L","gdb_geomattr_data":null,"objectid":646}},{"type":"Feature","geometry":{"type":"Point","coordinates":[-75.177662,39.997087]},"properties":{"ward":28,"division":16,"precinct":"2816","placename":"WIDENER BRANCH LIBRARY","street_address":"2808 W LEHIGH AVE","zip_code":"19132","accessibility_code":"F","parking_code":"L","gdb_geomattr_data":null,"objectid":647}},{"type":"Feature","geometry":{"type":"Point","coordinates":[-75.176659,39.999859]},"properties":{"ward":28,"division":17,"precinct":"2817","placename":"MEDIATOR LUTHERAN CHURCH","street_address":"2832 N 28TH ST","zip_code":"19132","accessibility_code":"F","parking_code":"N","gdb_geomattr_data":null,"objectid":648}},{"type":"Feature","geometry":{"type":"Point","coordinates":[-75.167509,39.995218]},"properties":{"ward":28,"division":18,"precinct":"2818","placename":"DOBBINS TECHNICAL HIGH SCHOOL","street_address":"2150 W LEHIGH AVE","zip_code":"19132","accessibility_code":"F","parking_code":"N","gdb_geomattr_data":null,"objectid":649}},{"type":"Feature","geometry":{"type":"Point","coordinates":[-75.167683,39.973229]},"properties":{"ward":29,"division":1,"precinct":"2901","placename":"PTTI (BEREAN) INSTITUTE","street_address":"1901 W GIRARD AVE","zip_code":"19130","accessibility_code":"M","parking_code":"N","gdb_geomattr_data":null,"objectid":650}},{"type":"Feature","geometry":{"type":"Point","coordinates":[-75.174327,39.976084]},"properties":{"ward":29,"division":2,"precinct":"2902","placename":"VAUX BIG PICTURE HIGH SCHOOL (PHA)","street_address":"2300 MASTER ST","zip_code":"19121","accessibility_code":"F","parking_code":"N","gdb_geomattr_data":null,"objectid":651}},{"type":"Feature","geometry":{"type":"Point","coordinates":[-75.181724,39.976329]},"properties":{"ward":29,"division":3,"precinct":"2903","placename":"CELESTIAL WORD MINISTRIES","street_address":"2800 W THOMPSON ST","zip_code":"19121","accessibility_code":"F","parking_code":"N","gdb_geomattr_data":null,"objectid":652}},{"type":"Feature","geometry":{"type":"Point","coordinates":[-75.174393,39.978862]},"properties":{"ward":29,"division":4,"precinct":"2904","placename":"SHARSWOOD TOWER (PHA)","street_address":"1515 N 24TH ST","zip_code":"19121","accessibility_code":"F","parking_code":"H","gdb_geomattr_data":null,"objectid":653}},{"type":"Feature","geometry":{"type":"Point","coordinates":[-75.173649,39.980868]},"properties":{"ward":29,"division":5,"precinct":"2905","placename":"CECIL B MOORE LIBRARY","street_address":"2320 CECIL B MOORE AVE","zip_code":"19121","accessibility_code":"M","parking_code":"N","gdb_geomattr_data":null,"objectid":654}},{"type":"Feature","geometry":{"type":"Point","coordinates":[-75.173649,39.980868]},"properties":{"ward":29,"division":6,"precinct":"2906","placename":"CECIL B MOORE LIBRARY","street_address":"2320 CECIL B MOORE AVE","zip_code":"19121","accessibility_code":"M","parking_code":"N","gdb_geomattr_data":null,"objectid":655}},{"type":"Feature","geometry":{"type":"Point","coordinates":[-75.174396,39.978862]},"properties":{"ward":29,"division":7,"precinct":"2907","placename":"SHARSWOOD TOWER (PHA)","street_address":"1515 N 24TH ST","zip_code":"19121","accessibility_code":"F","parking_code":"H","gdb_geomattr_data":null,"objectid":656}},{"type":"Feature","geometry":{"type":"Point","coordinates":[-75.174337,39.976091]},"properties":{"ward":29,"division":8,"precinct":"2908","placename":"VAUX BIG PICTURE HIGH SCHOOL (PHA)","street_address":"2300 MASTER ST","zip_code":"19121","accessibility_code":"F","parking_code":"N","gdb_geomattr_data":null,"objectid":657}},{"type":"Feature","geometry":{"type":"Point","coordinates":[-75.177642,39.978442]},"properties":{"ward":29,"division":9,"precinct":"2909","placename":"BOONE SCHOOL (CAMELOT ACADEMY)","street_address":"1435 N 26TH ST","zip_code":"19121","accessibility_code":"R","parking_code":"N","gdb_geomattr_data":null,"objectid":658}},{"type":"Feature","geometry":{"type":"Point","coordinates":[-75.185452,39.978109]},"properties":{"ward":29,"division":10,"precinct":"2910","placename":"BREWERYTOWN SHARSWOOD CCA","street_address":"3000 MASTER ST, UNIT D","zip_code":"19121","accessibility_code":"F","parking_code":"N","gdb_geomattr_data":null,"objectid":659}},{"type":"Feature","geometry":{"type":"Point","coordinates":[-75.178858,39.975756]},"properties":{"ward":29,"division":11,"precinct":"2911","placename":"MORRIS SCHOOL","street_address":"2600 W THOMPSON ST","zip_code":"19121","accessibility_code":"F","parking_code":"L","gdb_geomattr_data":null,"objectid":660}},{"type":"Feature","geometry":{"type":"Point","coordinates":[-75.17997,39.976151]},"properties":{"ward":29,"division":12,"precinct":"2912","placename":"COLLEGEVIEW HOMES (PHA)","street_address":"2632 W THOMPSON ST","zip_code":"19121","accessibility_code":"F","parking_code":"L","gdb_geomattr_data":null,"objectid":661}},{"type":"Feature","geometry":{"type":"Point","coordinates":[-75.178858,39.975755]},"properties":{"ward":29,"division":13,"precinct":"2913","placename":"MORRIS SCHOOL","street_address":"2600 W THOMPSON ST","zip_code":"19121","accessibility_code":"F","parking_code":"L","gdb_geomattr_data":null,"objectid":662}},{"type":"Feature","geometry":{"type":"Point","coordinates":[-75.177635,39.978436]},"properties":{"ward":29,"division":14,"precinct":"2914","placename":"BOONE SCHOOL (CAMELOT ACADEMY)","street_address":"1435 N 26TH ST","zip_code":"19121","accessibility_code":"R","parking_code":"N","gdb_geomattr_data":null,"objectid":663}},{"type":"Feature","geometry":{"type":"Point","coordinates":[-75.180306,39.98108]},"properties":{"ward":29,"division":15,"precinct":"2915","placename":"W D KELLEY SCHOOL","street_address":"1601 N 28TH ST","zip_code":"19121","accessibility_code":"M","parking_code":"L","gdb_geomattr_data":null,"objectid":664}},{"type":"Feature","geometry":{"type":"Point","coordinates":[-75.180306,39.98108]},"properties":{"ward":29,"division":16,"precinct":"2916","placename":"W D KELLEY SCHOOL","street_address":"1601 N 28TH ST","zip_code":"19121","accessibility_code":"M","parking_code":"L","gdb_geomattr_data":null,"objectid":665}},{"type":"Feature","geometry":{"type":"Point","coordinates":[-75.185463,39.978098]},"properties":{"ward":29,"division":17,"precinct":"2917","placename":"BREWERYTOWN SHARSWOOD CCA","street_address":"3000 MASTER ST, UNIT D","zip_code":"19121","accessibility_code":"F","parking_code":"N","gdb_geomattr_data":null,"objectid":666}},{"type":"Feature","geometry":{"type":"Point","coordinates":[-75.185447,39.978118]},"properties":{"ward":29,"division":18,"precinct":"2918","placename":"BREWERYTOWN SHARSWOOD CCA","street_address":"3000 MASTER ST, UNIT D","zip_code":"19121","accessibility_code":"F","parking_code":"N","gdb_geomattr_data":null,"objectid":667}},{"type":"Feature","geometry":{"type":"Point","coordinates":[-75.168632,39.942764]},"properties":{"ward":30,"division":1,"precinct":"3001","placename":"GIDEON HALL@SCOTTISH RITE HOUSE","street_address":"1525 FITZWATER ST","zip_code":"19146","accessibility_code":"F","parking_code":"H","gdb_geomattr_data":null,"objectid":668}},{"type":"Feature","geometry":{"type":"Point","coordinates":[-75.169176,39.942448]},"properties":{"ward":30,"division":2,"precinct":"3002","placename":"SCOTTISH RITE TOWER","street_address":"1530 FITZWATER ST","zip_code":"19146","accessibility_code":"F","parking_code":"N","gdb_geomattr_data":null,"objectid":669}},{"type":"Feature","geometry":{"type":"Point","coordinates":[-75.165331,39.946977]},"properties":{"ward":30,"division":3,"precinct":"3003","placename":"KIMMEL CENTER","street_address":"300 S BROAD ST","zip_code":"19102","accessibility_code":"F","parking_code":"L","gdb_geomattr_data":null,"objectid":670}},{"type":"Feature","geometry":{"type":"Point","coordinates":[-75.167185,39.941541]},"properties":{"ward":30,"division":4,"precinct":"3004","placename":"UNIVERSAL CHARTER SCHOOL","street_address":"1427 CATHARINE ST","zip_code":"19146","accessibility_code":"F","parking_code":"N","gdb_geomattr_data":null,"objectid":671}},{"type":"Feature","geometry":{"type":"Point","coordinates":[-75.172342,39.940851]},"properties":{"ward":30,"division":5,"precinct":"3005","placename":"Y M C A [CHRISTIAN ST BRANCH]","street_address":"1724 CHRISTIAN ST","zip_code":"19146","accessibility_code":"A","parking_code":"N","gdb_geomattr_data":null,"objectid":672}},{"type":"Feature","geometry":{"type":"Point","coordinates":[-75.171236,39.942286]},"properties":{"ward":30,"division":6,"precinct":"3006","placename":"ANDERSON RECREATION CENTER","street_address":"740 S 17TH ST","zip_code":"19146","accessibility_code":"F","parking_code":"N","gdb_geomattr_data":null,"objectid":673}},{"type":"Feature","geometry":{"type":"Point","coordinates":[-75.171236,39.942286]},"properties":{"ward":30,"division":7,"precinct":"3007","placename":"ANDERSON RECREATION CENTER","street_address":"740 S 17TH ST","zip_code":"19146","accessibility_code":"F","parking_code":"N","gdb_geomattr_data":null,"objectid":674}},{"type":"Feature","geometry":{"type":"Point","coordinates":[-75.180675,39.945142]},"properties":{"ward":30,"division":8,"precinct":"3008","placename":"STOREFRONT [617 S 24TH ST]","street_address":"617 S 24TH ST","zip_code":"19146","accessibility_code":"F","parking_code":"N","gdb_geomattr_data":null,"objectid":675}},{"type":"Feature","geometry":{"type":"Point","coordinates":[-75.176291,39.942192]},"properties":{"ward":30,"division":9,"precinct":"3009","placename":"ARTHUR SCHOOL","street_address":"2000 CATHARINE ST","zip_code":"19146","accessibility_code":"A","parking_code":"N","gdb_geomattr_data":null,"objectid":676}},{"type":"Feature","geometry":{"type":"Point","coordinates":[-75.172335,39.940846]},"properties":{"ward":30,"division":10,"precinct":"3010","placename":"Y M C A [CHRISTIAN ST BRANCH]","street_address":"1724 CHRISTIAN ST","zip_code":"19146","accessibility_code":"A","parking_code":"N","gdb_geomattr_data":null,"objectid":677}},{"type":"Feature","geometry":{"type":"Point","coordinates":[-75.176291,39.942192]},"properties":{"ward":30,"division":11,"precinct":"3011","placename":"ARTHUR SCHOOL","street_address":"2000 CATHARINE ST","zip_code":"19146","accessibility_code":"A","parking_code":"N","gdb_geomattr_data":null,"objectid":678}},{"type":"Feature","geometry":{"type":"Point","coordinates":[-75.182156,39.941387]},"properties":{"ward":30,"division":12,"precinct":"3012","placename":"BIRCHWOOD AT GRAYS FERRY (PHA)","street_address":"2309 CARPENTER ST","zip_code":"19146","accessibility_code":"M","parking_code":"L","gdb_geomattr_data":null,"objectid":679}},{"type":"Feature","geometry":{"type":"Point","coordinates":[-75.172331,39.940846]},"properties":{"ward":30,"division":13,"precinct":"3013","placename":"Y M C A [CHRISTIAN ST BRANCH]","street_address":"1724 CHRISTIAN ST","zip_code":"19146","accessibility_code":"A","parking_code":"N","gdb_geomattr_data":null,"objectid":680}},{"type":"Feature","geometry":{"type":"Point","coordinates":[-75.176291,39.942192]},"properties":{"ward":30,"division":14,"precinct":"3014","placename":"ARTHUR SCHOOL","street_address":"2000 CATHARINE ST","zip_code":"19146","accessibility_code":"A","parking_code":"N","gdb_geomattr_data":null,"objectid":681}},{"type":"Feature","geometry":{"type":"Point","coordinates":[-75.176291,39.942192]},"properties":{"ward":30,"division":15,"precinct":"3015","placename":"ARTHUR SCHOOL","street_address":"2000 CATHARINE ST","zip_code":"19146","accessibility_code":"A","parking_code":"N","gdb_geomattr_data":null,"objectid":682}},{"type":"Feature","geometry":{"type":"Point","coordinates":[-75.180675,39.945142]},"properties":{"ward":30,"division":16,"precinct":"3016","placename":"STOREFRONT [617 S 24TH ST]","street_address":"617 S 24TH ST","zip_code":"19146","accessibility_code":"F","parking_code":"N","gdb_geomattr_data":null,"objectid":683}},{"type":"Feature","geometry":{"type":"Point","coordinates":[-75.182156,39.941384]},"properties":{"ward":30,"division":17,"precinct":"3017","placename":"BIRCHWOOD AT GRAYS FERRY (PHA)","street_address":"2309 CARPENTER ST","zip_code":"19146","accessibility_code":"M","parking_code":"L","gdb_geomattr_data":null,"objectid":684}},{"type":"Feature","geometry":{"type":"Point","coordinates":[-75.128512,39.985108]},"properties":{"ward":31,"division":1,"precinct":"3101","placename":"KENSINGTON HIGH SCHOOL ANNEX","street_address":"2463 EMERALD ST","zip_code":"19125","accessibility_code":"M","parking_code":"H","gdb_geomattr_data":null,"objectid":685}},{"type":"Feature","geometry":{"type":"Point","coordinates":[-75.126264,39.990104]},"properties":{"ward":31,"division":2,"precinct":"3102","placename":"COMMUNITY CENTER AT VISITATION","street_address":"2646 KENSINGTON AVE","zip_code":"19125","accessibility_code":"F","parking_code":"N","gdb_geomattr_data":null,"objectid":686}},{"type":"Feature","geometry":{"type":"Point","coordinates":[-75.126583,39.981495]},"properties":{"ward":31,"division":3,"precinct":"3103","placename":"HACKETT SCHOOL","street_address":"2143-75 E YORK ST","zip_code":"19125","accessibility_code":"A","parking_code":"N","gdb_geomattr_data":null,"objectid":687}},{"type":"Feature","geometry":{"type":"Point","coordinates":[-75.127435,39.979833]},"properties":{"ward":31,"division":4,"precinct":"3104","placename":"SUMMERFIELD CHURCH","street_address":"2223 E DAUPHIN ST","zip_code":"19125","accessibility_code":"M","parking_code":"L","gdb_geomattr_data":null,"objectid":688}},{"type":"Feature","geometry":{"type":"Point","coordinates":[-75.127433,39.979825]},"properties":{"ward":31,"division":5,"precinct":"3105","placename":"SUMMERFIELD CHURCH","street_address":"2223 E DAUPHIN ST","zip_code":"19125","accessibility_code":"M","parking_code":"L","gdb_geomattr_data":null,"objectid":689}},{"type":"Feature","geometry":{"type":"Point","coordinates":[-75.118587,39.980845]},"properties":{"ward":31,"division":6,"precinct":"3106","placename":"CIONE RECREATION CENTER","street_address":"2600 ARAMINGO AVE","zip_code":"19125","accessibility_code":"M","parking_code":"N","gdb_geomattr_data":null,"objectid":690}},{"type":"Feature","geometry":{"type":"Point","coordinates":[-75.117035,39.976795]},"properties":{"ward":31,"division":7,"precinct":"3107","placename":"MARITIME ACADEMY CHARTER SCHOOL","street_address":"2700 E HUNTINGDON ST","zip_code":"19125","accessibility_code":"M","parking_code":"N","gdb_geomattr_data":null,"objectid":691}},{"type":"Feature","geometry":{"type":"Point","coordinates":[-75.128512,39.985108]},"properties":{"ward":31,"division":8,"precinct":"3108","placename":"KENSINGTON HIGH SCHOOL ANNEX","street_address":"2463 EMERALD ST","zip_code":"19125","accessibility_code":"M","parking_code":"H","gdb_geomattr_data":null,"objectid":692}},{"type":"Feature","geometry":{"type":"Point","coordinates":[-75.128512,39.985108]},"properties":{"ward":31,"division":9,"precinct":"3109","placename":"KENSINGTON HIGH SCHOOL ANNEX","street_address":"2463 EMERALD ST","zip_code":"19125","accessibility_code":"M","parking_code":"H","gdb_geomattr_data":null,"objectid":693}},{"type":"Feature","geometry":{"type":"Point","coordinates":[-75.124733,39.982648]},"properties":{"ward":31,"division":10,"precinct":"3110","placename":"ST MICHAELS LUTHERAN CHURCH","street_address":"2139 E CUMBERLAND ST","zip_code":"19125","accessibility_code":"M","parking_code":"N","gdb_geomattr_data":null,"objectid":694}},{"type":"Feature","geometry":{"type":"Point","coordinates":[-75.127557,39.986866]},"properties":{"ward":31,"division":11,"precinct":"3111","placename":"H A BROWN SCHOOL","street_address":"1946 E SERGEANT ST","zip_code":"19125","accessibility_code":"M","parking_code":"N","gdb_geomattr_data":null,"objectid":695}},{"type":"Feature","geometry":{"type":"Point","coordinates":[-75.127561,39.986864]},"properties":{"ward":31,"division":12,"precinct":"3112","placename":"H A BROWN SCHOOL","street_address":"1946 E SERGEANT ST","zip_code":"19125","accessibility_code":"M","parking_code":"N","gdb_geomattr_data":null,"objectid":696}},{"type":"Feature","geometry":{"type":"Point","coordinates":[-75.126573,39.98149]},"properties":{"ward":31,"division":13,"precinct":"3113","placename":"HACKETT SCHOOL","street_address":"2143-75 E YORK ST","zip_code":"19125","accessibility_code":"A","parking_code":"N","gdb_geomattr_data":null,"objectid":697}},{"type":"Feature","geometry":{"type":"Point","coordinates":[-75.124739,39.982648]},"properties":{"ward":31,"division":14,"precinct":"3114","placename":"ST MICHAELS LUTHERAN CHURCH","street_address":"2139 E CUMBERLAND ST","zip_code":"19125","accessibility_code":"M","parking_code":"N","gdb_geomattr_data":null,"objectid":698}},{"type":"Feature","geometry":{"type":"Point","coordinates":[-75.124739,39.982646]},"properties":{"ward":31,"division":15,"precinct":"3115","placename":"ST MICHAELS LUTHERAN CHURCH","street_address":"2139 E CUMBERLAND ST","zip_code":"19125","accessibility_code":"M","parking_code":"N","gdb_geomattr_data":null,"objectid":699}},{"type":"Feature","geometry":{"type":"Point","coordinates":[-75.124738,39.982644]},"properties":{"ward":31,"division":16,"precinct":"3116","placename":"ST MICHAELS LUTHERAN CHURCH","street_address":"2139 E CUMBERLAND ST","zip_code":"19125","accessibility_code":"M","parking_code":"N","gdb_geomattr_data":null,"objectid":700}},{"type":"Feature","geometry":{"type":"Point","coordinates":[-75.117035,39.976792]},"properties":{"ward":31,"division":17,"precinct":"3117","placename":"MARITIME ACADEMY CHARTER SCHOOL","street_address":"2700 E HUNTINGDON ST","zip_code":"19125","accessibility_code":"M","parking_code":"N","gdb_geomattr_data":null,"objectid":701}},{"type":"Feature","geometry":{"type":"Point","coordinates":[-75.118587,39.980845]},"properties":{"ward":31,"division":18,"precinct":"3118","placename":"CIONE RECREATION CENTER","street_address":"2600 ARAMINGO AVE","zip_code":"19125","accessibility_code":"M","parking_code":"N","gdb_geomattr_data":null,"objectid":702}},{"type":"Feature","geometry":{"type":"Point","coordinates":[-75.118587,39.980845]},"properties":{"ward":31,"division":19,"precinct":"3119","placename":"CIONE RECREATION CENTER","street_address":"2600 ARAMINGO AVE","zip_code":"19125","accessibility_code":"M","parking_code":"N","gdb_geomattr_data":null,"objectid":703}},{"type":"Feature","geometry":{"type":"Point","coordinates":[-75.180306,39.98108]},"properties":{"ward":32,"division":1,"precinct":"3201","placename":"W D KELLEY SCHOOL","street_address":"1601 N 28TH ST","zip_code":"19121","accessibility_code":"M","parking_code":"L","gdb_geomattr_data":null,"objectid":704}},{"type":"Feature","geometry":{"type":"Point","coordinates":[-75.170725,39.980697]},"properties":{"ward":32,"division":2,"precinct":"3202","placename":"M L KING RECREATION CENTER","street_address":"2101 CECIL B MOORE AVE","zip_code":"19121","accessibility_code":"M","parking_code":"N","gdb_geomattr_data":null,"objectid":705}},{"type":"Feature","geometry":{"type":"Point","coordinates":[-75.180306,39.98108]},"properties":{"ward":32,"division":3,"precinct":"3203","placename":"W D KELLEY SCHOOL","street_address":"1601 N 28TH ST","zip_code":"19121","accessibility_code":"M","parking_code":"L","gdb_geomattr_data":null,"objectid":706}},{"type":"Feature","geometry":{"type":"Point","coordinates":[-75.180306,39.98108]},"properties":{"ward":32,"division":4,"precinct":"3204","placename":"W D KELLEY SCHOOL","street_address":"1601 N 28TH ST","zip_code":"19121","accessibility_code":"M","parking_code":"L","gdb_geomattr_data":null,"objectid":707}},{"type":"Feature","geometry":{"type":"Point","coordinates":[-75.160372,39.982049]},"properties":{"ward":32,"division":5,"precinct":"3205","placename":"AMOS RECREATION CENTER","street_address":"1817 N 16TH ST","zip_code":"19121","accessibility_code":"F","parking_code":"L","gdb_geomattr_data":null,"objectid":708}},{"type":"Feature","geometry":{"type":"Point","coordinates":[-75.160378,39.982032]},"properties":{"ward":32,"division":6,"precinct":"3206","placename":"AMOS RECREATION CENTER","street_address":"1817 N 16TH ST","zip_code":"19121","accessibility_code":"F","parking_code":"L","gdb_geomattr_data":null,"objectid":709}},{"type":"Feature","geometry":{"type":"Point","coordinates":[-75.159049,39.985737]},"properties":{"ward":32,"division":7,"precinct":"3207","placename":"DUCKREY SCHOOL","street_address":"1501 W DIAMOND ST","zip_code":"19121","accessibility_code":"F","parking_code":"N","gdb_geomattr_data":null,"objectid":710}},{"type":"Feature","geometry":{"type":"Point","coordinates":[-75.160378,39.982036]},"properties":{"ward":32,"division":8,"precinct":"3208","placename":"AMOS RECREATION CENTER","street_address":"1817 N 16TH ST","zip_code":"19121","accessibility_code":"F","parking_code":"L","gdb_geomattr_data":null,"objectid":711}},{"type":"Feature","geometry":{"type":"Point","coordinates":[-75.161237,39.98347]},"properties":{"ward":32,"division":9,"precinct":"3209","placename":"CARVER HIGH SCHOOL FOR ENGINEERING & SCIENCE","street_address":"1600 W NORRIS ST","zip_code":"19121","accessibility_code":"F","parking_code":"L","gdb_geomattr_data":null,"objectid":712}},{"type":"Feature","geometry":{"type":"Point","coordinates":[-75.183153,39.986199]},"properties":{"ward":32,"division":10,"precinct":"3210","placename":"BLAINE SCHOOL","street_address":"3001 W BERKS ST","zip_code":"19121","accessibility_code":"M","parking_code":"L","gdb_geomattr_data":null,"objectid":713}},{"type":"Feature","geometry":{"type":"Point","coordinates":[-75.16123,39.98347]},"properties":{"ward":32,"division":11,"precinct":"3211","placename":"CARVER HIGH SCHOOL FOR ENGINEERING & SCIENCE","street_address":"1600 W NORRIS ST","zip_code":"19121","accessibility_code":"F","parking_code":"L","gdb_geomattr_data":null,"objectid":714}},{"type":"Feature","geometry":{"type":"Point","coordinates":[-75.163546,39.98648]},"properties":{"ward":32,"division":12,"precinct":"3212","placename":"CHURCH OF THE ADVOCATE GYM","street_address":"2121 N GRATZ ST","zip_code":"19121","accessibility_code":"M","parking_code":"L","gdb_geomattr_data":null,"objectid":715}},{"type":"Feature","geometry":{"type":"Point","coordinates":[-75.163541,39.98648]},"properties":{"ward":32,"division":13,"precinct":"3213","placename":"CHURCH OF THE ADVOCATE GYM","street_address":"2121 N GRATZ ST","zip_code":"19121","accessibility_code":"M","parking_code":"L","gdb_geomattr_data":null,"objectid":716}},{"type":"Feature","geometry":{"type":"Point","coordinates":[-75.163546,39.986489]},"properties":{"ward":32,"division":14,"precinct":"3214","placename":"CHURCH OF THE ADVOCATE GYM","street_address":"2121 N GRATZ ST","zip_code":"19121","accessibility_code":"M","parking_code":"L","gdb_geomattr_data":null,"objectid":717}},{"type":"Feature","geometry":{"type":"Point","coordinates":[-75.170717,39.980692]},"properties":{"ward":32,"division":15,"precinct":"3215","placename":"M L KING RECREATION CENTER","street_address":"2101 CECIL B MOORE AVE","zip_code":"19121","accessibility_code":"M","parking_code":"N","gdb_geomattr_data":null,"objectid":718}},{"type":"Feature","geometry":{"type":"Point","coordinates":[-75.170729,39.980696]},"properties":{"ward":32,"division":16,"precinct":"3216","placename":"M L KING RECREATION CENTER","street_address":"2101 CECIL B MOORE AVE","zip_code":"19121","accessibility_code":"M","parking_code":"N","gdb_geomattr_data":null,"objectid":719}},{"type":"Feature","geometry":{"type":"Point","coordinates":[-75.170722,39.980703]},"properties":{"ward":32,"division":17,"precinct":"3217","placename":"M L KING RECREATION CENTER","street_address":"2101 CECIL B MOORE AVE","zip_code":"19121","accessibility_code":"M","parking_code":"N","gdb_geomattr_data":null,"objectid":720}},{"type":"Feature","geometry":{"type":"Point","coordinates":[-75.175473,39.985815]},"properties":{"ward":32,"division":18,"precinct":"3218","placename":"JOHNSON HOMES (PHA)","street_address":"2500 W NORRIS ST","zip_code":"19121","accessibility_code":"M","parking_code":"L","gdb_geomattr_data":null,"objectid":721}},{"type":"Feature","geometry":{"type":"Point","coordinates":[-75.179384,39.98824]},"properties":{"ward":32,"division":19,"precinct":"3219","placename":"DUPREE FUNERAL HOME","street_address":"2809 W DIAMOND ST","zip_code":"19121","accessibility_code":"A","parking_code":"N","gdb_geomattr_data":null,"objectid":722}},{"type":"Feature","geometry":{"type":"Point","coordinates":[-75.180862,39.984776]},"properties":{"ward":32,"division":20,"precinct":"3220","placename":"GIDEON SCHOOL","street_address":"2817 W GLENWOOD AVE","zip_code":"19121","accessibility_code":"M","parking_code":"N","gdb_geomattr_data":null,"objectid":723}},{"type":"Feature","geometry":{"type":"Point","coordinates":[-75.183156,39.986198]},"properties":{"ward":32,"division":21,"precinct":"3221","placename":"BLAINE SCHOOL","street_address":"3001 W BERKS ST","zip_code":"19121","accessibility_code":"M","parking_code":"L","gdb_geomattr_data":null,"objectid":724}},{"type":"Feature","geometry":{"type":"Point","coordinates":[-75.184121,39.991094]},"properties":{"ward":32,"division":22,"precinct":"3222","placename":"STRAWBERRY MANSION SCHOOL","street_address":"3133 RIDGE AVE","zip_code":"19121","accessibility_code":"F","parking_code":"L","gdb_geomattr_data":null,"objectid":725}},{"type":"Feature","geometry":{"type":"Point","coordinates":[-75.183156,39.986198]},"properties":{"ward":32,"division":23,"precinct":"3223","placename":"BLAINE SCHOOL","street_address":"3001 W BERKS ST","zip_code":"19121","accessibility_code":"M","parking_code":"L","gdb_geomattr_data":null,"objectid":726}},{"type":"Feature","geometry":{"type":"Point","coordinates":[-75.183152,39.986196]},"properties":{"ward":32,"division":24,"precinct":"3224","placename":"BLAINE SCHOOL","street_address":"3001 W BERKS ST","zip_code":"19121","accessibility_code":"M","parking_code":"L","gdb_geomattr_data":null,"objectid":727}},{"type":"Feature","geometry":{"type":"Point","coordinates":[-75.18316,39.986201]},"properties":{"ward":32,"division":25,"precinct":"3225","placename":"BLAINE SCHOOL","street_address":"3001 W BERKS ST","zip_code":"19121","accessibility_code":"M","parking_code":"L","gdb_geomattr_data":null,"objectid":728}},{"type":"Feature","geometry":{"type":"Point","coordinates":[-75.187636,39.989605]},"properties":{"ward":32,"division":26,"precinct":"3226","placename":"MANDER RECREATION CENTER","street_address":"2140 N 33RD ST","zip_code":"19121","accessibility_code":"F","parking_code":"N","gdb_geomattr_data":null,"objectid":729}},{"type":"Feature","geometry":{"type":"Point","coordinates":[-75.187636,39.989605]},"properties":{"ward":32,"division":27,"precinct":"3227","placename":"MANDER RECREATION CENTER","street_address":"2140 N 33RD ST","zip_code":"19121","accessibility_code":"F","parking_code":"N","gdb_geomattr_data":null,"objectid":730}},{"type":"Feature","geometry":{"type":"Point","coordinates":[-75.175473,39.985815]},"properties":{"ward":32,"division":28,"precinct":"3228","placename":"JOHNSON HOMES (PHA)","street_address":"2500 W NORRIS ST","zip_code":"19121","accessibility_code":"M","parking_code":"L","gdb_geomattr_data":null,"objectid":731}},{"type":"Feature","geometry":{"type":"Point","coordinates":[-75.174772,39.98761]},"properties":{"ward":32,"division":29,"precinct":"3229","placename":"HANK GATHERS RECREATION CENTER","street_address":"2501 W DIAMOND ST","zip_code":"19121","accessibility_code":"M","parking_code":"N","gdb_geomattr_data":null,"objectid":732}},{"type":"Feature","geometry":{"type":"Point","coordinates":[-75.180862,39.984776]},"properties":{"ward":32,"division":30,"precinct":"3230","placename":"GIDEON SCHOOL","street_address":"2817 W GLENWOOD AVE","zip_code":"19121","accessibility_code":"M","parking_code":"N","gdb_geomattr_data":null,"objectid":733}},{"type":"Feature","geometry":{"type":"Point","coordinates":[-75.185164,39.981639]},"properties":{"ward":32,"division":31,"precinct":"3231","placename":"COMMUNITY PARTNERSHIP SCHOOL","street_address":"3033 W GLENWOOD AVE","zip_code":"19121","accessibility_code":"F","parking_code":"N","gdb_geomattr_data":null,"objectid":734}},{"type":"Feature","geometry":{"type":"Point","coordinates":[-75.111667,40.012714]},"properties":{"ward":33,"division":1,"precinct":"3301","placename":"JUNIATA PARK ACADEMY","street_address":"801 E HUNTING PARK AVE","zip_code":"19124","accessibility_code":"M","parking_code":"N","gdb_geomattr_data":null,"objectid":735}},{"type":"Feature","geometry":{"type":"Point","coordinates":[-75.102292,40.0145]},"properties":{"ward":33,"division":2,"precinct":"3302","placename":"JUNIATA YOUTH CLUB","street_address":"1001 E CAYUGA ST","zip_code":"19124","accessibility_code":"M","parking_code":"L","gdb_geomattr_data":null,"objectid":736}},{"type":"Feature","geometry":{"type":"Point","coordinates":[-75.102282,40.014497]},"properties":{"ward":33,"division":3,"precinct":"3303","placename":"JUNIATA YOUTH CLUB","street_address":"1001 E CAYUGA ST","zip_code":"19124","accessibility_code":"M","parking_code":"L","gdb_geomattr_data":null,"objectid":737}},{"type":"Feature","geometry":{"type":"Point","coordinates":[-75.102287,40.014497]},"properties":{"ward":33,"division":4,"precinct":"3304","placename":"JUNIATA YOUTH CLUB","street_address":"1001 E CAYUGA ST","zip_code":"19124","accessibility_code":"M","parking_code":"L","gdb_geomattr_data":null,"objectid":738}},{"type":"Feature","geometry":{"type":"Point","coordinates":[-75.097238,40.013466]},"properties":{"ward":33,"division":5,"precinct":"3305","placename":"PICCOLI RECREATION CENTER","street_address":"1501 E BRISTOL ST","zip_code":"19124","accessibility_code":"M","parking_code":"L","gdb_geomattr_data":null,"objectid":739}},{"type":"Feature","geometry":{"type":"Point","coordinates":[-75.097238,40.013466]},"properties":{"ward":33,"division":6,"precinct":"3306","placename":"PICCOLI RECREATION CENTER","street_address":"1501 E BRISTOL ST","zip_code":"19124","accessibility_code":"M","parking_code":"L","gdb_geomattr_data":null,"objectid":740}},{"type":"Feature","geometry":{"type":"Point","coordinates":[-75.097372,40.010083]},"properties":{"ward":33,"division":7,"precinct":"3307","placename":"WATER DEPT LABORATORY","street_address":"1500 E HUNTING PARK AVE","zip_code":"19124","accessibility_code":"B","parking_code":"L","gdb_geomattr_data":null,"objectid":741}},{"type":"Feature","geometry":{"type":"Point","coordinates":[-75.097372,40.010083]},"properties":{"ward":33,"division":8,"precinct":"3308","placename":"WATER DEPT LABORATORY","street_address":"1500 E HUNTING PARK AVE","zip_code":"19124","accessibility_code":"B","parking_code":"L","gdb_geomattr_data":null,"objectid":742}},{"type":"Feature","geometry":{"type":"Point","coordinates":[-75.102197,40.00817]},"properties":{"ward":33,"division":9,"precinct":"3309","placename":"HOPKINSON LITTLE SCHOOLHOUSE","street_address":"1315 E LUZERNE ST","zip_code":"19124","accessibility_code":"M","parking_code":"L","gdb_geomattr_data":null,"objectid":743}},{"type":"Feature","geometry":{"type":"Point","coordinates":[-75.102204,40.008173]},"properties":{"ward":33,"division":10,"precinct":"3310","placename":"HOPKINSON LITTLE SCHOOLHOUSE","street_address":"1315 E LUZERNE ST","zip_code":"19124","accessibility_code":"M","parking_code":"L","gdb_geomattr_data":null,"objectid":744}},{"type":"Feature","geometry":{"type":"Point","coordinates":[-75.107612,40.006004]},"properties":{"ward":33,"division":11,"precinct":"3311","placename":"JJ'S CAFE DINING ROOM","street_address":"1065 E ERIE AVE","zip_code":"19124","accessibility_code":"M","parking_code":"N","gdb_geomattr_data":null,"objectid":745}},{"type":"Feature","geometry":{"type":"Point","coordinates":[-75.107612,40.006004]},"properties":{"ward":33,"division":12,"precinct":"3312","placename":"JJ'S CAFE DINING ROOM","street_address":"1065 E ERIE AVE","zip_code":"19124","accessibility_code":"M","parking_code":"N","gdb_geomattr_data":null,"objectid":746}},{"type":"Feature","geometry":{"type":"Point","coordinates":[-75.102201,40.00817]},"properties":{"ward":33,"division":13,"precinct":"3313","placename":"HOPKINSON LITTLE SCHOOLHOUSE","street_address":"1315 E LUZERNE ST","zip_code":"19124","accessibility_code":"M","parking_code":"L","gdb_geomattr_data":null,"objectid":747}},{"type":"Feature","geometry":{"type":"Point","coordinates":[-75.104625,40.003989]},"properties":{"ward":33,"division":14,"precinct":"3314","placename":"JUNIATA PARK OLDER ADULT CENTER","street_address":"1251 E SEDGLEY AVE","zip_code":"19134","accessibility_code":"F","parking_code":"L","gdb_geomattr_data":null,"objectid":748}},{"type":"Feature","geometry":{"type":"Point","coordinates":[-75.112579,40.001885]},"properties":{"ward":33,"division":15,"precinct":"3315","placename":"HARROWGATE PAL CENTER","street_address":"851 E TIOGA ST","zip_code":"19134","accessibility_code":"M","parking_code":"L","gdb_geomattr_data":null,"objectid":749}},{"type":"Feature","geometry":{"type":"Point","coordinates":[-75.108757,40.00223]},"properties":{"ward":33,"division":16,"precinct":"3316","placename":"SCANLON RECREATION CENTER","street_address":"1099 E VENANGO ST","zip_code":"19134","accessibility_code":"F","parking_code":"N","gdb_geomattr_data":null,"objectid":750}},{"type":"Feature","geometry":{"type":"Point","coordinates":[-75.116467,39.993571]},"properties":{"ward":33,"division":17,"precinct":"3317","placename":"WILLARD SCHOOL","street_address":"1930 E ELKHART ST","zip_code":"19134","accessibility_code":"M","parking_code":"H","gdb_geomattr_data":null,"objectid":751}},{"type":"Feature","geometry":{"type":"Point","coordinates":[-75.116467,39.993571]},"properties":{"ward":33,"division":18,"precinct":"3318","placename":"WILLARD SCHOOL","street_address":"1930 E ELKHART ST","zip_code":"19134","accessibility_code":"M","parking_code":"H","gdb_geomattr_data":null,"objectid":752}},{"type":"Feature","geometry":{"type":"Point","coordinates":[-75.112579,40.001885]},"properties":{"ward":33,"division":19,"precinct":"3319","placename":"HARROWGATE PAL CENTER","street_address":"851 E TIOGA ST","zip_code":"19134","accessibility_code":"M","parking_code":"L","gdb_geomattr_data":null,"objectid":753}},{"type":"Feature","geometry":{"type":"Point","coordinates":[-75.108757,40.00223]},"properties":{"ward":33,"division":20,"precinct":"3320","placename":"SCANLON RECREATION CENTER","street_address":"1099 E VENANGO ST","zip_code":"19134","accessibility_code":"F","parking_code":"N","gdb_geomattr_data":null,"objectid":754}},{"type":"Feature","geometry":{"type":"Point","coordinates":[-75.112579,40.001885]},"properties":{"ward":33,"division":21,"precinct":"3321","placename":"HARROWGATE PAL CENTER","street_address":"851 E TIOGA ST","zip_code":"19134","accessibility_code":"M","parking_code":"L","gdb_geomattr_data":null,"objectid":755}},{"type":"Feature","geometry":{"type":"Point","coordinates":[-75.112579,40.001885]},"properties":{"ward":33,"division":22,"precinct":"3322","placename":"HARROWGATE PAL CENTER","street_address":"851 E TIOGA ST","zip_code":"19134","accessibility_code":"M","parking_code":"L","gdb_geomattr_data":null,"objectid":756}},{"type":"Feature","geometry":{"type":"Point","coordinates":[-75.108757,40.00223]},"properties":{"ward":33,"division":23,"precinct":"3323","placename":"SCANLON RECREATION CENTER","street_address":"1099 E VENANGO ST","zip_code":"19134","accessibility_code":"F","parking_code":"N","gdb_geomattr_data":null,"objectid":757}},{"type":"Feature","geometry":{"type":"Point","coordinates":[-75.108757,40.00223]},"properties":{"ward":33,"division":24,"precinct":"3324","placename":"SCANLON RECREATION CENTER","street_address":"1099 E VENANGO ST","zip_code":"19134","accessibility_code":"F","parking_code":"N","gdb_geomattr_data":null,"objectid":758}},{"type":"Feature","geometry":{"type":"Point","coordinates":[-75.241264,39.96261]},"properties":{"ward":34,"division":1,"precinct":"3401","placename":"DIVINITY BANQUET HALL","street_address":"6011 MARKET ST","zip_code":"19104","accessibility_code":"F","parking_code":"N","gdb_geomattr_data":null,"objectid":759}},{"type":"Feature","geometry":{"type":"Point","coordinates":[-75.241264,39.96261]},"properties":{"ward":34,"division":2,"precinct":"3402","placename":"DIVINITY BANQUET HALL","street_address":"6011 MARKET ST","zip_code":"19104","accessibility_code":"F","parking_code":"N","gdb_geomattr_data":null,"objectid":760}},{"type":"Feature","geometry":{"type":"Point","coordinates":[-75.241264,39.96261]},"properties":{"ward":34,"division":3,"precinct":"3403","placename":"DIVINITY BANQUET HALL","street_address":"6011 MARKET ST","zip_code":"19104","accessibility_code":"F","parking_code":"N","gdb_geomattr_data":null,"objectid":761}},{"type":"Feature","geometry":{"type":"Point","coordinates":[-75.240484,39.968337]},"properties":{"ward":34,"division":4,"precinct":"3404","placename":"BARBER SHOP [6026 CALLOWHILL ST]","street_address":"6026 CALLOWHILL ST REAR","zip_code":"19151","accessibility_code":"M","parking_code":"N","gdb_geomattr_data":null,"objectid":762}},{"type":"Feature","geometry":{"type":"Point","coordinates":[-75.241519,39.970718]},"properties":{"ward":34,"division":5,"precinct":"3405","placename":"BETTER WAY BIBLE CHURCH","street_address":"520 N 61ST ST","zip_code":"19151","accessibility_code":"M","parking_code":"N","gdb_geomattr_data":null,"objectid":763}},{"type":"Feature","geometry":{"type":"Point","coordinates":[-75.241532,39.975601]},"properties":{"ward":34,"division":6,"precinct":"3406","placename":"PRAYER & FAITH TEMPLE COGIC","street_address":"1541 N 61ST ST","zip_code":"19151","accessibility_code":"F","parking_code":"L","gdb_geomattr_data":null,"objectid":764}},{"type":"Feature","geometry":{"type":"Point","coordinates":[-75.239002,39.975803]},"properties":{"ward":34,"division":7,"precinct":"3407","placename":"SWEET UNION BAPTIST CHURCH","street_address":"1536 N 59TH ST","zip_code":"19151","accessibility_code":"M","parking_code":"N","gdb_geomattr_data":null,"objectid":765}},{"type":"Feature","geometry":{"type":"Point","coordinates":[-75.241057,39.981853]},"properties":{"ward":34,"division":8,"precinct":"3408","placename":"TUSTIN RECREATION CENTER","street_address":"5901 W COLUMBIA AVE","zip_code":"19151","accessibility_code":"F","parking_code":"N","gdb_geomattr_data":null,"objectid":766}},{"type":"Feature","geometry":{"type":"Point","coordinates":[-75.241514,39.970714]},"properties":{"ward":34,"division":9,"precinct":"3409","placename":"BETTER WAY BIBLE CHURCH","street_address":"520 N 61ST ST","zip_code":"19151","accessibility_code":"M","parking_code":"N","gdb_geomattr_data":null,"objectid":767}},{"type":"Feature","geometry":{"type":"Point","coordinates":[-75.241532,39.975601]},"properties":{"ward":34,"division":10,"precinct":"3410","placename":"PRAYER & FAITH TEMPLE COGIC","street_address":"1541 N 61ST ST","zip_code":"19151","accessibility_code":"F","parking_code":"L","gdb_geomattr_data":null,"objectid":768}},{"type":"Feature","geometry":{"type":"Point","coordinates":[-75.243478,39.975728]},"properties":{"ward":34,"division":11,"precinct":"3411","placename":"GOOD SAMARITAN CHURCH","street_address":"6148 LANSDOWNE AVE","zip_code":"19151","accessibility_code":"R","parking_code":"N","gdb_geomattr_data":null,"objectid":769}},{"type":"Feature","geometry":{"type":"Point","coordinates":[-75.242286,39.979282]},"properties":{"ward":34,"division":12,"precinct":"3412","placename":"SIMPSON-FLETCHER METHODIST CHURCH","street_address":"6035 JEFFERSON ST","zip_code":"19151","accessibility_code":"A","parking_code":"L","gdb_geomattr_data":null,"objectid":770}},{"type":"Feature","geometry":{"type":"Point","coordinates":[-75.250766,39.975287]},"properties":{"ward":34,"division":13,"precinct":"3413","placename":"CASSIDY ACADEMICS PLUS SCHOOL","street_address":"6523 LANSDOWNE AVE","zip_code":"19151","accessibility_code":"F","parking_code":"N","gdb_geomattr_data":null,"objectid":771}},{"type":"Feature","geometry":{"type":"Point","coordinates":[-75.24566,39.982329]},"properties":{"ward":34,"division":14,"precinct":"3414","placename":"OVERBROOK ELEMENTARY SCHOOL TRAILOR","street_address":"2032 N 62ND ST","zip_code":"19151","accessibility_code":"M","parking_code":"N","gdb_geomattr_data":null,"objectid":772}},{"type":"Feature","geometry":{"type":"Point","coordinates":[-75.246067,39.980347]},"properties":{"ward":34,"division":15,"precinct":"3415","placename":"YARBOROUGH & ROCKE FUNERAL HOME","street_address":"1001 N 63RD ST","zip_code":"19151","accessibility_code":"M","parking_code":"L","gdb_geomattr_data":null,"objectid":773}},{"type":"Feature","geometry":{"type":"Point","coordinates":[-75.249711,39.970966]},"properties":{"ward":34,"division":16,"precinct":"3416","placename":"HADDINGTON LIBRARY","street_address":"446-64 N 65TH ST","zip_code":"19151","accessibility_code":"A","parking_code":"N","gdb_geomattr_data":null,"objectid":774}},{"type":"Feature","geometry":{"type":"Point","coordinates":[-75.249711,39.970966]},"properties":{"ward":34,"division":17,"precinct":"3417","placename":"HADDINGTON LIBRARY","street_address":"446-64 N 65TH ST","zip_code":"19151","accessibility_code":"A","parking_code":"N","gdb_geomattr_data":null,"objectid":775}},{"type":"Feature","geometry":{"type":"Point","coordinates":[-75.250766,39.975287]},"properties":{"ward":34,"division":18,"precinct":"3418","placename":"CASSIDY ACADEMICS PLUS SCHOOL","street_address":"6523 LANSDOWNE AVE","zip_code":"19151","accessibility_code":"F","parking_code":"N","gdb_geomattr_data":null,"objectid":776}},{"type":"Feature","geometry":{"type":"Point","coordinates":[-75.250766,39.975291]},"properties":{"ward":34,"division":19,"precinct":"3419","placename":"CASSIDY ACADEMICS PLUS SCHOOL","street_address":"6523 LANSDOWNE AVE","zip_code":"19151","accessibility_code":"F","parking_code":"N","gdb_geomattr_data":null,"objectid":777}},{"type":"Feature","geometry":{"type":"Point","coordinates":[-75.25662,39.974685]},"properties":{"ward":34,"division":20,"precinct":"3420","placename":"PAPA RECREATION CENTER","street_address":"6839 LANSDOWNE AVE","zip_code":"19151","accessibility_code":"M","parking_code":"L","gdb_geomattr_data":null,"objectid":778}},{"type":"Feature","geometry":{"type":"Point","coordinates":[-75.25662,39.974685]},"properties":{"ward":34,"division":21,"precinct":"3421","placename":"PAPA RECREATION CENTER","street_address":"6839 LANSDOWNE AVE","zip_code":"19151","accessibility_code":"M","parking_code":"L","gdb_geomattr_data":null,"objectid":779}},{"type":"Feature","geometry":{"type":"Point","coordinates":[-75.24982,39.983555]},"properties":{"ward":34,"division":22,"precinct":"3422","placename":"OVERBROOK SCHOOL FOR THE BLIND FIELD HOUSE","street_address":"6333 MALVERN AVE","zip_code":"19151","accessibility_code":"F","parking_code":"H","gdb_geomattr_data":null,"objectid":780}},{"type":"Feature","geometry":{"type":"Point","coordinates":[-75.251054,39.987578]},"properties":{"ward":34,"division":23,"precinct":"3423","placename":"AFRICAN EPISCOPAL CHURCH OF ST THOMAS","street_address":"6361 LANCASTER AVE","zip_code":"19151","accessibility_code":"M","parking_code":"L","gdb_geomattr_data":null,"objectid":781}},{"type":"Feature","geometry":{"type":"Point","coordinates":[-75.250313,39.98323]},"properties":{"ward":34,"division":24,"precinct":"3424","placename":"OVERBROOK SCHOOL FOR THE BLIND FIELD HOUSE","street_address":"6333 MALVERN AVE","zip_code":"19151","accessibility_code":"F","parking_code":"H","gdb_geomattr_data":null,"objectid":782}},{"type":"Feature","geometry":{"type":"Point","coordinates":[-75.251056,39.987578]},"properties":{"ward":34,"division":25,"precinct":"3425","placename":"AFRICAN EPISCOPAL CHURCH OF ST THOMAS","street_address":"6361 LANCASTER AVE","zip_code":"19151","accessibility_code":"M","parking_code":"L","gdb_geomattr_data":null,"objectid":783}},{"type":"Feature","geometry":{"type":"Point","coordinates":[-75.249711,39.970966]},"properties":{"ward":34,"division":26,"precinct":"3426","placename":"HADDINGTON LIBRARY","street_address":"446-64 N 65TH ST","zip_code":"19151","accessibility_code":"A","parking_code":"N","gdb_geomattr_data":null,"objectid":784}},{"type":"Feature","geometry":{"type":"Point","coordinates":[-75.267742,39.975498]},"properties":{"ward":34,"division":27,"precinct":"3427","placename":"LAMBERTON LITTLE SCHOOLHOUSE","street_address":"1625 N 76TH ST","zip_code":"19151","accessibility_code":"F","parking_code":"L","gdb_geomattr_data":null,"objectid":785}},{"type":"Feature","geometry":{"type":"Point","coordinates":[-75.249711,39.970966]},"properties":{"ward":34,"division":28,"precinct":"3428","placename":"HADDINGTON LIBRARY","street_address":"446-64 N 65TH ST","zip_code":"19151","accessibility_code":"A","parking_code":"N","gdb_geomattr_data":null,"objectid":786}},{"type":"Feature","geometry":{"type":"Point","coordinates":[-75.267743,39.975498]},"properties":{"ward":34,"division":29,"precinct":"3429","placename":"LAMBERTON LITTLE SCHOOLHOUSE","street_address":"1625 N 76TH ST","zip_code":"19151","accessibility_code":"F","parking_code":"L","gdb_geomattr_data":null,"objectid":787}},{"type":"Feature","geometry":{"type":"Point","coordinates":[-75.267867,39.975815]},"properties":{"ward":34,"division":30,"precinct":"3430","placename":"LAMBERTON SCHOOL","street_address":"7501 WOODBINE AVE","zip_code":"19151","accessibility_code":"M","parking_code":"L","gdb_geomattr_data":null,"objectid":788}},{"type":"Feature","geometry":{"type":"Point","coordinates":[-75.267865,39.975817]},"properties":{"ward":34,"division":31,"precinct":"3431","placename":"LAMBERTON SCHOOL","street_address":"7501 WOODBINE AVE","zip_code":"19151","accessibility_code":"M","parking_code":"L","gdb_geomattr_data":null,"objectid":789}},{"type":"Feature","geometry":{"type":"Point","coordinates":[-75.264128,39.976412]},"properties":{"ward":34,"division":32,"precinct":"3432","placename":"OVERBROOK LIBRARY","street_address":"7422 HAVERFORD AVE","zip_code":"19151","accessibility_code":"F","parking_code":"L","gdb_geomattr_data":null,"objectid":790}},{"type":"Feature","geometry":{"type":"Point","coordinates":[-75.245662,39.982329]},"properties":{"ward":34,"division":33,"precinct":"3433","placename":"OVERBROOK ELEMENTARY SCHOOL TRAILOR","street_address":"2032 N 62ND ST","zip_code":"19151","accessibility_code":"M","parking_code":"N","gdb_geomattr_data":null,"objectid":791}},{"type":"Feature","geometry":{"type":"Point","coordinates":[-75.251054,39.987576]},"properties":{"ward":34,"division":34,"precinct":"3434","placename":"AFRICAN EPISCOPAL CHURCH OF ST THOMAS","street_address":"6361 LANCASTER AVE","zip_code":"19151","accessibility_code":"M","parking_code":"L","gdb_geomattr_data":null,"objectid":792}},{"type":"Feature","geometry":{"type":"Point","coordinates":[-75.244176,39.977234]},"properties":{"ward":34,"division":35,"precinct":"3435","placename":"TRUE IMAGE SALON","street_address":"1660 N 62ND ST","zip_code":"19151","accessibility_code":"M","parking_code":"N","gdb_geomattr_data":null,"objectid":793}},{"type":"Feature","geometry":{"type":"Point","coordinates":[-75.241264,39.962609]},"properties":{"ward":34,"division":36,"precinct":"3436","placename":"DIVINITY BANQUET HALL","street_address":"6011 MARKET ST","zip_code":"19104","accessibility_code":"F","parking_code":"N","gdb_geomattr_data":null,"objectid":794}},{"type":"Feature","geometry":{"type":"Point","coordinates":[-75.264128,39.976412]},"properties":{"ward":34,"division":37,"precinct":"3437","placename":"OVERBROOK LIBRARY","street_address":"7422 HAVERFORD AVE","zip_code":"19151","accessibility_code":"F","parking_code":"L","gdb_geomattr_data":null,"objectid":795}},{"type":"Feature","geometry":{"type":"Point","coordinates":[-75.245793,39.962629]},"properties":{"ward":34,"division":38,"precinct":"3438","placename":"MEMORIAL GOSPEL CHURCH","street_address":"6224 MARKET ST","zip_code":"19139","accessibility_code":"R","parking_code":"L","gdb_geomattr_data":null,"objectid":796}},{"type":"Feature","geometry":{"type":"Point","coordinates":[-75.264128,39.976412]},"properties":{"ward":34,"division":39,"precinct":"3439","placename":"OVERBROOK LIBRARY","street_address":"7422 HAVERFORD AVE","zip_code":"19151","accessibility_code":"F","parking_code":"L","gdb_geomattr_data":null,"objectid":797}},{"type":"Feature","geometry":{"type":"Point","coordinates":[-75.267745,39.975494]},"properties":{"ward":34,"division":40,"precinct":"3440","placename":"LAMBERTON LITTLE SCHOOLHOUSE","street_address":"1625 N 76TH ST","zip_code":"19151","accessibility_code":"F","parking_code":"L","gdb_geomattr_data":null,"objectid":798}},{"type":"Feature","geometry":{"type":"Point","coordinates":[-75.264128,39.976412]},"properties":{"ward":34,"division":41,"precinct":"3441","placename":"OVERBROOK LIBRARY","street_address":"7422 HAVERFORD AVE","zip_code":"19151","accessibility_code":"F","parking_code":"L","gdb_geomattr_data":null,"objectid":799}},{"type":"Feature","geometry":{"type":"Point","coordinates":[-75.241532,39.975601]},"properties":{"ward":34,"division":42,"precinct":"3442","placename":"PRAYER & FAITH TEMPLE COGIC","street_address":"1541 N 61ST ST","zip_code":"19151","accessibility_code":"F","parking_code":"L","gdb_geomattr_data":null,"objectid":800}},{"type":"Feature","geometry":{"type":"Point","coordinates":[-75.087156,40.054956]},"properties":{"ward":35,"division":1,"precinct":"3501","placename":"KINDER ACADEMY AT TRINITY","street_address":"6901 RISING SUN AVE","zip_code":"19111","accessibility_code":"A","parking_code":"L","gdb_geomattr_data":null,"objectid":801}},{"type":"Feature","geometry":{"type":"Point","coordinates":[-75.087151,40.054956]},"properties":{"ward":35,"division":2,"precinct":"3502","placename":"TRINITY CHURCH OXFORD (BUCHANAN BLDG)","street_address":"603 LONGSHORE AVE","zip_code":"19111","accessibility_code":"M","parking_code":"N","gdb_geomattr_data":null,"objectid":802}},{"type":"Feature","geometry":{"type":"Point","coordinates":[-75.087151,40.054953]},"properties":{"ward":35,"division":3,"precinct":"3503","placename":"TRINITY CHURCH OXFORD (BUCHANAN BLDG)","street_address":"603 LONGSHORE AVE","zip_code":"19111","accessibility_code":"M","parking_code":"N","gdb_geomattr_data":null,"objectid":803}},{"type":"Feature","geometry":{"type":"Point","coordinates":[-75.092258,40.049892]},"properties":{"ward":35,"division":4,"precinct":"3504","placename":"CEDAR GROVE CHRISTIAN ACADEMY","street_address":"6445 BINGHAM ST","zip_code":"19111","accessibility_code":"F","parking_code":"N","gdb_geomattr_data":null,"objectid":804}},{"type":"Feature","geometry":{"type":"Point","coordinates":[-75.09054,40.04808]},"properties":{"ward":35,"division":5,"precinct":"3505","placename":"PHILADELPHIA PROTESTANT HOME","street_address":"6401 MARTINS MILL RD","zip_code":"19111","accessibility_code":"F","parking_code":"H","gdb_geomattr_data":null,"objectid":805}},{"type":"Feature","geometry":{"type":"Point","coordinates":[-75.096793,40.049117]},"properties":{"ward":35,"division":6,"precinct":"3506","placename":"PHILADELPHIA BIBLE FELLOWSHIP","street_address":"6312-14 RISING SUN AVE","zip_code":"19111","accessibility_code":"F","parking_code":"N","gdb_geomattr_data":null,"objectid":806}},{"type":"Feature","geometry":{"type":"Point","coordinates":[-75.096793,40.049121]},"properties":{"ward":35,"division":7,"precinct":"3507","placename":"PHILADELPHIA BIBLE FELLOWSHIP","street_address":"6312-14 RISING SUN AVE","zip_code":"19111","accessibility_code":"F","parking_code":"N","gdb_geomattr_data":null,"objectid":807}},{"type":"Feature","geometry":{"type":"Point","coordinates":[-75.096788,40.049119]},"properties":{"ward":35,"division":8,"precinct":"3508","placename":"PHILADELPHIA BIBLE FELLOWSHIP","street_address":"6312-14 RISING SUN AVE","zip_code":"19111","accessibility_code":"F","parking_code":"N","gdb_geomattr_data":null,"objectid":808}},{"type":"Feature","geometry":{"type":"Point","coordinates":[-75.096794,40.049121]},"properties":{"ward":35,"division":9,"precinct":"3509","placename":"PHILADELPHIA BIBLE FELLOWSHIP","street_address":"6312-14 RISING SUN AVE","zip_code":"19111","accessibility_code":"F","parking_code":"N","gdb_geomattr_data":null,"objectid":809}},{"type":"Feature","geometry":{"type":"Point","coordinates":[-75.100153,40.046227]},"properties":{"ward":35,"division":10,"precinct":"3510","placename":"LAWNCREST LIBRARY","street_address":"6098 RISING SUN AVE","zip_code":"19111","accessibility_code":"M","parking_code":"N","gdb_geomattr_data":null,"objectid":810}},{"type":"Feature","geometry":{"type":"Point","coordinates":[-75.100158,40.046225]},"properties":{"ward":35,"division":11,"precinct":"3511","placename":"LAWNCREST LIBRARY","street_address":"6098 RISING SUN AVE","zip_code":"19111","accessibility_code":"M","parking_code":"N","gdb_geomattr_data":null,"objectid":811}},{"type":"Feature","geometry":{"type":"Point","coordinates":[-75.0999,40.044809]},"properties":{"ward":35,"division":12,"precinct":"3512","placename":"PRINCE OF PEACE LUTHERAN CHURCH","street_address":"6001 COLGATE ST","zip_code":"19111","accessibility_code":"A","parking_code":"N","gdb_geomattr_data":null,"objectid":812}},{"type":"Feature","geometry":{"type":"Point","coordinates":[-75.0999,40.044808]},"properties":{"ward":35,"division":13,"precinct":"3513","placename":"PRINCE OF PEACE LUTHERAN CHURCH","street_address":"6001 COLGATE ST","zip_code":"19111","accessibility_code":"A","parking_code":"N","gdb_geomattr_data":null,"objectid":813}},{"type":"Feature","geometry":{"type":"Point","coordinates":[-75.089783,40.041473]},"properties":{"ward":35,"division":14,"precinct":"3514","placename":"OXFORD VILLAGE HOMES (PHA)","street_address":"6150 ALGON AVE","zip_code":"19111","accessibility_code":"F","parking_code":"L","gdb_geomattr_data":null,"objectid":814}},{"type":"Feature","geometry":{"type":"Point","coordinates":[-75.092617,40.036835]},"properties":{"ward":35,"division":15,"precinct":"3515","placename":"FELS HIGH SCHOOL","street_address":"5500 LANGDON ST","zip_code":"19124","accessibility_code":"F","parking_code":"H","gdb_geomattr_data":null,"objectid":815}},{"type":"Feature","geometry":{"type":"Point","coordinates":[-75.092646,40.03684]},"properties":{"ward":35,"division":16,"precinct":"3516","placename":"FELS HIGH SCHOOL","street_address":"5500 LANGDON ST","zip_code":"19124","accessibility_code":"F","parking_code":"H","gdb_geomattr_data":null,"objectid":816}},{"type":"Feature","geometry":{"type":"Point","coordinates":[-75.092646,40.036846]},"properties":{"ward":35,"division":17,"precinct":"3517","placename":"FELS HIGH SCHOOL","street_address":"5500 LANGDON ST","zip_code":"19124","accessibility_code":"F","parking_code":"H","gdb_geomattr_data":null,"objectid":817}},{"type":"Feature","geometry":{"type":"Point","coordinates":[-75.104431,40.042817]},"properties":{"ward":35,"division":18,"precinct":"3518","placename":"FRANKLIN SCHOOL","street_address":"5735 RISING SUN AVE","zip_code":"19120","accessibility_code":"M","parking_code":"L","gdb_geomattr_data":null,"objectid":818}},{"type":"Feature","geometry":{"type":"Point","coordinates":[-75.104431,40.042817]},"properties":{"ward":35,"division":19,"precinct":"3519","placename":"FRANKLIN SCHOOL","street_address":"5735 RISING SUN AVE","zip_code":"19120","accessibility_code":"M","parking_code":"L","gdb_geomattr_data":null,"objectid":819}},{"type":"Feature","geometry":{"type":"Point","coordinates":[-75.104431,40.042817]},"properties":{"ward":35,"division":20,"precinct":"3520","placename":"FRANKLIN SCHOOL","street_address":"5735 RISING SUN AVE","zip_code":"19120","accessibility_code":"M","parking_code":"L","gdb_geomattr_data":null,"objectid":820}},{"type":"Feature","geometry":{"type":"Point","coordinates":[-75.104431,40.042817]},"properties":{"ward":35,"division":21,"precinct":"3521","placename":"FRANKLIN SCHOOL","street_address":"5735 RISING SUN AVE","zip_code":"19120","accessibility_code":"M","parking_code":"L","gdb_geomattr_data":null,"objectid":821}},{"type":"Feature","geometry":{"type":"Point","coordinates":[-75.092638,40.03684]},"properties":{"ward":35,"division":22,"precinct":"3522","placename":"FELS HIGH SCHOOL","street_address":"5500 LANGDON ST","zip_code":"19124","accessibility_code":"F","parking_code":"H","gdb_geomattr_data":null,"objectid":822}},{"type":"Feature","geometry":{"type":"Point","coordinates":[-75.09322,40.030488]},"properties":{"ward":35,"division":23,"precinct":"3523","placename":"HOUSEMAN RECREATION CENTER","street_address":"5091 SUMMERDALE AVE","zip_code":"19124","accessibility_code":"F","parking_code":"L","gdb_geomattr_data":null,"objectid":823}},{"type":"Feature","geometry":{"type":"Point","coordinates":[-75.09322,40.030488]},"properties":{"ward":35,"division":24,"precinct":"3524","placename":"HOUSEMAN RECREATION CENTER","street_address":"5091 SUMMERDALE AVE","zip_code":"19124","accessibility_code":"F","parking_code":"L","gdb_geomattr_data":null,"objectid":824}},{"type":"Feature","geometry":{"type":"Point","coordinates":[-75.105101,40.042365]},"properties":{"ward":35,"division":25,"precinct":"3525","placename":"FRANKLIN SCHOOL","street_address":"5735 RISING SUN AVE","zip_code":"19120","accessibility_code":"M","parking_code":"L","gdb_geomattr_data":null,"objectid":825}},{"type":"Feature","geometry":{"type":"Point","coordinates":[-75.09322,40.030488]},"properties":{"ward":35,"division":26,"precinct":"3526","placename":"HOUSEMAN RECREATION CENTER","street_address":"5091 SUMMERDALE AVE","zip_code":"19124","accessibility_code":"F","parking_code":"L","gdb_geomattr_data":null,"objectid":826}},{"type":"Feature","geometry":{"type":"Point","coordinates":[-75.105019,40.03494]},"properties":{"ward":35,"division":27,"precinct":"3527","placename":"UNIVERSAL CREIGHTON LSH","street_address":"5401 TABOR AVE","zip_code":"19120","accessibility_code":"M","parking_code":"L","gdb_geomattr_data":null,"objectid":827}},{"type":"Feature","geometry":{"type":"Point","coordinates":[-75.110746,40.038083]},"properties":{"ward":35,"division":28,"precinct":"3528","placename":"HILL CREEK COMMUNITY CENTER BUILDING-10 (PHA)","street_address":"5577 N HILL CREEK DR","zip_code":"19120","accessibility_code":"M","parking_code":"L","gdb_geomattr_data":null,"objectid":828}},{"type":"Feature","geometry":{"type":"Point","coordinates":[-75.105019,40.03494]},"properties":{"ward":35,"division":29,"precinct":"3529","placename":"UNIVERSAL CREIGHTON LSH","street_address":"5401 TABOR AVE","zip_code":"19120","accessibility_code":"M","parking_code":"L","gdb_geomattr_data":null,"objectid":829}},{"type":"Feature","geometry":{"type":"Point","coordinates":[-75.105019,40.03494]},"properties":{"ward":35,"division":30,"precinct":"3530","placename":"UNIVERSAL CREIGHTON LSH","street_address":"5401 TABOR AVE","zip_code":"19120","accessibility_code":"M","parking_code":"L","gdb_geomattr_data":null,"objectid":830}},{"type":"Feature","geometry":{"type":"Point","coordinates":[-75.104431,40.042817]},"properties":{"ward":35,"division":31,"precinct":"3531","placename":"FRANKLIN SCHOOL","street_address":"5735 RISING SUN AVE","zip_code":"19120","accessibility_code":"M","parking_code":"L","gdb_geomattr_data":null,"objectid":831}},{"type":"Feature","geometry":{"type":"Point","coordinates":[-75.092258,40.049892]},"properties":{"ward":35,"division":32,"precinct":"3532","placename":"CEDAR GROVE CHRISTIAN ACADEMY","street_address":"6445 BINGHAM ST","zip_code":"19111","accessibility_code":"F","parking_code":"N","gdb_geomattr_data":null,"objectid":832}},{"type":"Feature","geometry":{"type":"Point","coordinates":[-75.174866,39.938329]},"properties":{"ward":36,"division":1,"precinct":"3601","placename":"CHEW RECREATION CENTER","street_address":"1800 WASHINGTON AVE","zip_code":"19146","accessibility_code":"R","parking_code":"L","gdb_geomattr_data":null,"objectid":833}},{"type":"Feature","geometry":{"type":"Point","coordinates":[-75.176525,39.93745]},"properties":{"ward":36,"division":2,"precinct":"3602","placename":"LINCOLN POST # 89 AMERICAN LEGION","street_address":"1940 FEDERAL ST","zip_code":"19146","accessibility_code":"M","parking_code":"N","gdb_geomattr_data":null,"objectid":834}},{"type":"Feature","geometry":{"type":"Point","coordinates":[-75.176525,39.93745]},"properties":{"ward":36,"division":3,"precinct":"3603","placename":"LINCOLN POST # 89 AMERICAN LEGION","street_address":"1940 FEDERAL ST","zip_code":"19146","accessibility_code":"M","parking_code":"N","gdb_geomattr_data":null,"objectid":835}},{"type":"Feature","geometry":{"type":"Point","coordinates":[-75.1836,39.936162]},"properties":{"ward":36,"division":4,"precinct":"3604","placename":"WHARTON SQUARE RECREATION CENTER","street_address":"2300 WHARTON ST","zip_code":"19146","accessibility_code":"F","parking_code":"N","gdb_geomattr_data":null,"objectid":836}},{"type":"Feature","geometry":{"type":"Point","coordinates":[-75.179108,39.937011]},"properties":{"ward":36,"division":5,"precinct":"3605","placename":"GREATER MT SINAI BAPTIST CHURCH","street_address":"1228 S 21ST ST","zip_code":"19146","accessibility_code":"M","parking_code":"N","gdb_geomattr_data":null,"objectid":837}},{"type":"Feature","geometry":{"type":"Point","coordinates":[-75.181793,39.938156]},"properties":{"ward":36,"division":6,"precinct":"3606","placename":"QUEEN MEMORIAL LIBRARY","street_address":"1201 S 23RD ST","zip_code":"19146","accessibility_code":"F","parking_code":"L","gdb_geomattr_data":null,"objectid":838}},{"type":"Feature","geometry":{"type":"Point","coordinates":[-75.183592,39.936162]},"properties":{"ward":36,"division":7,"precinct":"3607","placename":"WHARTON SQUARE RECREATION CENTER","street_address":"2300 WHARTON ST","zip_code":"19146","accessibility_code":"F","parking_code":"N","gdb_geomattr_data":null,"objectid":839}},{"type":"Feature","geometry":{"type":"Point","coordinates":[-75.17774,39.934201]},"properties":{"ward":36,"division":8,"precinct":"3608","placename":"MITCHUM WILSON FUNERAL HOME","street_address":"1410 S 20TH ST","zip_code":"19146","accessibility_code":"M","parking_code":"N","gdb_geomattr_data":null,"objectid":840}},{"type":"Feature","geometry":{"type":"Point","coordinates":[-75.176523,39.937199]},"properties":{"ward":36,"division":9,"precinct":"3609","placename":"LINCOLN POST # 89 AMERICAN LEGION","street_address":"1940 FEDERAL ST","zip_code":"19146","accessibility_code":"M","parking_code":"N","gdb_geomattr_data":null,"objectid":841}},{"type":"Feature","geometry":{"type":"Point","coordinates":[-75.17774,39.934201]},"properties":{"ward":36,"division":10,"precinct":"3610","placename":"MITCHUM WILSON FUNERAL HOME","street_address":"1410 S 20TH ST","zip_code":"19146","accessibility_code":"M","parking_code":"N","gdb_geomattr_data":null,"objectid":842}},{"type":"Feature","geometry":{"type":"Point","coordinates":[-75.173461,39.930759]},"properties":{"ward":36,"division":11,"precinct":"3611","placename":"AQUINAS CENTER","street_address":"1700 FERNON ST","zip_code":"19145","accessibility_code":"M","parking_code":"N","gdb_geomattr_data":null,"objectid":843}},{"type":"Feature","geometry":{"type":"Point","coordinates":[-75.179827,39.93347]},"properties":{"ward":36,"division":12,"precinct":"3612","placename":"POINT BREEZE COURT (PHA)","street_address":"2100 DICKINSON ST","zip_code":"19146","accessibility_code":"F","parking_code":"N","gdb_geomattr_data":null,"objectid":844}},{"type":"Feature","geometry":{"type":"Point","coordinates":[-75.181583,39.929723]},"properties":{"ward":36,"division":13,"precinct":"3613","placename":"McDANIEL SCHOOL","street_address":"1801 S 22ND ST","zip_code":"19145","accessibility_code":"F","parking_code":"N","gdb_geomattr_data":null,"objectid":845}},{"type":"Feature","geometry":{"type":"Point","coordinates":[-75.188525,39.932931]},"properties":{"ward":36,"division":14,"precinct":"3614","placename":"XCLUSIVELY YOURS EVENTS","street_address":"1610 S 26TH ST","zip_code":"19145","accessibility_code":"A","parking_code":"N","gdb_geomattr_data":null,"objectid":846}},{"type":"Feature","geometry":{"type":"Point","coordinates":[-75.181579,39.929724]},"properties":{"ward":36,"division":15,"precinct":"3615","placename":"McDANIEL SCHOOL","street_address":"1801 S 22ND ST","zip_code":"19145","accessibility_code":"F","parking_code":"N","gdb_geomattr_data":null,"objectid":847}},{"type":"Feature","geometry":{"type":"Point","coordinates":[-75.179827,39.93347]},"properties":{"ward":36,"division":16,"precinct":"3616","placename":"POINT BREEZE COURT (PHA)","street_address":"2100 DICKINSON ST","zip_code":"19146","accessibility_code":"F","parking_code":"N","gdb_geomattr_data":null,"objectid":848}},{"type":"Feature","geometry":{"type":"Point","coordinates":[-75.1836,39.936156]},"properties":{"ward":36,"division":17,"precinct":"3617","placename":"WHARTON SQUARE RECREATION CENTER","street_address":"2300 WHARTON ST","zip_code":"19146","accessibility_code":"F","parking_code":"N","gdb_geomattr_data":null,"objectid":849}},{"type":"Feature","geometry":{"type":"Point","coordinates":[-75.183596,39.936165]},"properties":{"ward":36,"division":18,"precinct":"3618","placename":"WHARTON SQUARE RECREATION CENTER","street_address":"2300 WHARTON ST","zip_code":"19146","accessibility_code":"F","parking_code":"N","gdb_geomattr_data":null,"objectid":850}},{"type":"Feature","geometry":{"type":"Point","coordinates":[-75.181577,39.929724]},"properties":{"ward":36,"division":19,"precinct":"3619","placename":"McDANIEL SCHOOL","street_address":"1801 S 22ND ST","zip_code":"19145","accessibility_code":"F","parking_code":"N","gdb_geomattr_data":null,"objectid":851}},{"type":"Feature","geometry":{"type":"Point","coordinates":[-75.181793,39.938156]},"properties":{"ward":36,"division":20,"precinct":"3620","placename":"QUEEN MEMORIAL LIBRARY","street_address":"1201 S 23RD ST","zip_code":"19146","accessibility_code":"F","parking_code":"L","gdb_geomattr_data":null,"objectid":852}},{"type":"Feature","geometry":{"type":"Point","coordinates":[-75.183603,39.936156]},"properties":{"ward":36,"division":21,"precinct":"3621","placename":"WHARTON SQUARE RECREATION CENTER","street_address":"2300 WHARTON ST","zip_code":"19146","accessibility_code":"F","parking_code":"N","gdb_geomattr_data":null,"objectid":853}},{"type":"Feature","geometry":{"type":"Point","coordinates":[-75.188525,39.932931]},"properties":{"ward":36,"division":22,"precinct":"3622","placename":"XCLUSIVELY YOURS EVENTS","street_address":"1610 S 26TH ST","zip_code":"19145","accessibility_code":"A","parking_code":"N","gdb_geomattr_data":null,"objectid":854}},{"type":"Feature","geometry":{"type":"Point","coordinates":[-75.188787,39.938495]},"properties":{"ward":36,"division":23,"precinct":"3623","placename":"ARLENE THORPE TOWNHOMES","street_address":"1210 S 27TH ST","zip_code":"19146","accessibility_code":"F","parking_code":"N","gdb_geomattr_data":null,"objectid":855}},{"type":"Feature","geometry":{"type":"Point","coordinates":[-75.188525,39.932931]},"properties":{"ward":36,"division":24,"precinct":"3624","placename":"XCLUSIVELY YOURS EVENTS","street_address":"1610 S 26TH ST","zip_code":"19145","accessibility_code":"A","parking_code":"N","gdb_geomattr_data":null,"objectid":856}},{"type":"Feature","geometry":{"type":"Point","coordinates":[-75.190912,39.934803]},"properties":{"ward":36,"division":25,"precinct":"3625","placename":"BARRETT NABUURS CENTER","street_address":"2744 DICKINSON ST","zip_code":"19146","accessibility_code":"A","parking_code":"N","gdb_geomattr_data":null,"objectid":857}},{"type":"Feature","geometry":{"type":"Point","coordinates":[-75.193152,39.938033]},"properties":{"ward":36,"division":26,"precinct":"3626","placename":"D FINNEGAN RECREATION CENTER","street_address":"1231 S 30TH ST","zip_code":"19146","accessibility_code":"F","parking_code":"N","gdb_geomattr_data":null,"objectid":858}},{"type":"Feature","geometry":{"type":"Point","coordinates":[-75.190912,39.934803]},"properties":{"ward":36,"division":27,"precinct":"3627","placename":"BARRETT NABUURS CENTER","street_address":"2744 DICKINSON ST","zip_code":"19146","accessibility_code":"A","parking_code":"N","gdb_geomattr_data":null,"objectid":859}},{"type":"Feature","geometry":{"type":"Point","coordinates":[-75.193152,39.938033]},"properties":{"ward":36,"division":28,"precinct":"3628","placename":"D FINNEGAN RECREATION CENTER","street_address":"1231 S 30TH ST","zip_code":"19146","accessibility_code":"F","parking_code":"N","gdb_geomattr_data":null,"objectid":860}},{"type":"Feature","geometry":{"type":"Point","coordinates":[-75.169788,39.929573]},"properties":{"ward":36,"division":29,"precinct":"3629","placename":"DISILVESTRO RECREATION CENTER","street_address":"1701 S 15TH ST","zip_code":"19145","accessibility_code":"F","parking_code":"N","gdb_geomattr_data":null,"objectid":861}},{"type":"Feature","geometry":{"type":"Point","coordinates":[-75.19867,39.934247]},"properties":{"ward":36,"division":30,"precinct":"3630","placename":"UNIVERSAL AUDENRIED CHARTER SCHOOL","street_address":"3301 TASKER ST","zip_code":"19145","accessibility_code":"F","parking_code":"L","gdb_geomattr_data":null,"objectid":862}},{"type":"Feature","geometry":{"type":"Point","coordinates":[-75.173842,39.930505]},"properties":{"ward":36,"division":31,"precinct":"3631","placename":"AQUINAS CENTER","street_address":"1700 FERNON ST","zip_code":"19145","accessibility_code":"M","parking_code":"N","gdb_geomattr_data":null,"objectid":863}},{"type":"Feature","geometry":{"type":"Point","coordinates":[-75.188802,39.938507]},"properties":{"ward":36,"division":32,"precinct":"3632","placename":"ARLENE THORPE TOWNHOMES","street_address":"1210 S 27TH ST","zip_code":"19146","accessibility_code":"F","parking_code":"N","gdb_geomattr_data":null,"objectid":864}},{"type":"Feature","geometry":{"type":"Point","coordinates":[-75.19867,39.934247]},"properties":{"ward":36,"division":33,"precinct":"3633","placename":"UNIVERSAL AUDENRIED CHARTER SCHOOL","street_address":"3301 TASKER ST","zip_code":"19145","accessibility_code":"F","parking_code":"L","gdb_geomattr_data":null,"objectid":865}},{"type":"Feature","geometry":{"type":"Point","coordinates":[-75.170587,39.935277]},"properties":{"ward":36,"division":34,"precinct":"3634","placename":"BARRATT SCHOOL","street_address":"1599 WHARTON ST","zip_code":"19146","accessibility_code":"M","parking_code":"N","gdb_geomattr_data":null,"objectid":866}},{"type":"Feature","geometry":{"type":"Point","coordinates":[-75.170587,39.935277]},"properties":{"ward":36,"division":35,"precinct":"3635","placename":"BARRATT SCHOOL","street_address":"1599 WHARTON ST","zip_code":"19146","accessibility_code":"M","parking_code":"N","gdb_geomattr_data":null,"objectid":867}},{"type":"Feature","geometry":{"type":"Point","coordinates":[-75.170587,39.935277]},"properties":{"ward":36,"division":36,"precinct":"3636","placename":"BARRATT SCHOOL","street_address":"1599 WHARTON ST","zip_code":"19146","accessibility_code":"M","parking_code":"N","gdb_geomattr_data":null,"objectid":868}},{"type":"Feature","geometry":{"type":"Point","coordinates":[-75.17104,39.933331]},"properties":{"ward":36,"division":37,"precinct":"3637","placename":"REED ST PRESBYTERIAN APARTMENTS","street_address":"1401 S 16TH ST","zip_code":"19146","accessibility_code":"M","parking_code":"N","gdb_geomattr_data":null,"objectid":869}},{"type":"Feature","geometry":{"type":"Point","coordinates":[-75.171037,39.933331]},"properties":{"ward":36,"division":38,"precinct":"3638","placename":"REED ST PRESBYTERIAN APARTMENTS","street_address":"1401 S 16TH ST","zip_code":"19146","accessibility_code":"M","parking_code":"N","gdb_geomattr_data":null,"objectid":870}},{"type":"Feature","geometry":{"type":"Point","coordinates":[-75.174866,39.938329]},"properties":{"ward":36,"division":39,"precinct":"3639","placename":"CHEW RECREATION CENTER","street_address":"1800 WASHINGTON AVE","zip_code":"19146","accessibility_code":"R","parking_code":"L","gdb_geomattr_data":null,"objectid":871}},{"type":"Feature","geometry":{"type":"Point","coordinates":[-75.170587,39.935277]},"properties":{"ward":36,"division":40,"precinct":"3640","placename":"BARRATT SCHOOL","street_address":"1599 WHARTON ST","zip_code":"19146","accessibility_code":"M","parking_code":"N","gdb_geomattr_data":null,"objectid":872}},{"type":"Feature","geometry":{"type":"Point","coordinates":[-75.169788,39.929573]},"properties":{"ward":36,"division":41,"precinct":"3641","placename":"DISILVESTRO RECREATION CENTER","street_address":"1701 S 15TH ST","zip_code":"19145","accessibility_code":"F","parking_code":"N","gdb_geomattr_data":null,"objectid":873}},{"type":"Feature","geometry":{"type":"Point","coordinates":[-75.148841,39.987129]},"properties":{"ward":37,"division":1,"precinct":"3701","placename":"EBENEZER BAPTIST CHURCH","street_address":"2259 N 10TH ST","zip_code":"19133","accessibility_code":"F","parking_code":"N","gdb_geomattr_data":null,"objectid":874}},{"type":"Feature","geometry":{"type":"Point","coordinates":[-75.152072,39.986352]},"properties":{"ward":37,"division":2,"precinct":"3702","placename":"PENROSE RECREATION CENTER","street_address":"1101 W SUSQUEHANNA AVE","zip_code":"19122","accessibility_code":"F","parking_code":"N","gdb_geomattr_data":null,"objectid":875}},{"type":"Feature","geometry":{"type":"Point","coordinates":[-75.149267,39.992306]},"properties":{"ward":37,"division":3,"precinct":"3703","placename":"HOPE PARTNERSHIP FOR EDUCATION","street_address":"2601 N 11TH ST","zip_code":"19133","accessibility_code":"B","parking_code":"N","gdb_geomattr_data":null,"objectid":876}},{"type":"Feature","geometry":{"type":"Point","coordinates":[-75.152072,39.986352]},"properties":{"ward":37,"division":4,"precinct":"3704","placename":"PENROSE RECREATION CENTER","street_address":"1101 W SUSQUEHANNA AVE","zip_code":"19122","accessibility_code":"F","parking_code":"N","gdb_geomattr_data":null,"objectid":877}},{"type":"Feature","geometry":{"type":"Point","coordinates":[-75.149268,39.992305]},"properties":{"ward":37,"division":5,"precinct":"3705","placename":"HOPE PARTNERSHIP FOR EDUCATION","street_address":"2601 N 11TH ST","zip_code":"19133","accessibility_code":"B","parking_code":"N","gdb_geomattr_data":null,"objectid":878}},{"type":"Feature","geometry":{"type":"Point","coordinates":[-75.14927,39.992313]},"properties":{"ward":37,"division":6,"precinct":"3706","placename":"HOPE PARTNERSHIP FOR EDUCATION","street_address":"2601 N 11TH ST","zip_code":"19133","accessibility_code":"B","parking_code":"N","gdb_geomattr_data":null,"objectid":879}},{"type":"Feature","geometry":{"type":"Point","coordinates":[-75.14927,39.992313]},"properties":{"ward":37,"division":7,"precinct":"3707","placename":"HOPE PARTNERSHIP FOR EDUCATION","street_address":"2601 N 11TH ST","zip_code":"19133","accessibility_code":"B","parking_code":"N","gdb_geomattr_data":null,"objectid":880}},{"type":"Feature","geometry":{"type":"Point","coordinates":[-75.14927,39.992313]},"properties":{"ward":37,"division":8,"precinct":"3708","placename":"HOPE PARTNERSHIP FOR EDUCATION","street_address":"2601 N 11TH ST","zip_code":"19133","accessibility_code":"B","parking_code":"N","gdb_geomattr_data":null,"objectid":881}},{"type":"Feature","geometry":{"type":"Point","coordinates":[-75.147425,39.996413]},"properties":{"ward":37,"division":9,"precinct":"3709","placename":"WARNOCK VILLAGE (PHA)","street_address":"2862 GERMANTOWN AVE","zip_code":"19133","accessibility_code":"F","parking_code":"H","gdb_geomattr_data":null,"objectid":882}},{"type":"Feature","geometry":{"type":"Point","coordinates":[-75.149943,39.996984]},"properties":{"ward":37,"division":10,"precinct":"3710","placename":"12TH & CAMBRIA RECREATION CENTER","street_address":"2901 N 12TH ST","zip_code":"19122","accessibility_code":"F","parking_code":"L","gdb_geomattr_data":null,"objectid":883}},{"type":"Feature","geometry":{"type":"Point","coordinates":[-75.15086,39.996113]},"properties":{"ward":37,"division":11,"precinct":"3711","placename":"MASTERY CLYMER CHARTER SCHOOL","street_address":"1201 W RUSH ST","zip_code":"19133","accessibility_code":"A","parking_code":"L","gdb_geomattr_data":null,"objectid":884}},{"type":"Feature","geometry":{"type":"Point","coordinates":[-75.15086,39.996113]},"properties":{"ward":37,"division":12,"precinct":"3712","placename":"MASTERY CLYMER CHARTER SCHOOL","street_address":"1201 W RUSH ST","zip_code":"19133","accessibility_code":"A","parking_code":"L","gdb_geomattr_data":null,"objectid":885}},{"type":"Feature","geometry":{"type":"Point","coordinates":[-75.142883,39.98879]},"properties":{"ward":37,"division":13,"precinct":"3713","placename":"GREATER IMPACT WORSHIP CENTER","street_address":"2431 N 6TH ST","zip_code":"19143","accessibility_code":"R","parking_code":"N","gdb_geomattr_data":null,"objectid":886}},{"type":"Feature","geometry":{"type":"Point","coordinates":[-75.145512,39.989559]},"properties":{"ward":37,"division":14,"precinct":"3714","placename":"HARTRANFT SCHOOL","street_address":"720 W CUMBERLAND ST","zip_code":"19133","accessibility_code":"M","parking_code":"N","gdb_geomattr_data":null,"objectid":887}},{"type":"Feature","geometry":{"type":"Point","coordinates":[-75.145512,39.989559]},"properties":{"ward":37,"division":15,"precinct":"3715","placename":"HARTRANFT SCHOOL","street_address":"720 W CUMBERLAND ST","zip_code":"19133","accessibility_code":"M","parking_code":"N","gdb_geomattr_data":null,"objectid":888}},{"type":"Feature","geometry":{"type":"Point","coordinates":[-75.140935,39.997432]},"properties":{"ward":37,"division":16,"precinct":"3716","placename":"POTTER THOMAS SCHOOL","street_address":"3001 N 6TH ST","zip_code":"19133","accessibility_code":"M","parking_code":"N","gdb_geomattr_data":null,"objectid":889}},{"type":"Feature","geometry":{"type":"Point","coordinates":[-75.146794,39.996236]},"properties":{"ward":37,"division":17,"precinct":"3717","placename":"ST JOHN MEMORIAL BAPTIST CHURCH","street_address":"2853 GERMANTOWN AVE","zip_code":"19133","accessibility_code":"M","parking_code":"N","gdb_geomattr_data":null,"objectid":890}},{"type":"Feature","geometry":{"type":"Point","coordinates":[-75.144287,39.996439]},"properties":{"ward":37,"division":18,"precinct":"3718","placename":"NORTH PROVIDENCE BAPTIST CHURCH","street_address":"2909 N 8TH ST","zip_code":"19133","accessibility_code":"M","parking_code":"N","gdb_geomattr_data":null,"objectid":891}},{"type":"Feature","geometry":{"type":"Point","coordinates":[-75.14093,39.99743]},"properties":{"ward":37,"division":19,"precinct":"3719","placename":"POTTER THOMAS SCHOOL","street_address":"3001 N 6TH ST","zip_code":"19133","accessibility_code":"M","parking_code":"N","gdb_geomattr_data":null,"objectid":892}},{"type":"Feature","geometry":{"type":"Point","coordinates":[-75.140928,39.997434]},"properties":{"ward":37,"division":20,"precinct":"3720","placename":"POTTER THOMAS SCHOOL","street_address":"3001 N 6TH ST","zip_code":"19133","accessibility_code":"M","parking_code":"N","gdb_geomattr_data":null,"objectid":893}},{"type":"Feature","geometry":{"type":"Point","coordinates":[-75.145789,39.998319]},"properties":{"ward":37,"division":21,"precinct":"3721","placename":"COMMUNITY CENTER [3018-A N PERCY ST]","street_address":"3018-A N PERCY ST","zip_code":"19133","accessibility_code":"M","parking_code":"N","gdb_geomattr_data":null,"objectid":894}},{"type":"Feature","geometry":{"type":"Point","coordinates":[-75.180597,40.011738]},"properties":{"ward":38,"division":1,"precinct":"3801","placename":"ABBOTTSFORD HOMES COMMUNITY CENTER (PHA)","street_address":"3226 MCMICHAEL ST","zip_code":"19129","accessibility_code":"F","parking_code":"H","gdb_geomattr_data":null,"objectid":895}},{"type":"Feature","geometry":{"type":"Point","coordinates":[-75.172004,40.004757]},"properties":{"ward":38,"division":2,"precinct":"3802","placename":"DEVEREUX MEMORIAL UNITED METHODIST CHURCH","street_address":"2527 W ALLEGHENY AVE","zip_code":"19132","accessibility_code":"M","parking_code":"L","gdb_geomattr_data":null,"objectid":896}},{"type":"Feature","geometry":{"type":"Point","coordinates":[-75.172004,40.004756]},"properties":{"ward":38,"division":3,"precinct":"3803","placename":"DEVEREUX MEMORIAL UNITED METHODIST CHURCH","street_address":"2527 W ALLEGHENY AVE","zip_code":"19132","accessibility_code":"M","parking_code":"L","gdb_geomattr_data":null,"objectid":897}},{"type":"Feature","geometry":{"type":"Point","coordinates":[-75.172004,40.004756]},"properties":{"ward":38,"division":4,"precinct":"3804","placename":"DEVEREUX MEMORIAL UNITED METHODIST CHURCH","street_address":"2527 W ALLEGHENY AVE","zip_code":"19132","accessibility_code":"M","parking_code":"L","gdb_geomattr_data":null,"objectid":898}},{"type":"Feature","geometry":{"type":"Point","coordinates":[-75.174562,40.002433]},"properties":{"ward":38,"division":5,"precinct":"3805","placename":"SHULER RECREATION CENTER","street_address":"3000 N 27TH ST","zip_code":"19132","accessibility_code":"M","parking_code":"L","gdb_geomattr_data":null,"objectid":899}},{"type":"Feature","geometry":{"type":"Point","coordinates":[-75.174553,40.002422]},"properties":{"ward":38,"division":6,"precinct":"3806","placename":"SHULER RECREATION CENTER","street_address":"3000 N 27TH ST","zip_code":"19132","accessibility_code":"M","parking_code":"L","gdb_geomattr_data":null,"objectid":900}},{"type":"Feature","geometry":{"type":"Point","coordinates":[-75.178282,40.002936]},"properties":{"ward":38,"division":7,"precinct":"3807","placename":"E W RHODES SCHOOL","street_address":"2900 W CLEARFIELD ST","zip_code":"19132","accessibility_code":"M","parking_code":"L","gdb_geomattr_data":null,"objectid":901}},{"type":"Feature","geometry":{"type":"Point","coordinates":[-75.178261,40.002914]},"properties":{"ward":38,"division":8,"precinct":"3808","placename":"E W RHODES SCHOOL","street_address":"2900 W CLEARFIELD ST","zip_code":"19132","accessibility_code":"M","parking_code":"L","gdb_geomattr_data":null,"objectid":902}},{"type":"Feature","geometry":{"type":"Point","coordinates":[-75.184322,40.007099]},"properties":{"ward":38,"division":9,"precinct":"3809","placename":"THE SMART CENTER DAYCARE","street_address":"3301 W WESTMORELAND ST","zip_code":"19129","accessibility_code":"M","parking_code":"L","gdb_geomattr_data":null,"objectid":903}},{"type":"Feature","geometry":{"type":"Point","coordinates":[-75.184322,40.007099]},"properties":{"ward":38,"division":10,"precinct":"3810","placename":"THE SMART CENTER DAYCARE","street_address":"3301 W WESTMORELAND ST","zip_code":"19129","accessibility_code":"M","parking_code":"L","gdb_geomattr_data":null,"objectid":904}},{"type":"Feature","geometry":{"type":"Point","coordinates":[-75.188483,40.0236]},"properties":{"ward":38,"division":11,"precinct":"3811","placename":"NEW BETHEL A.M.E. CHURCH OF GERMANTOWN","street_address":"3015 W SCHOOL HOUSE LN","zip_code":"19144","accessibility_code":"F","parking_code":"H","gdb_geomattr_data":null,"objectid":905}},{"type":"Feature","geometry":{"type":"Point","coordinates":[-75.192469,40.014638]},"properties":{"ward":38,"division":12,"precinct":"3812","placename":"FALLS OF SCHUYLKILL LIBRARY","street_address":"3501 MIDVALE AVE","zip_code":"19129","accessibility_code":"M","parking_code":"N","gdb_geomattr_data":null,"objectid":906}},{"type":"Feature","geometry":{"type":"Point","coordinates":[-75.191729,40.013982]},"properties":{"ward":38,"division":13,"precinct":"3813","placename":"MIFFLIN SCHOOL","street_address":"3624 CONRAD ST","zip_code":"19129","accessibility_code":"M","parking_code":"L","gdb_geomattr_data":null,"objectid":907}},{"type":"Feature","geometry":{"type":"Point","coordinates":[-75.191729,40.013982]},"properties":{"ward":38,"division":14,"precinct":"3814","placename":"MIFFLIN SCHOOL","street_address":"3624 CONRAD ST","zip_code":"19129","accessibility_code":"M","parking_code":"L","gdb_geomattr_data":null,"objectid":908}},{"type":"Feature","geometry":{"type":"Point","coordinates":[-75.191729,40.013982]},"properties":{"ward":38,"division":15,"precinct":"3815","placename":"MIFFLIN SCHOOL","street_address":"3624 CONRAD ST","zip_code":"19129","accessibility_code":"M","parking_code":"L","gdb_geomattr_data":null,"objectid":909}},{"type":"Feature","geometry":{"type":"Point","coordinates":[-75.191729,40.013982]},"properties":{"ward":38,"division":16,"precinct":"3816","placename":"MIFFLIN SCHOOL","street_address":"3624 CONRAD ST","zip_code":"19129","accessibility_code":"M","parking_code":"L","gdb_geomattr_data":null,"objectid":910}},{"type":"Feature","geometry":{"type":"Point","coordinates":[-75.169752,40.012586]},"properties":{"ward":38,"division":17,"precinct":"3817","placename":"SALVATION ARMY- KROC CENTER","street_address":"4200 WISSAHICKON AVE","zip_code":"19129","accessibility_code":"F","parking_code":"H","gdb_geomattr_data":null,"objectid":911}},{"type":"Feature","geometry":{"type":"Point","coordinates":[-75.192469,40.014638]},"properties":{"ward":38,"division":18,"precinct":"3818","placename":"FALLS OF SCHUYLKILL LIBRARY","street_address":"3501 MIDVALE AVE","zip_code":"19129","accessibility_code":"M","parking_code":"N","gdb_geomattr_data":null,"objectid":912}},{"type":"Feature","geometry":{"type":"Point","coordinates":[-75.197222,40.010718]},"properties":{"ward":38,"division":19,"precinct":"3819","placename":"FALLS RIDGE APARTMENTS","street_address":"4349 RIDGE AVE","zip_code":"19129","accessibility_code":"F","parking_code":"H","gdb_geomattr_data":null,"objectid":913}},{"type":"Feature","geometry":{"type":"Point","coordinates":[-75.192469,40.014638]},"properties":{"ward":38,"division":20,"precinct":"3820","placename":"FALLS OF SCHUYLKILL LIBRARY","street_address":"3501 MIDVALE AVE","zip_code":"19129","accessibility_code":"M","parking_code":"N","gdb_geomattr_data":null,"objectid":914}},{"type":"Feature","geometry":{"type":"Point","coordinates":[-75.178268,40.002917]},"properties":{"ward":38,"division":21,"precinct":"3821","placename":"E W RHODES SCHOOL","street_address":"2900 W CLEARFIELD ST","zip_code":"19132","accessibility_code":"M","parking_code":"L","gdb_geomattr_data":null,"objectid":915}},{"type":"Feature","geometry":{"type":"Point","coordinates":[-75.17041,39.920176]},"properties":{"ward":39,"division":1,"precinct":"3901","placename":"FUMO BRANCH LIBRARY","street_address":"2437 S BROAD ST","zip_code":"19148","accessibility_code":"M","parking_code":"N","gdb_geomattr_data":null,"objectid":916}},{"type":"Feature","geometry":{"type":"Point","coordinates":[-75.154823,39.917307]},"properties":{"ward":39,"division":2,"precinct":"3902","placename":"TAGGART SCHOOL","street_address":"400 W PORTER ST","zip_code":"19148","accessibility_code":"M","parking_code":"N","gdb_geomattr_data":null,"objectid":917}},{"type":"Feature","geometry":{"type":"Point","coordinates":[-75.154823,39.917307]},"properties":{"ward":39,"division":3,"precinct":"3903","placename":"TAGGART SCHOOL","street_address":"400 W PORTER ST","zip_code":"19148","accessibility_code":"M","parking_code":"N","gdb_geomattr_data":null,"objectid":918}},{"type":"Feature","geometry":{"type":"Point","coordinates":[-75.163867,39.915024]},"properties":{"ward":39,"division":4,"precinct":"3904","placename":"MASTERY THOMAS CHARTER SCHOOL","street_address":"927 JOHNSTON ST","zip_code":"19148","accessibility_code":"F","parking_code":"N","gdb_geomattr_data":null,"objectid":919}},{"type":"Feature","geometry":{"type":"Point","coordinates":[-75.150899,39.924052]},"properties":{"ward":39,"division":5,"precinct":"3905","placename":"FURNESS SCHOOL","street_address":"1900 S 3RD ST","zip_code":"19148","accessibility_code":"F","parking_code":"N","gdb_geomattr_data":null,"objectid":920}},{"type":"Feature","geometry":{"type":"Point","coordinates":[-75.150897,39.924054]},"properties":{"ward":39,"division":6,"precinct":"3906","placename":"FURNESS SCHOOL","street_address":"1900 S 3RD ST","zip_code":"19148","accessibility_code":"F","parking_code":"N","gdb_geomattr_data":null,"objectid":921}},{"type":"Feature","geometry":{"type":"Point","coordinates":[-75.150417,39.921943]},"properties":{"ward":39,"division":7,"precinct":"3907","placename":"WHITMAN BRANCH LIBRARY","street_address":"200 SNYDER AVE","zip_code":"19148","accessibility_code":"M","parking_code":"N","gdb_geomattr_data":null,"objectid":922}},{"type":"Feature","geometry":{"type":"Point","coordinates":[-75.151497,39.922144]},"properties":{"ward":39,"division":8,"precinct":"3908","placename":"SNYDER AVE CONGREGATION CHURCH","street_address":"300 SNYDER AVE","zip_code":"19148","accessibility_code":"B","parking_code":"N","gdb_geomattr_data":null,"objectid":923}},{"type":"Feature","geometry":{"type":"Point","coordinates":[-75.157657,39.923391]},"properties":{"ward":39,"division":9,"precinct":"3909","placename":"FORD RECREATION CENTER","street_address":"609 SNYDER AVE","zip_code":"19148","accessibility_code":"F","parking_code":"N","gdb_geomattr_data":null,"objectid":924}},{"type":"Feature","geometry":{"type":"Point","coordinates":[-75.157657,39.923391]},"properties":{"ward":39,"division":10,"precinct":"3910","placename":"FORD RECREATION CENTER","street_address":"609 SNYDER AVE","zip_code":"19148","accessibility_code":"F","parking_code":"N","gdb_geomattr_data":null,"objectid":925}},{"type":"Feature","geometry":{"type":"Point","coordinates":[-75.154823,39.917307]},"properties":{"ward":39,"division":11,"precinct":"3911","placename":"TAGGART SCHOOL","street_address":"400 W PORTER ST","zip_code":"19148","accessibility_code":"M","parking_code":"N","gdb_geomattr_data":null,"objectid":926}},{"type":"Feature","geometry":{"type":"Point","coordinates":[-75.163867,39.915024]},"properties":{"ward":39,"division":12,"precinct":"3912","placename":"MASTERY THOMAS CHARTER SCHOOL","street_address":"927 JOHNSTON ST","zip_code":"19148","accessibility_code":"F","parking_code":"N","gdb_geomattr_data":null,"objectid":927}},{"type":"Feature","geometry":{"type":"Point","coordinates":[-75.154823,39.917307]},"properties":{"ward":39,"division":13,"precinct":"3913","placename":"TAGGART SCHOOL","street_address":"400 W PORTER ST","zip_code":"19148","accessibility_code":"M","parking_code":"N","gdb_geomattr_data":null,"objectid":928}},{"type":"Feature","geometry":{"type":"Point","coordinates":[-75.174628,39.911916]},"properties":{"ward":39,"division":14,"precinct":"3914","placename":"CHICKIES & PETE'S PLAY 2","street_address":"1526 PACKER AVE","zip_code":"19145","accessibility_code":"M","parking_code":"H","gdb_geomattr_data":null,"objectid":929}},{"type":"Feature","geometry":{"type":"Point","coordinates":[-75.151498,39.922141]},"properties":{"ward":39,"division":15,"precinct":"3915","placename":"SNYDER AVE CONGREGATION CHURCH","street_address":"300 SNYDER AVE","zip_code":"19148","accessibility_code":"B","parking_code":"N","gdb_geomattr_data":null,"objectid":930}},{"type":"Feature","geometry":{"type":"Point","coordinates":[-75.154823,39.917307]},"properties":{"ward":39,"division":16,"precinct":"3916","placename":"TAGGART SCHOOL","street_address":"400 W PORTER ST","zip_code":"19148","accessibility_code":"M","parking_code":"N","gdb_geomattr_data":null,"objectid":931}},{"type":"Feature","geometry":{"type":"Point","coordinates":[-75.154823,39.917307]},"properties":{"ward":39,"division":17,"precinct":"3917","placename":"TAGGART SCHOOL","street_address":"400 W PORTER ST","zip_code":"19148","accessibility_code":"M","parking_code":"N","gdb_geomattr_data":null,"objectid":932}},{"type":"Feature","geometry":{"type":"Point","coordinates":[-75.154826,39.917305]},"properties":{"ward":39,"division":18,"precinct":"3918","placename":"TAGGART SCHOOL","street_address":"400 W PORTER ST","zip_code":"19148","accessibility_code":"M","parking_code":"N","gdb_geomattr_data":null,"objectid":933}},{"type":"Feature","geometry":{"type":"Point","coordinates":[-75.157657,39.923391]},"properties":{"ward":39,"division":19,"precinct":"3919","placename":"FORD RECREATION CENTER","street_address":"609 SNYDER AVE","zip_code":"19148","accessibility_code":"F","parking_code":"N","gdb_geomattr_data":null,"objectid":934}},{"type":"Feature","geometry":{"type":"Point","coordinates":[-75.151492,39.922147]},"properties":{"ward":39,"division":20,"precinct":"3920","placename":"SNYDER AVE CONGREGATION CHURCH","street_address":"300 SNYDER AVE","zip_code":"19148","accessibility_code":"B","parking_code":"N","gdb_geomattr_data":null,"objectid":935}},{"type":"Feature","geometry":{"type":"Point","coordinates":[-75.150426,39.921943]},"properties":{"ward":39,"division":21,"precinct":"3921","placename":"WHITMAN BRANCH LIBRARY","street_address":"200 SNYDER AVE","zip_code":"19148","accessibility_code":"M","parking_code":"N","gdb_geomattr_data":null,"objectid":936}},{"type":"Feature","geometry":{"type":"Point","coordinates":[-75.154823,39.917307]},"properties":{"ward":39,"division":22,"precinct":"3922","placename":"TAGGART SCHOOL","street_address":"400 W PORTER ST","zip_code":"19148","accessibility_code":"M","parking_code":"N","gdb_geomattr_data":null,"objectid":937}},{"type":"Feature","geometry":{"type":"Point","coordinates":[-75.159047,39.920556]},"properties":{"ward":39,"division":23,"precinct":"3923","placename":"STOREFRONT [2302 S 7TH ST]","street_address":"2302 S 7TH ST","zip_code":"19148","accessibility_code":"B","parking_code":"N","gdb_geomattr_data":null,"objectid":938}},{"type":"Feature","geometry":{"type":"Point","coordinates":[-75.154823,39.917307]},"properties":{"ward":39,"division":24,"precinct":"3924","placename":"TAGGART SCHOOL","street_address":"400 W PORTER ST","zip_code":"19148","accessibility_code":"M","parking_code":"N","gdb_geomattr_data":null,"objectid":939}},{"type":"Feature","geometry":{"type":"Point","coordinates":[-75.168814,39.923944]},"properties":{"ward":39,"division":25,"precinct":"3925","placename":"SOUTH PHILA HIGH SCHOOL","street_address":"2101 S BROAD ST","zip_code":"19148","accessibility_code":"M","parking_code":"H","gdb_geomattr_data":null,"objectid":940}},{"type":"Feature","geometry":{"type":"Point","coordinates":[-75.163562,39.926764]},"properties":{"ward":39,"division":26,"precinct":"3926","placename":"EAST PASSYUNK COMMUNITY CENTER","street_address":"1025-33 MIFFLIN ST","zip_code":"19148","accessibility_code":"F","parking_code":"N","gdb_geomattr_data":null,"objectid":941}},{"type":"Feature","geometry":{"type":"Point","coordinates":[-75.159747,39.92555]},"properties":{"ward":39,"division":27,"precinct":"3927","placename":"BOK BUILDING","street_address":"1901 S 9TH ST","zip_code":"19148","accessibility_code":"F","parking_code":"N","gdb_geomattr_data":null,"objectid":942}},{"type":"Feature","geometry":{"type":"Point","coordinates":[-75.157657,39.923391]},"properties":{"ward":39,"division":28,"precinct":"3928","placename":"FORD RECREATION CENTER","street_address":"609 SNYDER AVE","zip_code":"19148","accessibility_code":"F","parking_code":"N","gdb_geomattr_data":null,"objectid":943}},{"type":"Feature","geometry":{"type":"Point","coordinates":[-75.163867,39.915024]},"properties":{"ward":39,"division":29,"precinct":"3929","placename":"MASTERY THOMAS CHARTER SCHOOL","street_address":"927 JOHNSTON ST","zip_code":"19148","accessibility_code":"F","parking_code":"N","gdb_geomattr_data":null,"objectid":944}},{"type":"Feature","geometry":{"type":"Point","coordinates":[-75.168814,39.923944]},"properties":{"ward":39,"division":30,"precinct":"3930","placename":"SOUTH PHILA HIGH SCHOOL","street_address":"2101 S BROAD ST","zip_code":"19148","accessibility_code":"M","parking_code":"H","gdb_geomattr_data":null,"objectid":945}},{"type":"Feature","geometry":{"type":"Point","coordinates":[-75.17041,39.920176]},"properties":{"ward":39,"division":31,"precinct":"3931","placename":"FUMO BRANCH LIBRARY","street_address":"2437 S BROAD ST","zip_code":"19148","accessibility_code":"M","parking_code":"N","gdb_geomattr_data":null,"objectid":946}},{"type":"Feature","geometry":{"type":"Point","coordinates":[-75.159752,39.925542]},"properties":{"ward":39,"division":32,"precinct":"3932","placename":"BOK BUILDING","street_address":"1901 S 9TH ST","zip_code":"19148","accessibility_code":"F","parking_code":"N","gdb_geomattr_data":null,"objectid":947}},{"type":"Feature","geometry":{"type":"Point","coordinates":[-75.163867,39.915024]},"properties":{"ward":39,"division":33,"precinct":"3933","placename":"MASTERY THOMAS CHARTER SCHOOL","street_address":"927 JOHNSTON ST","zip_code":"19148","accessibility_code":"F","parking_code":"N","gdb_geomattr_data":null,"objectid":948}},{"type":"Feature","geometry":{"type":"Point","coordinates":[-75.168814,39.923944]},"properties":{"ward":39,"division":34,"precinct":"3934","placename":"SOUTH PHILA HIGH SCHOOL","street_address":"2101 S BROAD ST","zip_code":"19148","accessibility_code":"M","parking_code":"H","gdb_geomattr_data":null,"objectid":949}},{"type":"Feature","geometry":{"type":"Point","coordinates":[-75.168814,39.923944]},"properties":{"ward":39,"division":35,"precinct":"3935","placename":"SOUTH PHILA HIGH SCHOOL","street_address":"2101 S BROAD ST","zip_code":"19148","accessibility_code":"M","parking_code":"H","gdb_geomattr_data":null,"objectid":950}},{"type":"Feature","geometry":{"type":"Point","coordinates":[-75.170745,39.916719]},"properties":{"ward":39,"division":36,"precinct":"3936","placename":"MARCONI PLAZA BOCCE COURTS","street_address":"2800 S BROAD ST","zip_code":"19145","accessibility_code":"M","parking_code":"N","gdb_geomattr_data":null,"objectid":951}},{"type":"Feature","geometry":{"type":"Point","coordinates":[-75.168814,39.923944]},"properties":{"ward":39,"division":37,"precinct":"3937","placename":"SOUTH PHILA HIGH SCHOOL","street_address":"2101 S BROAD ST","zip_code":"19148","accessibility_code":"M","parking_code":"H","gdb_geomattr_data":null,"objectid":952}},{"type":"Feature","geometry":{"type":"Point","coordinates":[-75.168814,39.923944]},"properties":{"ward":39,"division":38,"precinct":"3938","placename":"SOUTH PHILA HIGH SCHOOL","street_address":"2101 S BROAD ST","zip_code":"19148","accessibility_code":"M","parking_code":"H","gdb_geomattr_data":null,"objectid":953}},{"type":"Feature","geometry":{"type":"Point","coordinates":[-75.168332,39.919183]},"properties":{"ward":39,"division":39,"precinct":"3939","placename":"JENKS SCHOOL TRAILER","street_address":"2501 S 13TH ST","zip_code":"19148","accessibility_code":"M","parking_code":"N","gdb_geomattr_data":null,"objectid":954}},{"type":"Feature","geometry":{"type":"Point","coordinates":[-75.157657,39.923391]},"properties":{"ward":39,"division":40,"precinct":"3940","placename":"FORD RECREATION CENTER","street_address":"609 SNYDER AVE","zip_code":"19148","accessibility_code":"F","parking_code":"N","gdb_geomattr_data":null,"objectid":955}},{"type":"Feature","geometry":{"type":"Point","coordinates":[-75.163867,39.915024]},"properties":{"ward":39,"division":41,"precinct":"3941","placename":"MASTERY THOMAS CHARTER SCHOOL","street_address":"927 JOHNSTON ST","zip_code":"19148","accessibility_code":"F","parking_code":"N","gdb_geomattr_data":null,"objectid":956}},{"type":"Feature","geometry":{"type":"Point","coordinates":[-75.168814,39.923944]},"properties":{"ward":39,"division":42,"precinct":"3942","placename":"SOUTH PHILA HIGH SCHOOL","street_address":"2101 S BROAD ST","zip_code":"19148","accessibility_code":"M","parking_code":"H","gdb_geomattr_data":null,"objectid":957}},{"type":"Feature","geometry":{"type":"Point","coordinates":[-75.17041,39.920176]},"properties":{"ward":39,"division":43,"precinct":"3943","placename":"FUMO BRANCH LIBRARY","street_address":"2437 S BROAD ST","zip_code":"19148","accessibility_code":"M","parking_code":"N","gdb_geomattr_data":null,"objectid":958}},{"type":"Feature","geometry":{"type":"Point","coordinates":[-75.163867,39.915024]},"properties":{"ward":39,"division":44,"precinct":"3944","placename":"MASTERY THOMAS CHARTER SCHOOL","street_address":"927 JOHNSTON ST","zip_code":"19148","accessibility_code":"F","parking_code":"N","gdb_geomattr_data":null,"objectid":959}},{"type":"Feature","geometry":{"type":"Point","coordinates":[-75.16355,39.926767]},"properties":{"ward":39,"division":45,"precinct":"3945","placename":"EAST PASSYUNK COMMUNITY CENTER","street_address":"1025-33 MIFFLIN ST","zip_code":"19148","accessibility_code":"F","parking_code":"N","gdb_geomattr_data":null,"objectid":960}},{"type":"Feature","geometry":{"type":"Point","coordinates":[-75.168125,39.930014]},"properties":{"ward":39,"division":46,"precinct":"3946","placename":"INTERNATIONAL BETHEL CHURCH","street_address":"1619 S BROAD ST","zip_code":"19148","accessibility_code":"F","parking_code":"N","gdb_geomattr_data":null,"objectid":961}},{"type":"Feature","geometry":{"type":"Point","coordinates":[-75.222158,39.920738]},"properties":{"ward":40,"division":1,"precinct":"4001","placename":"ROBERT BRADY VETERANS CENTER","street_address":"6250 EASTWICK AVE","zip_code":"19142","accessibility_code":"M","parking_code":"N","gdb_geomattr_data":null,"objectid":962}},{"type":"Feature","geometry":{"type":"Point","coordinates":[-75.228203,39.936027]},"properties":{"ward":40,"division":2,"precinct":"4002","placename":"SALT AND LIGHT","street_address":"5736 CHESTER AVE","zip_code":"19143","accessibility_code":"M","parking_code":"L","gdb_geomattr_data":null,"objectid":963}},{"type":"Feature","geometry":{"type":"Point","coordinates":[-75.221703,39.931286]},"properties":{"ward":40,"division":3,"precinct":"4003","placename":"EZEKIEL BAPTIST CHURCH","street_address":"5701 GRAYS AVE","zip_code":"19143","accessibility_code":"A","parking_code":"L","gdb_geomattr_data":null,"objectid":964}},{"type":"Feature","geometry":{"type":"Point","coordinates":[-75.218427,39.928567]},"properties":{"ward":40,"division":4,"precinct":"4004","placename":"RICHARD ALLEN PREPARATORY CHARTER SCHOOL","street_address":"2601 S 58TH ST","zip_code":"19143","accessibility_code":"F","parking_code":"H","gdb_geomattr_data":null,"objectid":965}},{"type":"Feature","geometry":{"type":"Point","coordinates":[-75.228219,39.93602]},"properties":{"ward":40,"division":5,"precinct":"4005","placename":"SALT AND LIGHT","street_address":"5736 CHESTER AVE","zip_code":"19143","accessibility_code":"M","parking_code":"L","gdb_geomattr_data":null,"objectid":966}},{"type":"Feature","geometry":{"type":"Point","coordinates":[-75.227194,39.924201]},"properties":{"ward":40,"division":6,"precinct":"4006","placename":"MORTON SCHOOL","street_address":"2501 S 63RD ST","zip_code":"19142","accessibility_code":"R","parking_code":"L","gdb_geomattr_data":null,"objectid":967}},{"type":"Feature","geometry":{"type":"Point","coordinates":[-75.228233,39.936042]},"properties":{"ward":40,"division":7,"precinct":"4007","placename":"SALT AND LIGHT","street_address":"5736 CHESTER AVE","zip_code":"19143","accessibility_code":"M","parking_code":"L","gdb_geomattr_data":null,"objectid":968}},{"type":"Feature","geometry":{"type":"Point","coordinates":[-75.2282,39.936029]},"properties":{"ward":40,"division":8,"precinct":"4008","placename":"SALT AND LIGHT","street_address":"5736 CHESTER AVE","zip_code":"19143","accessibility_code":"M","parking_code":"L","gdb_geomattr_data":null,"objectid":969}},{"type":"Feature","geometry":{"type":"Point","coordinates":[-75.228199,39.936031]},"properties":{"ward":40,"division":9,"precinct":"4009","placename":"SALT AND LIGHT","street_address":"5736 CHESTER AVE","zip_code":"19143","accessibility_code":"M","parking_code":"L","gdb_geomattr_data":null,"objectid":970}},{"type":"Feature","geometry":{"type":"Point","coordinates":[-75.231875,39.925183]},"properties":{"ward":40,"division":10,"precinct":"4010","placename":"AMERICAN LEGION POST 21 - WILLIAM P. ROCHE","street_address":"6400 PASCHALL AVE","zip_code":"19142","accessibility_code":"F","parking_code":"N","gdb_geomattr_data":null,"objectid":971}},{"type":"Feature","geometry":{"type":"Point","coordinates":[-75.241668,39.922483]},"properties":{"ward":40,"division":11,"precinct":"4011","placename":"CATHARINE SCHOOL ANNEX","street_address":"6900 GREENWAY AVE","zip_code":"19142","accessibility_code":"M","parking_code":"L","gdb_geomattr_data":null,"objectid":972}},{"type":"Feature","geometry":{"type":"Point","coordinates":[-75.227194,39.924201]},"properties":{"ward":40,"division":12,"precinct":"4012","placename":"MORTON SCHOOL","street_address":"2501 S 63RD ST","zip_code":"19142","accessibility_code":"R","parking_code":"L","gdb_geomattr_data":null,"objectid":973}},{"type":"Feature","geometry":{"type":"Point","coordinates":[-75.221699,39.931286]},"properties":{"ward":40,"division":13,"precinct":"4013","placename":"EZEKIEL BAPTIST CHURCH","street_address":"5701 GRAYS AVE","zip_code":"19143","accessibility_code":"A","parking_code":"L","gdb_geomattr_data":null,"objectid":974}},{"type":"Feature","geometry":{"type":"Point","coordinates":[-75.221696,39.931288]},"properties":{"ward":40,"division":14,"precinct":"4014","placename":"EZEKIEL BAPTIST CHURCH","street_address":"5701 GRAYS AVE","zip_code":"19143","accessibility_code":"A","parking_code":"L","gdb_geomattr_data":null,"objectid":975}},{"type":"Feature","geometry":{"type":"Point","coordinates":[-75.227194,39.924201]},"properties":{"ward":40,"division":15,"precinct":"4015","placename":"MORTON SCHOOL","street_address":"2501 S 63RD ST","zip_code":"19142","accessibility_code":"R","parking_code":"L","gdb_geomattr_data":null,"objectid":976}},{"type":"Feature","geometry":{"type":"Point","coordinates":[-75.227194,39.924201]},"properties":{"ward":40,"division":16,"precinct":"4016","placename":"MORTON SCHOOL","street_address":"2501 S 63RD ST","zip_code":"19142","accessibility_code":"R","parking_code":"L","gdb_geomattr_data":null,"objectid":977}},{"type":"Feature","geometry":{"type":"Point","coordinates":[-75.232498,39.921829]},"properties":{"ward":40,"division":17,"precinct":"4017","placename":"TILDEN MIDDLE SCHOOL","street_address":"6601 ELMWOOD AVE","zip_code":"19142","accessibility_code":"M","parking_code":"L","gdb_geomattr_data":null,"objectid":978}},{"type":"Feature","geometry":{"type":"Point","coordinates":[-75.227194,39.924201]},"properties":{"ward":40,"division":18,"precinct":"4018","placename":"MORTON SCHOOL","street_address":"2501 S 63RD ST","zip_code":"19142","accessibility_code":"R","parking_code":"L","gdb_geomattr_data":null,"objectid":979}},{"type":"Feature","geometry":{"type":"Point","coordinates":[-75.231878,39.925184]},"properties":{"ward":40,"division":19,"precinct":"4019","placename":"AMERICAN LEGION POST 21 - WILLIAM P. ROCHE","street_address":"6400 PASCHALL AVE","zip_code":"19142","accessibility_code":"F","parking_code":"N","gdb_geomattr_data":null,"objectid":980}},{"type":"Feature","geometry":{"type":"Point","coordinates":[-75.231875,39.925183]},"properties":{"ward":40,"division":20,"precinct":"4020","placename":"AMERICAN LEGION POST 21 - WILLIAM P. ROCHE","street_address":"6400 PASCHALL AVE","zip_code":"19142","accessibility_code":"F","parking_code":"N","gdb_geomattr_data":null,"objectid":981}},{"type":"Feature","geometry":{"type":"Point","coordinates":[-75.239622,39.927854]},"properties":{"ward":40,"division":21,"precinct":"4021","placename":"CATHARINE SCHOOL","street_address":"6600 CHESTER AVE","zip_code":"19142","accessibility_code":"M","parking_code":"L","gdb_geomattr_data":null,"objectid":982}},{"type":"Feature","geometry":{"type":"Point","coordinates":[-75.232498,39.921829]},"properties":{"ward":40,"division":22,"precinct":"4022","placename":"TILDEN MIDDLE SCHOOL","street_address":"6601 ELMWOOD AVE","zip_code":"19142","accessibility_code":"M","parking_code":"L","gdb_geomattr_data":null,"objectid":983}},{"type":"Feature","geometry":{"type":"Point","coordinates":[-75.239618,39.927852]},"properties":{"ward":40,"division":23,"precinct":"4023","placename":"CATHARINE SCHOOL","street_address":"6600 CHESTER AVE","zip_code":"19142","accessibility_code":"M","parking_code":"L","gdb_geomattr_data":null,"objectid":984}},{"type":"Feature","geometry":{"type":"Point","coordinates":[-75.239611,39.927846]},"properties":{"ward":40,"division":24,"precinct":"4024","placename":"CATHARINE SCHOOL","street_address":"6600 CHESTER AVE","zip_code":"19142","accessibility_code":"M","parking_code":"L","gdb_geomattr_data":null,"objectid":985}},{"type":"Feature","geometry":{"type":"Point","coordinates":[-75.241668,39.922483]},"properties":{"ward":40,"division":25,"precinct":"4025","placename":"CATHARINE SCHOOL ANNEX","street_address":"6900 GREENWAY AVE","zip_code":"19142","accessibility_code":"M","parking_code":"L","gdb_geomattr_data":null,"objectid":986}},{"type":"Feature","geometry":{"type":"Point","coordinates":[-75.231876,39.925184]},"properties":{"ward":40,"division":26,"precinct":"4026","placename":"AMERICAN LEGION POST 21 - WILLIAM P. ROCHE","street_address":"6400 PASCHALL AVE","zip_code":"19142","accessibility_code":"F","parking_code":"N","gdb_geomattr_data":null,"objectid":987}},{"type":"Feature","geometry":{"type":"Point","coordinates":[-75.232498,39.921829]},"properties":{"ward":40,"division":27,"precinct":"4027","placename":"TILDEN MIDDLE SCHOOL","street_address":"6601 ELMWOOD AVE","zip_code":"19142","accessibility_code":"M","parking_code":"L","gdb_geomattr_data":null,"objectid":988}},{"type":"Feature","geometry":{"type":"Point","coordinates":[-75.222158,39.920738]},"properties":{"ward":40,"division":28,"precinct":"4028","placename":"ROBERT BRADY VETERANS CENTER","street_address":"6250 EASTWICK AVE","zip_code":"19142","accessibility_code":"M","parking_code":"N","gdb_geomattr_data":null,"objectid":989}},{"type":"Feature","geometry":{"type":"Point","coordinates":[-75.232422,39.915613]},"properties":{"ward":40,"division":29,"precinct":"4029","placename":"JAMES FINNEGAN RECREATION CENTER","street_address":"6801 GROVERS AVE","zip_code":"19153","accessibility_code":"M","parking_code":"L","gdb_geomattr_data":null,"objectid":990}},{"type":"Feature","geometry":{"type":"Point","coordinates":[-75.251576,39.897835]},"properties":{"ward":40,"division":30,"precinct":"4030","placename":"ST PAUL METROPOLITAN A.M.E. CHURCH","street_address":"8398 LINDBERGH BLVD","zip_code":"19153","accessibility_code":"M","parking_code":"H","gdb_geomattr_data":null,"objectid":991}},{"type":"Feature","geometry":{"type":"Point","coordinates":[-75.235701,39.911905]},"properties":{"ward":40,"division":31,"precinct":"4031","placename":"HARDY WILLIAMS VETERANS CENTER","street_address":"7100 GROVERS AVE","zip_code":"19153","accessibility_code":"F","parking_code":"H","gdb_geomattr_data":null,"objectid":992}},{"type":"Feature","geometry":{"type":"Point","coordinates":[-75.243803,39.918635]},"properties":{"ward":40,"division":32,"precinct":"4032","placename":"PASCHALVILLE HOMES COMMUNITY CTR (PHA)","street_address":"7200 WOODLAND AVE","zip_code":"19142","accessibility_code":"F","parking_code":"N","gdb_geomattr_data":null,"objectid":993}},{"type":"Feature","geometry":{"type":"Point","coordinates":[-75.240944,39.920497]},"properties":{"ward":40,"division":33,"precinct":"4033","placename":"PASCHALVILLE LIBRARY","street_address":"6942 WOODLAND AVE","zip_code":"19142","accessibility_code":"F","parking_code":"N","gdb_geomattr_data":null,"objectid":994}},{"type":"Feature","geometry":{"type":"Point","coordinates":[-75.243802,39.918635]},"properties":{"ward":40,"division":34,"precinct":"4034","placename":"PASCHALVILLE HOMES COMMUNITY CTR (PHA)","street_address":"7200 WOODLAND AVE","zip_code":"19142","accessibility_code":"F","parking_code":"N","gdb_geomattr_data":null,"objectid":995}},{"type":"Feature","geometry":{"type":"Point","coordinates":[-75.248467,39.908301]},"properties":{"ward":40,"division":35,"precinct":"4035","placename":"CIBOTTI RECREATION CENTER","street_address":"2500 S 77TH ST","zip_code":"19153","accessibility_code":"F","parking_code":"L","gdb_geomattr_data":null,"objectid":996}},{"type":"Feature","geometry":{"type":"Point","coordinates":[-75.240391,39.906285]},"properties":{"ward":40,"division":36,"precinct":"4036","placename":"EASTWICK LIBRARY","street_address":"2851 ISLAND AVE","zip_code":"19153","accessibility_code":"M","parking_code":"L","gdb_geomattr_data":null,"objectid":997}},{"type":"Feature","geometry":{"type":"Point","coordinates":[-75.248399,39.908262]},"properties":{"ward":40,"division":37,"precinct":"4037","placename":"CIBOTTI RECREATION CENTER","street_address":"2500 S 77TH ST","zip_code":"19153","accessibility_code":"F","parking_code":"L","gdb_geomattr_data":null,"objectid":998}},{"type":"Feature","geometry":{"type":"Point","coordinates":[-75.250689,39.904453]},"properties":{"ward":40,"division":38,"precinct":"4038","placename":"EASTWICK RECREATION CENTER","street_address":"7931 MARS PL","zip_code":"19153","accessibility_code":"M","parking_code":"L","gdb_geomattr_data":null,"objectid":999}},{"type":"Feature","geometry":{"type":"Point","coordinates":[-75.232498,39.921829]},"properties":{"ward":40,"division":39,"precinct":"4039","placename":"TILDEN MIDDLE SCHOOL","street_address":"6601 ELMWOOD AVE","zip_code":"19142","accessibility_code":"M","parking_code":"L","gdb_geomattr_data":null,"objectid":1000}},{"type":"Feature","geometry":{"type":"Point","coordinates":[-75.251603,39.89807]},"properties":{"ward":40,"division":40,"precinct":"4040","placename":"ST PAUL METROPOLITAN A.M.E. CHURCH","street_address":"8398 LINDBERGH BLVD","zip_code":"19153","accessibility_code":"M","parking_code":"H","gdb_geomattr_data":null,"objectid":1001}},{"type":"Feature","geometry":{"type":"Point","coordinates":[-75.243803,39.91864]},"properties":{"ward":40,"division":41,"precinct":"4041","placename":"PASCHALVILLE HOMES COMMUNITY CTR (PHA)","street_address":"7200 WOODLAND AVE","zip_code":"19142","accessibility_code":"F","parking_code":"N","gdb_geomattr_data":null,"objectid":1002}},{"type":"Feature","geometry":{"type":"Point","coordinates":[-75.248157,39.907332]},"properties":{"ward":40,"division":42,"precinct":"4042","placename":"PENROSE SCHOOL (GYM)","street_address":"2515 S 78TH ST","zip_code":"19153","accessibility_code":"M","parking_code":"L","gdb_geomattr_data":null,"objectid":1003}},{"type":"Feature","geometry":{"type":"Point","coordinates":[-75.232422,39.915613]},"properties":{"ward":40,"division":43,"precinct":"4043","placename":"JAMES FINNEGAN RECREATION CENTER","street_address":"6801 GROVERS AVE","zip_code":"19153","accessibility_code":"M","parking_code":"L","gdb_geomattr_data":null,"objectid":1004}},{"type":"Feature","geometry":{"type":"Point","coordinates":[-75.248157,39.907332]},"properties":{"ward":40,"division":44,"precinct":"4044","placename":"PENROSE SCHOOL (GYM)","street_address":"2515 S 78TH ST","zip_code":"19153","accessibility_code":"M","parking_code":"L","gdb_geomattr_data":null,"objectid":1005}},{"type":"Feature","geometry":{"type":"Point","coordinates":[-75.248446,39.908219]},"properties":{"ward":40,"division":45,"precinct":"4045","placename":"CIBOTTI RECREATION CENTER","street_address":"2500 S 77TH ST","zip_code":"19153","accessibility_code":"F","parking_code":"L","gdb_geomattr_data":null,"objectid":1006}},{"type":"Feature","geometry":{"type":"Point","coordinates":[-75.232422,39.915613]},"properties":{"ward":40,"division":46,"precinct":"4046","placename":"JAMES FINNEGAN RECREATION CENTER","street_address":"6801 GROVERS AVE","zip_code":"19153","accessibility_code":"M","parking_code":"L","gdb_geomattr_data":null,"objectid":1007}},{"type":"Feature","geometry":{"type":"Point","coordinates":[-75.243864,39.918914]},"properties":{"ward":40,"division":47,"precinct":"4047","placename":"PASCHALVILLE HOMES COMMUNITY CTR (PHA)","street_address":"7200 WOODLAND AVE","zip_code":"19142","accessibility_code":"F","parking_code":"N","gdb_geomattr_data":null,"objectid":1008}},{"type":"Feature","geometry":{"type":"Point","coordinates":[-75.240391,39.906285]},"properties":{"ward":40,"division":48,"precinct":"4048","placename":"EASTWICK LIBRARY","street_address":"2851 ISLAND AVE","zip_code":"19153","accessibility_code":"M","parking_code":"L","gdb_geomattr_data":null,"objectid":1009}},{"type":"Feature","geometry":{"type":"Point","coordinates":[-75.236445,39.908052]},"properties":{"ward":40,"division":49,"precinct":"4049","placename":"RESIDENCE [3021 S 74TH ST]","street_address":"3021 S 74TH ST","zip_code":"19153","accessibility_code":"M","parking_code":"N","gdb_geomattr_data":null,"objectid":1010}},{"type":"Feature","geometry":{"type":"Point","coordinates":[-75.235701,39.911905]},"properties":{"ward":40,"division":50,"precinct":"4050","placename":"HARDY WILLIAMS VETERANS CENTER","street_address":"7100 GROVERS AVE","zip_code":"19153","accessibility_code":"F","parking_code":"H","gdb_geomattr_data":null,"objectid":1011}},{"type":"Feature","geometry":{"type":"Point","coordinates":[-75.232422,39.915613]},"properties":{"ward":40,"division":51,"precinct":"4051","placename":"JAMES FINNEGAN RECREATION CENTER","street_address":"6801 GROVERS AVE","zip_code":"19153","accessibility_code":"M","parking_code":"L","gdb_geomattr_data":null,"objectid":1012}},{"type":"Feature","geometry":{"type":"Point","coordinates":[-75.0627,40.016503]},"properties":{"ward":41,"division":1,"precinct":"4101","placename":"MOSS RECREATION CENTER","street_address":"5700 TORRESDALE AVE","zip_code":"19124","accessibility_code":"F","parking_code":"N","gdb_geomattr_data":null,"objectid":1013}},{"type":"Feature","geometry":{"type":"Point","coordinates":[-75.0627,40.016503]},"properties":{"ward":41,"division":2,"precinct":"4102","placename":"MOSS RECREATION CENTER","street_address":"5700 TORRESDALE AVE","zip_code":"19124","accessibility_code":"F","parking_code":"N","gdb_geomattr_data":null,"objectid":1014}},{"type":"Feature","geometry":{"type":"Point","coordinates":[-75.0627,40.016503]},"properties":{"ward":41,"division":3,"precinct":"4103","placename":"MOSS RECREATION CENTER","street_address":"5700 TORRESDALE AVE","zip_code":"19124","accessibility_code":"F","parking_code":"N","gdb_geomattr_data":null,"objectid":1015}},{"type":"Feature","geometry":{"type":"Point","coordinates":[-75.055473,40.019799]},"properties":{"ward":41,"division":4,"precinct":"4104","placename":"AMERICAN LEGION RECREATION CENTER","street_address":"6201 TORRESDALE AVE","zip_code":"19135","accessibility_code":"F","parking_code":"L","gdb_geomattr_data":null,"objectid":1016}},{"type":"Feature","geometry":{"type":"Point","coordinates":[-75.058971,40.020955]},"properties":{"ward":41,"division":5,"precinct":"4105","placename":"LAWTON SCHOOL","street_address":"6101 JACKSON ST","zip_code":"19135","accessibility_code":"F","parking_code":"L","gdb_geomattr_data":null,"objectid":1017}},{"type":"Feature","geometry":{"type":"Point","coordinates":[-75.053021,40.020925]},"properties":{"ward":41,"division":6,"precinct":"4106","placename":"McCULLOUGH UNION HALL","street_address":"6309 TORRESDALE AVE","zip_code":"19135","accessibility_code":"M","parking_code":"L","gdb_geomattr_data":null,"objectid":1018}},{"type":"Feature","geometry":{"type":"Point","coordinates":[-75.055475,40.019801]},"properties":{"ward":41,"division":7,"precinct":"4107","placename":"AMERICAN LEGION RECREATION CENTER","street_address":"6201 TORRESDALE AVE","zip_code":"19135","accessibility_code":"F","parking_code":"L","gdb_geomattr_data":null,"objectid":1019}},{"type":"Feature","geometry":{"type":"Point","coordinates":[-75.053028,40.02092]},"properties":{"ward":41,"division":8,"precinct":"4108","placename":"McCULLOUGH UNION HALL","street_address":"6309 TORRESDALE AVE","zip_code":"19135","accessibility_code":"M","parking_code":"L","gdb_geomattr_data":null,"objectid":1020}},{"type":"Feature","geometry":{"type":"Point","coordinates":[-75.058971,40.020955]},"properties":{"ward":41,"division":9,"precinct":"4109","placename":"LAWTON SCHOOL","street_address":"6101 JACKSON ST","zip_code":"19135","accessibility_code":"F","parking_code":"L","gdb_geomattr_data":null,"objectid":1021}},{"type":"Feature","geometry":{"type":"Point","coordinates":[-75.058971,40.020955]},"properties":{"ward":41,"division":10,"precinct":"4110","placename":"LAWTON SCHOOL","street_address":"6101 JACKSON ST","zip_code":"19135","accessibility_code":"F","parking_code":"L","gdb_geomattr_data":null,"objectid":1022}},{"type":"Feature","geometry":{"type":"Point","coordinates":[-75.045303,40.025602]},"properties":{"ward":41,"division":11,"precinct":"4111","placename":"TACONY BRANCH LIBRARY","street_address":"6742 TORRESDALE AVE","zip_code":"19135","accessibility_code":"F","parking_code":"N","gdb_geomattr_data":null,"objectid":1023}},{"type":"Feature","geometry":{"type":"Point","coordinates":[-75.045349,40.025751]},"properties":{"ward":41,"division":12,"precinct":"4112","placename":"TACONY BRANCH LIBRARY","street_address":"6742 TORRESDALE AVE","zip_code":"19135","accessibility_code":"F","parking_code":"N","gdb_geomattr_data":null,"objectid":1024}},{"type":"Feature","geometry":{"type":"Point","coordinates":[-75.053028,40.020914]},"properties":{"ward":41,"division":13,"precinct":"4113","placename":"McCULLOUGH UNION HALL","street_address":"6309 TORRESDALE AVE","zip_code":"19135","accessibility_code":"M","parking_code":"L","gdb_geomattr_data":null,"objectid":1025}},{"type":"Feature","geometry":{"type":"Point","coordinates":[-75.053021,40.020909]},"properties":{"ward":41,"division":14,"precinct":"4114","placename":"McCULLOUGH UNION HALL","street_address":"6309 TORRESDALE AVE","zip_code":"19135","accessibility_code":"M","parking_code":"L","gdb_geomattr_data":null,"objectid":1026}},{"type":"Feature","geometry":{"type":"Point","coordinates":[-75.045349,40.025751]},"properties":{"ward":41,"division":15,"precinct":"4115","placename":"TACONY BRANCH LIBRARY","street_address":"6742 TORRESDALE AVE","zip_code":"19135","accessibility_code":"F","parking_code":"N","gdb_geomattr_data":null,"objectid":1027}},{"type":"Feature","geometry":{"type":"Point","coordinates":[-75.036224,40.034865]},"properties":{"ward":41,"division":16,"precinct":"4116","placename":"FORREST LITTLE SCHOOLHOUSE","street_address":"7300 COTTAGE ST","zip_code":"19136","accessibility_code":"F","parking_code":"L","gdb_geomattr_data":null,"objectid":1028}},{"type":"Feature","geometry":{"type":"Point","coordinates":[-75.043735,40.026287]},"properties":{"ward":41,"division":17,"precinct":"4117","placename":"JACK COSTELLO BOXING CLUB","street_address":"6846 TORRESDALE AVE","zip_code":"19135","accessibility_code":"F","parking_code":"N","gdb_geomattr_data":null,"objectid":1029}},{"type":"Feature","geometry":{"type":"Point","coordinates":[-75.036255,40.034871]},"properties":{"ward":41,"division":18,"precinct":"4118","placename":"FORREST LITTLE SCHOOLHOUSE","street_address":"7300 COTTAGE ST","zip_code":"19136","accessibility_code":"F","parking_code":"L","gdb_geomattr_data":null,"objectid":1030}},{"type":"Feature","geometry":{"type":"Point","coordinates":[-75.036251,40.034874]},"properties":{"ward":41,"division":19,"precinct":"4119","placename":"FORREST LITTLE SCHOOLHOUSE","street_address":"7300 COTTAGE ST","zip_code":"19136","accessibility_code":"F","parking_code":"L","gdb_geomattr_data":null,"objectid":1031}},{"type":"Feature","geometry":{"type":"Point","coordinates":[-75.036255,40.034878]},"properties":{"ward":41,"division":20,"precinct":"4120","placename":"FORREST LITTLE SCHOOLHOUSE","street_address":"7300 COTTAGE ST","zip_code":"19136","accessibility_code":"F","parking_code":"L","gdb_geomattr_data":null,"objectid":1032}},{"type":"Feature","geometry":{"type":"Point","coordinates":[-75.043735,40.026287]},"properties":{"ward":41,"division":21,"precinct":"4121","placename":"JACK COSTELLO BOXING CLUB","street_address":"6846 TORRESDALE AVE","zip_code":"19135","accessibility_code":"F","parking_code":"N","gdb_geomattr_data":null,"objectid":1033}},{"type":"Feature","geometry":{"type":"Point","coordinates":[-75.03626,40.034868]},"properties":{"ward":41,"division":22,"precinct":"4122","placename":"FORREST LITTLE SCHOOLHOUSE","street_address":"7300 COTTAGE ST","zip_code":"19136","accessibility_code":"F","parking_code":"L","gdb_geomattr_data":null,"objectid":1034}},{"type":"Feature","geometry":{"type":"Point","coordinates":[-75.036228,40.034868]},"properties":{"ward":41,"division":23,"precinct":"4123","placename":"FORREST LITTLE SCHOOLHOUSE","street_address":"7300 COTTAGE ST","zip_code":"19136","accessibility_code":"F","parking_code":"L","gdb_geomattr_data":null,"objectid":1035}},{"type":"Feature","geometry":{"type":"Point","coordinates":[-75.036243,40.034863]},"properties":{"ward":41,"division":24,"precinct":"4124","placename":"FORREST LITTLE SCHOOLHOUSE","street_address":"7300 COTTAGE ST","zip_code":"19136","accessibility_code":"F","parking_code":"L","gdb_geomattr_data":null,"objectid":1036}},{"type":"Feature","geometry":{"type":"Point","coordinates":[-75.03625,40.034868]},"properties":{"ward":41,"division":25,"precinct":"4125","placename":"FORREST LITTLE SCHOOLHOUSE","street_address":"7300 COTTAGE ST","zip_code":"19136","accessibility_code":"F","parking_code":"L","gdb_geomattr_data":null,"objectid":1037}},{"type":"Feature","geometry":{"type":"Point","coordinates":[-75.036228,40.034874]},"properties":{"ward":41,"division":26,"precinct":"4126","placename":"FORREST LITTLE SCHOOLHOUSE","street_address":"7300 COTTAGE ST","zip_code":"19136","accessibility_code":"F","parking_code":"L","gdb_geomattr_data":null,"objectid":1038}},{"type":"Feature","geometry":{"type":"Point","coordinates":[-75.110592,40.01691]},"properties":{"ward":42,"division":1,"precinct":"4201","placename":"CITY SIGN SHOP","street_address":"4501 G ST","zip_code":"19120","accessibility_code":"F","parking_code":"H","gdb_geomattr_data":null,"objectid":1039}},{"type":"Feature","geometry":{"type":"Point","coordinates":[-75.119702,40.020823]},"properties":{"ward":42,"division":2,"precinct":"4202","placename":"BARTON SCHOOL","street_address":"4600 ROSEHILL ST","zip_code":"19120","accessibility_code":"A","parking_code":"L","gdb_geomattr_data":null,"objectid":1040}},{"type":"Feature","geometry":{"type":"Point","coordinates":[-75.127277,40.022521]},"properties":{"ward":42,"division":3,"precinct":"4203","placename":"BETHEL WORSHIP CENTER","street_address":"169 W WYOMING AVE","zip_code":"19140","accessibility_code":"A","parking_code":"L","gdb_geomattr_data":null,"objectid":1041}},{"type":"Feature","geometry":{"type":"Point","coordinates":[-75.134881,40.018128]},"properties":{"ward":42,"division":4,"precinct":"4204","placename":"CAYUGA SCHOOL","street_address":"4344 N 5TH ST","zip_code":"19140","accessibility_code":"M","parking_code":"N","gdb_geomattr_data":null,"objectid":1042}},{"type":"Feature","geometry":{"type":"Point","coordinates":[-75.112808,40.022506]},"properties":{"ward":42,"division":5,"precinct":"4205","placename":"VAIRD-FELTONVILLE YOUTH CLUB","street_address":"4800 WHITAKER AVE","zip_code":"19124","accessibility_code":"F","parking_code":"L","gdb_geomattr_data":null,"objectid":1043}},{"type":"Feature","geometry":{"type":"Point","coordinates":[-75.121118,40.020697]},"properties":{"ward":42,"division":6,"precinct":"4206","placename":"FELTONVILLE INTERMEDIATE SCHOOL","street_address":"238 E WYOMING AVE","zip_code":"19120","accessibility_code":"A","parking_code":"L","gdb_geomattr_data":null,"objectid":1044}},{"type":"Feature","geometry":{"type":"Point","coordinates":[-75.127277,40.022521]},"properties":{"ward":42,"division":7,"precinct":"4207","placename":"BETHEL WORSHIP CENTER","street_address":"169 W WYOMING AVE","zip_code":"19140","accessibility_code":"A","parking_code":"L","gdb_geomattr_data":null,"objectid":1045}},{"type":"Feature","geometry":{"type":"Point","coordinates":[-75.121119,40.020693]},"properties":{"ward":42,"division":8,"precinct":"4208","placename":"FELTONVILLE INTERMEDIATE SCHOOL","street_address":"238 E WYOMING AVE","zip_code":"19120","accessibility_code":"A","parking_code":"L","gdb_geomattr_data":null,"objectid":1046}},{"type":"Feature","geometry":{"type":"Point","coordinates":[-75.127277,40.022521]},"properties":{"ward":42,"division":9,"precinct":"4209","placename":"BETHEL WORSHIP CENTER","street_address":"169 W WYOMING AVE","zip_code":"19140","accessibility_code":"A","parking_code":"L","gdb_geomattr_data":null,"objectid":1047}},{"type":"Feature","geometry":{"type":"Point","coordinates":[-75.112808,40.022506]},"properties":{"ward":42,"division":10,"precinct":"4210","placename":"VAIRD-FELTONVILLE YOUTH CLUB","street_address":"4800 WHITAKER AVE","zip_code":"19124","accessibility_code":"F","parking_code":"L","gdb_geomattr_data":null,"objectid":1048}},{"type":"Feature","geometry":{"type":"Point","coordinates":[-75.121119,40.020693]},"properties":{"ward":42,"division":11,"precinct":"4211","placename":"FELTONVILLE INTERMEDIATE SCHOOL","street_address":"238 E WYOMING AVE","zip_code":"19120","accessibility_code":"A","parking_code":"L","gdb_geomattr_data":null,"objectid":1049}},{"type":"Feature","geometry":{"type":"Point","coordinates":[-75.124096,40.029044]},"properties":{"ward":42,"division":12,"precinct":"4212","placename":"OLNEY HIGH SCHOOL","street_address":"100 W DUNCANNON AVE","zip_code":"19120","accessibility_code":"A","parking_code":"L","gdb_geomattr_data":null,"objectid":1050}},{"type":"Feature","geometry":{"type":"Point","coordinates":[-75.130054,40.029295]},"properties":{"ward":42,"division":13,"precinct":"4213","placename":"MORRISON SCHOOL","street_address":"5111 N 4TH ST","zip_code":"19120","accessibility_code":"M","parking_code":"L","gdb_geomattr_data":null,"objectid":1051}},{"type":"Feature","geometry":{"type":"Point","coordinates":[-75.11507,40.027697]},"properties":{"ward":42,"division":14,"precinct":"4214","placename":"NEW LIFE PRESBYTERIAN CHURCH","street_address":"425 E ROOSEVELT BLVD","zip_code":"19120","accessibility_code":"F","parking_code":"L","gdb_geomattr_data":null,"objectid":1052}},{"type":"Feature","geometry":{"type":"Point","coordinates":[-75.117123,40.030839]},"properties":{"ward":42,"division":15,"precinct":"4215","placename":"TRIUMPHANT FAITH INTERNATIONAL HIGH SCHOOL","street_address":"413 E TABOR RD","zip_code":"19120","accessibility_code":"F","parking_code":"L","gdb_geomattr_data":null,"objectid":1053}},{"type":"Feature","geometry":{"type":"Point","coordinates":[-75.124096,40.029049]},"properties":{"ward":42,"division":16,"precinct":"4216","placename":"OLNEY HIGH SCHOOL","street_address":"100 W DUNCANNON AVE","zip_code":"19120","accessibility_code":"A","parking_code":"L","gdb_geomattr_data":null,"objectid":1054}},{"type":"Feature","geometry":{"type":"Point","coordinates":[-75.130052,40.029295]},"properties":{"ward":42,"division":17,"precinct":"4217","placename":"MORRISON SCHOOL","street_address":"5111 N 4TH ST","zip_code":"19120","accessibility_code":"M","parking_code":"L","gdb_geomattr_data":null,"objectid":1055}},{"type":"Feature","geometry":{"type":"Point","coordinates":[-75.117124,40.03084]},"properties":{"ward":42,"division":18,"precinct":"4218","placename":"TRIUMPHANT FAITH INTERNATIONAL HIGH SCHOOL","street_address":"413 E TABOR RD","zip_code":"19120","accessibility_code":"F","parking_code":"L","gdb_geomattr_data":null,"objectid":1056}},{"type":"Feature","geometry":{"type":"Point","coordinates":[-75.118087,40.034138]},"properties":{"ward":42,"division":19,"precinct":"4219","placename":"ZIEHLER RECREATION CENTER","street_address":"200-64 E OLNEY AVE","zip_code":"19120","accessibility_code":"M","parking_code":"L","gdb_geomattr_data":null,"objectid":1057}},{"type":"Feature","geometry":{"type":"Point","coordinates":[-75.130053,40.029295]},"properties":{"ward":42,"division":20,"precinct":"4220","placename":"MORRISON SCHOOL","street_address":"5111 N 4TH ST","zip_code":"19120","accessibility_code":"M","parking_code":"L","gdb_geomattr_data":null,"objectid":1058}},{"type":"Feature","geometry":{"type":"Point","coordinates":[-75.13005,40.029293]},"properties":{"ward":42,"division":21,"precinct":"4221","placename":"MORRISON SCHOOL","street_address":"5111 N 4TH ST","zip_code":"19120","accessibility_code":"M","parking_code":"L","gdb_geomattr_data":null,"objectid":1059}},{"type":"Feature","geometry":{"type":"Point","coordinates":[-75.121115,40.020696]},"properties":{"ward":42,"division":22,"precinct":"4222","placename":"FELTONVILLE INTERMEDIATE SCHOOL","street_address":"238 E WYOMING AVE","zip_code":"19120","accessibility_code":"A","parking_code":"L","gdb_geomattr_data":null,"objectid":1060}},{"type":"Feature","geometry":{"type":"Point","coordinates":[-75.111662,40.012721]},"properties":{"ward":42,"division":23,"precinct":"4223","placename":"JUNIATA PARK ACADEMY","street_address":"801 E HUNTING PARK AVE","zip_code":"19124","accessibility_code":"M","parking_code":"N","gdb_geomattr_data":null,"objectid":1061}},{"type":"Feature","geometry":{"type":"Point","coordinates":[-75.128449,40.03241]},"properties":{"ward":42,"division":24,"precinct":"4224","placename":"HEART OF WORSHIP RESTORATION CENTER","street_address":"5317 N 3RD ST","zip_code":"19120","accessibility_code":"A","parking_code":"L","gdb_geomattr_data":null,"objectid":1062}},{"type":"Feature","geometry":{"type":"Point","coordinates":[-75.130742,40.035334]},"properties":{"ward":42,"division":25,"precinct":"4225","placename":"GREATER OLNEY BRANCH LIBRARY","street_address":"5501 N 5TH ST","zip_code":"19120","accessibility_code":"M","parking_code":"N","gdb_geomattr_data":null,"objectid":1063}},{"type":"Feature","geometry":{"type":"Point","coordinates":[-75.147541,40.01836]},"properties":{"ward":43,"division":1,"precinct":"4301","placename":"EL SHADDAI CHURCH","street_address":"4244 OLD YORK RD","zip_code":"19140","accessibility_code":"M","parking_code":"N","gdb_geomattr_data":null,"objectid":1064}},{"type":"Feature","geometry":{"type":"Point","coordinates":[-75.136611,40.019261]},"properties":{"ward":43,"division":2,"precinct":"4302","placename":"ESPERANZA HEALTH CENTER","street_address":"4417 N 6TH ST","zip_code":"19140","accessibility_code":"M","parking_code":"L","gdb_geomattr_data":null,"objectid":1065}},{"type":"Feature","geometry":{"type":"Point","coordinates":[-75.13661,40.019263]},"properties":{"ward":43,"division":3,"precinct":"4303","placename":"ESPERANZA HEALTH CENTER","street_address":"4417 N 6TH ST","zip_code":"19140","accessibility_code":"M","parking_code":"L","gdb_geomattr_data":null,"objectid":1066}},{"type":"Feature","geometry":{"type":"Point","coordinates":[-75.143911,40.017737]},"properties":{"ward":43,"division":4,"precinct":"4304","placename":"HUNTING PARK RECREATION CENTER","street_address":"1101 W HUNTING PARK AVE","zip_code":"19140","accessibility_code":"M","parking_code":"N","gdb_geomattr_data":null,"objectid":1067}},{"type":"Feature","geometry":{"type":"Point","coordinates":[-75.143911,40.017739]},"properties":{"ward":43,"division":5,"precinct":"4305","placename":"HUNTING PARK RECREATION CENTER","street_address":"1101 W HUNTING PARK AVE","zip_code":"19140","accessibility_code":"M","parking_code":"N","gdb_geomattr_data":null,"objectid":1068}},{"type":"Feature","geometry":{"type":"Point","coordinates":[-75.136612,40.019265]},"properties":{"ward":43,"division":6,"precinct":"4306","placename":"ESPERANZA HEALTH CENTER","street_address":"4417 N 6TH ST","zip_code":"19140","accessibility_code":"M","parking_code":"L","gdb_geomattr_data":null,"objectid":1069}},{"type":"Feature","geometry":{"type":"Point","coordinates":[-75.136604,40.019298]},"properties":{"ward":43,"division":7,"precinct":"4307","placename":"ESPERANZA HEALTH CENTER","street_address":"4417 N 6TH ST","zip_code":"19140","accessibility_code":"M","parking_code":"L","gdb_geomattr_data":null,"objectid":1070}},{"type":"Feature","geometry":{"type":"Point","coordinates":[-75.144404,40.011998]},"properties":{"ward":43,"division":8,"precinct":"4308","placename":"LENFEST CENTER","street_address":"3890 N 10TH ST","zip_code":"19140","accessibility_code":"F","parking_code":"N","gdb_geomattr_data":null,"objectid":1071}},{"type":"Feature","geometry":{"type":"Point","coordinates":[-75.148028,40.003896]},"properties":{"ward":43,"division":9,"precinct":"4309","placename":"BETHUNE SCHOOL","street_address":"3301 OLD YORK RD","zip_code":"19140","accessibility_code":"M","parking_code":"L","gdb_geomattr_data":null,"objectid":1072}},{"type":"Feature","geometry":{"type":"Point","coordinates":[-75.148028,40.003896]},"properties":{"ward":43,"division":10,"precinct":"4310","placename":"BETHUNE SCHOOL","street_address":"3301 OLD YORK RD","zip_code":"19140","accessibility_code":"M","parking_code":"L","gdb_geomattr_data":null,"objectid":1073}},{"type":"Feature","geometry":{"type":"Point","coordinates":[-75.138318,40.007311]},"properties":{"ward":43,"division":11,"precinct":"4311","placename":"TAYLOR SCHOOL","street_address":"3698 N RANDOLPH ST","zip_code":"19140","accessibility_code":"A","parking_code":"L","gdb_geomattr_data":null,"objectid":1074}},{"type":"Feature","geometry":{"type":"Point","coordinates":[-75.138502,40.00715]},"properties":{"ward":43,"division":12,"precinct":"4312","placename":"TAYLOR SCHOOL","street_address":"3698 N RANDOLPH ST","zip_code":"19140","accessibility_code":"A","parking_code":"L","gdb_geomattr_data":null,"objectid":1075}},{"type":"Feature","geometry":{"type":"Point","coordinates":[-75.148028,40.003896]},"properties":{"ward":43,"division":13,"precinct":"4313","placename":"BETHUNE SCHOOL","street_address":"3301 OLD YORK RD","zip_code":"19140","accessibility_code":"M","parking_code":"L","gdb_geomattr_data":null,"objectid":1076}},{"type":"Feature","geometry":{"type":"Point","coordinates":[-75.148028,40.003896]},"properties":{"ward":43,"division":14,"precinct":"4314","placename":"BETHUNE SCHOOL","street_address":"3301 OLD YORK RD","zip_code":"19140","accessibility_code":"M","parking_code":"L","gdb_geomattr_data":null,"objectid":1077}},{"type":"Feature","geometry":{"type":"Point","coordinates":[-75.148028,40.003896]},"properties":{"ward":43,"division":15,"precinct":"4315","placename":"BETHUNE SCHOOL","street_address":"3301 OLD YORK RD","zip_code":"19140","accessibility_code":"M","parking_code":"L","gdb_geomattr_data":null,"objectid":1078}},{"type":"Feature","geometry":{"type":"Point","coordinates":[-75.148028,40.003896]},"properties":{"ward":43,"division":16,"precinct":"4316","placename":"BETHUNE SCHOOL","street_address":"3301 OLD YORK RD","zip_code":"19140","accessibility_code":"M","parking_code":"L","gdb_geomattr_data":null,"objectid":1079}},{"type":"Feature","geometry":{"type":"Point","coordinates":[-75.138318,40.007313]},"properties":{"ward":43,"division":17,"precinct":"4317","placename":"TAYLOR SCHOOL","street_address":"3698 N RANDOLPH ST","zip_code":"19140","accessibility_code":"A","parking_code":"L","gdb_geomattr_data":null,"objectid":1080}},{"type":"Feature","geometry":{"type":"Point","coordinates":[-75.138391,40.00713]},"properties":{"ward":43,"division":18,"precinct":"4318","placename":"TAYLOR SCHOOL","street_address":"3698 N RANDOLPH ST","zip_code":"19140","accessibility_code":"A","parking_code":"L","gdb_geomattr_data":null,"objectid":1081}},{"type":"Feature","geometry":{"type":"Point","coordinates":[-75.144388,40.011988]},"properties":{"ward":43,"division":19,"precinct":"4319","placename":"LENFEST CENTER","street_address":"3890 N 10TH ST","zip_code":"19140","accessibility_code":"F","parking_code":"N","gdb_geomattr_data":null,"objectid":1082}},{"type":"Feature","geometry":{"type":"Point","coordinates":[-75.13832,40.007313]},"properties":{"ward":43,"division":20,"precinct":"4320","placename":"TAYLOR SCHOOL","street_address":"3698 N RANDOLPH ST","zip_code":"19140","accessibility_code":"A","parking_code":"L","gdb_geomattr_data":null,"objectid":1083}},{"type":"Feature","geometry":{"type":"Point","coordinates":[-75.144396,40.011992]},"properties":{"ward":43,"division":21,"precinct":"4321","placename":"LENFEST CENTER","street_address":"3890 N 10TH ST","zip_code":"19140","accessibility_code":"F","parking_code":"N","gdb_geomattr_data":null,"objectid":1084}},{"type":"Feature","geometry":{"type":"Point","coordinates":[-75.144392,40.011998]},"properties":{"ward":43,"division":22,"precinct":"4322","placename":"LENFEST CENTER","street_address":"3890 N 10TH ST","zip_code":"19140","accessibility_code":"F","parking_code":"N","gdb_geomattr_data":null,"objectid":1085}},{"type":"Feature","geometry":{"type":"Point","coordinates":[-75.144385,40.011985]},"properties":{"ward":43,"division":23,"precinct":"4323","placename":"LENFEST CENTER","street_address":"3890 N 10TH ST","zip_code":"19140","accessibility_code":"F","parking_code":"N","gdb_geomattr_data":null,"objectid":1086}},{"type":"Feature","geometry":{"type":"Point","coordinates":[-75.147517,40.014563]},"properties":{"ward":43,"division":24,"precinct":"4324","placename":"REHOBOTH CHURCH","street_address":"4006 OLD YORK RD (REAR)","zip_code":"19140","accessibility_code":"M","parking_code":"N","gdb_geomattr_data":null,"objectid":1087}},{"type":"Feature","geometry":{"type":"Point","coordinates":[-75.144396,40.011984]},"properties":{"ward":43,"division":25,"precinct":"4325","placename":"LENFEST CENTER","street_address":"3890 N 10TH ST","zip_code":"19140","accessibility_code":"F","parking_code":"N","gdb_geomattr_data":null,"objectid":1088}},{"type":"Feature","geometry":{"type":"Point","coordinates":[-75.227276,39.975295]},"properties":{"ward":44,"division":1,"precinct":"4401","placename":"CONESTOGA RECREATION CENTER","street_address":"5200 MEDIA ST","zip_code":"19131","accessibility_code":"M","parking_code":"N","gdb_geomattr_data":null,"objectid":1089}},{"type":"Feature","geometry":{"type":"Point","coordinates":[-75.229217,39.974537]},"properties":{"ward":44,"division":2,"precinct":"4402","placename":"SIMPSON-FLETCHER CONESTOGA HOUSE","street_address":"5353 MASTER ST","zip_code":"19131","accessibility_code":"M","parking_code":"L","gdb_geomattr_data":null,"objectid":1090}},{"type":"Feature","geometry":{"type":"Point","coordinates":[-75.232043,39.962554]},"properties":{"ward":44,"division":3,"precinct":"4403","placename":"SALVATION ARMY- WEST PHILA","street_address":"5522 ARCH ST","zip_code":"19139","accessibility_code":"M","parking_code":"L","gdb_geomattr_data":null,"objectid":1091}},{"type":"Feature","geometry":{"type":"Point","coordinates":[-75.232043,39.962557]},"properties":{"ward":44,"division":4,"precinct":"4404","placename":"SALVATION ARMY- WEST PHILA","street_address":"5522 ARCH ST","zip_code":"19139","accessibility_code":"M","parking_code":"L","gdb_geomattr_data":null,"objectid":1092}},{"type":"Feature","geometry":{"type":"Point","coordinates":[-75.227276,39.975295]},"properties":{"ward":44,"division":5,"precinct":"4405","placename":"CONESTOGA RECREATION CENTER","street_address":"5200 MEDIA ST","zip_code":"19131","accessibility_code":"M","parking_code":"N","gdb_geomattr_data":null,"objectid":1093}},{"type":"Feature","geometry":{"type":"Point","coordinates":[-75.224995,39.961321]},"properties":{"ward":44,"division":6,"precinct":"4406","placename":"LENE'S DAILY CHILD CARE IV","street_address":"28 N 52ND ST","zip_code":"19139","accessibility_code":"F","parking_code":"L","gdb_geomattr_data":null,"objectid":1094}},{"type":"Feature","geometry":{"type":"Point","coordinates":[-75.225911,39.970709]},"properties":{"ward":44,"division":7,"precinct":"4407","placename":"STEPHEN GOLD RESIDENCES","street_address":"616 N 52ND ST","zip_code":"19131","accessibility_code":"F","parking_code":"H","gdb_geomattr_data":null,"objectid":1095}},{"type":"Feature","geometry":{"type":"Point","coordinates":[-75.219834,39.958809]},"properties":{"ward":44,"division":8,"precinct":"4408","placename":"WEST PHILA HIGH SCHOOL","street_address":"4901 CHESTNUT ST","zip_code":"19139","accessibility_code":"F","parking_code":"H","gdb_geomattr_data":null,"objectid":1096}},{"type":"Feature","geometry":{"type":"Point","coordinates":[-75.216115,39.96483]},"properties":{"ward":44,"division":9,"precinct":"4409","placename":"PARKWAY SCHOOL","street_address":"4725 FAIRMOUNT AVE","zip_code":"19139","accessibility_code":"R","parking_code":"N","gdb_geomattr_data":null,"objectid":1097}},{"type":"Feature","geometry":{"type":"Point","coordinates":[-75.220127,39.967663]},"properties":{"ward":44,"division":10,"precinct":"4410","placename":"RHOADS SCHOOL","street_address":"4901 PARRISH ST","zip_code":"19139","accessibility_code":"F","parking_code":"L","gdb_geomattr_data":null,"objectid":1098}},{"type":"Feature","geometry":{"type":"Point","coordinates":[-75.220127,39.967663]},"properties":{"ward":44,"division":11,"precinct":"4411","placename":"RHOADS SCHOOL","street_address":"4901 PARRISH ST","zip_code":"19139","accessibility_code":"F","parking_code":"L","gdb_geomattr_data":null,"objectid":1099}},{"type":"Feature","geometry":{"type":"Point","coordinates":[-75.220127,39.967663]},"properties":{"ward":44,"division":12,"precinct":"4412","placename":"RHOADS SCHOOL","street_address":"4901 PARRISH ST","zip_code":"19139","accessibility_code":"F","parking_code":"L","gdb_geomattr_data":null,"objectid":1100}},{"type":"Feature","geometry":{"type":"Point","coordinates":[-75.220534,39.964727]},"properties":{"ward":44,"division":13,"precinct":"4413","placename":"KATIE JACKSON HOMES (PHA)","street_address":"400 N 50TH ST","zip_code":"19139","accessibility_code":"F","parking_code":"L","gdb_geomattr_data":null,"objectid":1101}},{"type":"Feature","geometry":{"type":"Point","coordinates":[-75.220534,39.964729]},"properties":{"ward":44,"division":14,"precinct":"4414","placename":"KATIE JACKSON HOMES (PHA)","street_address":"400 N 50TH ST","zip_code":"19139","accessibility_code":"F","parking_code":"L","gdb_geomattr_data":null,"objectid":1102}},{"type":"Feature","geometry":{"type":"Point","coordinates":[-75.224995,39.961321]},"properties":{"ward":44,"division":15,"precinct":"4415","placename":"LENE'S DAILY CHILD CARE IV","street_address":"28 N 52ND ST","zip_code":"19139","accessibility_code":"F","parking_code":"L","gdb_geomattr_data":null,"objectid":1103}},{"type":"Feature","geometry":{"type":"Point","coordinates":[-75.225102,39.965575]},"properties":{"ward":44,"division":16,"precinct":"4416","placename":"SPECTRUM COMMUNITY HEALTH CENTER","street_address":"5201 HAVERFORD AVE","zip_code":"19139","accessibility_code":"F","parking_code":"H","gdb_geomattr_data":null,"objectid":1104}},{"type":"Feature","geometry":{"type":"Point","coordinates":[-75.22338,39.967874]},"properties":{"ward":44,"division":17,"precinct":"4417","placename":"WEST MILL CREEK RECREATION CENTER","street_address":"5100 PARRISH ST","zip_code":"19139","accessibility_code":"F","parking_code":"N","gdb_geomattr_data":null,"objectid":1105}},{"type":"Feature","geometry":{"type":"Point","coordinates":[-75.225911,39.970709]},"properties":{"ward":44,"division":18,"precinct":"4418","placename":"STEPHEN GOLD RESIDENCES","street_address":"616 N 52ND ST","zip_code":"19131","accessibility_code":"F","parking_code":"H","gdb_geomattr_data":null,"objectid":1106}},{"type":"Feature","geometry":{"type":"Point","coordinates":[-75.229217,39.974536]},"properties":{"ward":44,"division":19,"precinct":"4419","placename":"SIMPSON-FLETCHER CONESTOGA HOUSE","street_address":"5353 MASTER ST","zip_code":"19131","accessibility_code":"M","parking_code":"L","gdb_geomattr_data":null,"objectid":1107}},{"type":"Feature","geometry":{"type":"Point","coordinates":[-75.067897,39.999847]},"properties":{"ward":45,"division":1,"precinct":"4501","placename":"BRIDESBURG RECREATION CENTER","street_address":"4601 RICHMOND ST","zip_code":"19137","accessibility_code":"M","parking_code":"L","gdb_geomattr_data":null,"objectid":1108}},{"type":"Feature","geometry":{"type":"Point","coordinates":[-75.073692,40.009533]},"properties":{"ward":45,"division":2,"precinct":"4502","placename":"THE BAPTIST WORSHIP CENTER","street_address":"4790 JAMES ST","zip_code":"19137","accessibility_code":"M","parking_code":"H","gdb_geomattr_data":null,"objectid":1109}},{"type":"Feature","geometry":{"type":"Point","coordinates":[-75.067897,39.999847]},"properties":{"ward":45,"division":3,"precinct":"4503","placename":"BRIDESBURG RECREATION CENTER","street_address":"4601 RICHMOND ST","zip_code":"19137","accessibility_code":"M","parking_code":"L","gdb_geomattr_data":null,"objectid":1110}},{"type":"Feature","geometry":{"type":"Point","coordinates":[-75.074975,40.00049]},"properties":{"ward":45,"division":4,"precinct":"4504","placename":"POPE JOHN PAUL II SCHOOL","street_address":"4435 ALMOND ST","zip_code":"19137","accessibility_code":"M","parking_code":"N","gdb_geomattr_data":null,"objectid":1111}},{"type":"Feature","geometry":{"type":"Point","coordinates":[-75.097211,39.991421]},"properties":{"ward":45,"division":5,"precinct":"4505","placename":"SAMUEL RECREATION CENTER","street_address":"3539 GAUL ST","zip_code":"19134","accessibility_code":"M","parking_code":"N","gdb_geomattr_data":null,"objectid":1112}},{"type":"Feature","geometry":{"type":"Point","coordinates":[-75.097205,39.991416]},"properties":{"ward":45,"division":6,"precinct":"4506","placename":"SAMUEL RECREATION CENTER","street_address":"3539 GAUL ST","zip_code":"19134","accessibility_code":"M","parking_code":"N","gdb_geomattr_data":null,"objectid":1113}},{"type":"Feature","geometry":{"type":"Point","coordinates":[-75.101238,39.986734]},"properties":{"ward":45,"division":7,"precinct":"4507","placename":"GLAVIN RECREATION CENTER","street_address":"2600 E WESTMORELAND ST","zip_code":"19134","accessibility_code":"F","parking_code":"N","gdb_geomattr_data":null,"objectid":1114}},{"type":"Feature","geometry":{"type":"Point","coordinates":[-75.105582,39.996569]},"properties":{"ward":45,"division":8,"precinct":"4508","placename":"WEBSTER LITTLE SCHOOLHOUSE","street_address":"3400 FRANKFORD AVE","zip_code":"19134","accessibility_code":"F","parking_code":"L","gdb_geomattr_data":null,"objectid":1115}},{"type":"Feature","geometry":{"type":"Point","coordinates":[-75.105616,39.996542]},"properties":{"ward":45,"division":9,"precinct":"4509","placename":"WEBSTER LITTLE SCHOOLHOUSE","street_address":"3400 FRANKFORD AVE","zip_code":"19134","accessibility_code":"F","parking_code":"L","gdb_geomattr_data":null,"objectid":1116}},{"type":"Feature","geometry":{"type":"Point","coordinates":[-75.105582,39.996569]},"properties":{"ward":45,"division":10,"precinct":"4510","placename":"WEBSTER LITTLE SCHOOLHOUSE","street_address":"3400 FRANKFORD AVE","zip_code":"19134","accessibility_code":"F","parking_code":"L","gdb_geomattr_data":null,"objectid":1117}},{"type":"Feature","geometry":{"type":"Point","coordinates":[-75.105668,39.996529]},"properties":{"ward":45,"division":11,"precinct":"4511","placename":"WEBSTER LITTLE SCHOOLHOUSE","street_address":"3400 FRANKFORD AVE","zip_code":"19134","accessibility_code":"F","parking_code":"L","gdb_geomattr_data":null,"objectid":1118}},{"type":"Feature","geometry":{"type":"Point","coordinates":[-75.073699,40.009528]},"properties":{"ward":45,"division":12,"precinct":"4512","placename":"THE BAPTIST WORSHIP CENTER","street_address":"4790 JAMES ST","zip_code":"19137","accessibility_code":"M","parking_code":"H","gdb_geomattr_data":null,"objectid":1119}},{"type":"Feature","geometry":{"type":"Point","coordinates":[-75.098398,39.998005]},"properties":{"ward":45,"division":13,"precinct":"4513","placename":"HEITZMAN RECREATION CENTER","street_address":"2136 CASTOR AVE","zip_code":"19134","accessibility_code":"F","parking_code":"N","gdb_geomattr_data":null,"objectid":1120}},{"type":"Feature","geometry":{"type":"Point","coordinates":[-75.105634,39.996595]},"properties":{"ward":45,"division":14,"precinct":"4514","placename":"WEBSTER LITTLE SCHOOLHOUSE","street_address":"3400 FRANKFORD AVE","zip_code":"19134","accessibility_code":"F","parking_code":"L","gdb_geomattr_data":null,"objectid":1121}},{"type":"Feature","geometry":{"type":"Point","coordinates":[-75.10124,39.986731]},"properties":{"ward":45,"division":15,"precinct":"4515","placename":"GLAVIN RECREATION CENTER","street_address":"2600 E WESTMORELAND ST","zip_code":"19134","accessibility_code":"F","parking_code":"N","gdb_geomattr_data":null,"objectid":1122}},{"type":"Feature","geometry":{"type":"Point","coordinates":[-75.105582,39.996556]},"properties":{"ward":45,"division":16,"precinct":"4516","placename":"WEBSTER LITTLE SCHOOLHOUSE","street_address":"3400 FRANKFORD AVE","zip_code":"19134","accessibility_code":"F","parking_code":"L","gdb_geomattr_data":null,"objectid":1123}},{"type":"Feature","geometry":{"type":"Point","coordinates":[-75.098409,39.997988]},"properties":{"ward":45,"division":17,"precinct":"4517","placename":"HEITZMAN RECREATION CENTER","street_address":"2136 CASTOR AVE","zip_code":"19134","accessibility_code":"F","parking_code":"N","gdb_geomattr_data":null,"objectid":1124}},{"type":"Feature","geometry":{"type":"Point","coordinates":[-75.098377,39.997988]},"properties":{"ward":45,"division":18,"precinct":"4518","placename":"HEITZMAN RECREATION CENTER","street_address":"2136 CASTOR AVE","zip_code":"19134","accessibility_code":"F","parking_code":"N","gdb_geomattr_data":null,"objectid":1125}},{"type":"Feature","geometry":{"type":"Point","coordinates":[-75.09842,39.997972]},"properties":{"ward":45,"division":19,"precinct":"4519","placename":"HEITZMAN RECREATION CENTER","street_address":"2136 CASTOR AVE","zip_code":"19134","accessibility_code":"F","parking_code":"N","gdb_geomattr_data":null,"objectid":1126}},{"type":"Feature","geometry":{"type":"Point","coordinates":[-75.074999,40.000481]},"properties":{"ward":45,"division":20,"precinct":"4520","placename":"POPE JOHN PAUL II SCHOOL","street_address":"4435 ALMOND ST","zip_code":"19137","accessibility_code":"M","parking_code":"N","gdb_geomattr_data":null,"objectid":1127}},{"type":"Feature","geometry":{"type":"Point","coordinates":[-75.09842,39.998005]},"properties":{"ward":45,"division":21,"precinct":"4521","placename":"HEITZMAN RECREATION CENTER","street_address":"2136 CASTOR AVE","zip_code":"19134","accessibility_code":"F","parking_code":"N","gdb_geomattr_data":null,"objectid":1128}},{"type":"Feature","geometry":{"type":"Point","coordinates":[-75.10124,39.986729]},"properties":{"ward":45,"division":22,"precinct":"4522","placename":"GLAVIN RECREATION CENTER","street_address":"2600 E WESTMORELAND ST","zip_code":"19134","accessibility_code":"F","parking_code":"N","gdb_geomattr_data":null,"objectid":1129}},{"type":"Feature","geometry":{"type":"Point","coordinates":[-75.072591,39.99698]},"properties":{"ward":45,"division":23,"precinct":"4523","placename":"POINT NO POINT CLUB","street_address":"2843 ORTHODOX ST","zip_code":"19137","accessibility_code":"B","parking_code":"N","gdb_geomattr_data":null,"objectid":1130}},{"type":"Feature","geometry":{"type":"Point","coordinates":[-75.097203,39.991411]},"properties":{"ward":45,"division":24,"precinct":"4524","placename":"SAMUEL RECREATION CENTER","street_address":"3539 GAUL ST","zip_code":"19134","accessibility_code":"M","parking_code":"N","gdb_geomattr_data":null,"objectid":1131}},{"type":"Feature","geometry":{"type":"Point","coordinates":[-75.072591,39.99698]},"properties":{"ward":45,"division":25,"precinct":"4525","placename":"POINT NO POINT CLUB","street_address":"2843 ORTHODOX ST","zip_code":"19137","accessibility_code":"B","parking_code":"N","gdb_geomattr_data":null,"objectid":1132}},{"type":"Feature","geometry":{"type":"Point","coordinates":[-75.218635,39.94857]},"properties":{"ward":46,"division":1,"precinct":"4601","placename":"CALVARY UNITED METHODIST CHURCH","street_address":"801 S 48TH ST","zip_code":"19143","accessibility_code":"A","parking_code":"N","gdb_geomattr_data":null,"objectid":1133}},{"type":"Feature","geometry":{"type":"Point","coordinates":[-75.216902,39.952974]},"properties":{"ward":46,"division":2,"precinct":"4602","placename":"GARDEN COURT PLAZA","street_address":"4701 PINE ST","zip_code":"19143","accessibility_code":"F","parking_code":"L","gdb_geomattr_data":null,"objectid":1134}},{"type":"Feature","geometry":{"type":"Point","coordinates":[-75.226441,39.952007]},"properties":{"ward":46,"division":3,"precinct":"4603","placename":"DIVINE CREATIONS UNISEX SALON","street_address":"509 S 52ND ST","zip_code":"19143","accessibility_code":"M","parking_code":"N","gdb_geomattr_data":null,"objectid":1135}},{"type":"Feature","geometry":{"type":"Point","coordinates":[-75.229655,39.95237]},"properties":{"ward":46,"division":4,"precinct":"4604","placename":"PHMC HEALTH CENTER ON CEDAR","street_address":"501 S 54TH ST","zip_code":"19143","accessibility_code":"F","parking_code":"L","gdb_geomattr_data":null,"objectid":1136}},{"type":"Feature","geometry":{"type":"Point","coordinates":[-75.22965,39.952374]},"properties":{"ward":46,"division":5,"precinct":"4605","placename":"PHMC HEALTH CENTER ON CEDAR","street_address":"501 S 54TH ST","zip_code":"19143","accessibility_code":"F","parking_code":"L","gdb_geomattr_data":null,"objectid":1137}},{"type":"Feature","geometry":{"type":"Point","coordinates":[-75.229655,39.952374]},"properties":{"ward":46,"division":6,"precinct":"4606","placename":"PHMC HEALTH CENTER ON CEDAR","street_address":"501 S 54TH ST","zip_code":"19143","accessibility_code":"F","parking_code":"L","gdb_geomattr_data":null,"objectid":1138}},{"type":"Feature","geometry":{"type":"Point","coordinates":[-75.216723,39.954472]},"properties":{"ward":46,"division":7,"precinct":"4607","placename":"LEA SCHOOL","street_address":"4700 LOCUST ST","zip_code":"19139","accessibility_code":"M","parking_code":"N","gdb_geomattr_data":null,"objectid":1139}},{"type":"Feature","geometry":{"type":"Point","coordinates":[-75.221879,39.947827]},"properties":{"ward":46,"division":8,"precinct":"4608","placename":"THE CEDAR WORKS COMMUNITY CENTER","street_address":"4919 PENTRIDGE ST","zip_code":"19143","accessibility_code":"M","parking_code":"L","gdb_geomattr_data":null,"objectid":1140}},{"type":"Feature","geometry":{"type":"Point","coordinates":[-75.22089,39.948448]},"properties":{"ward":46,"division":9,"precinct":"4609","placename":"HAIR SALON [VYCE]","street_address":"4828 BALTIMORE AVE","zip_code":"19143","accessibility_code":"F","parking_code":"N","gdb_geomattr_data":null,"objectid":1141}},{"type":"Feature","geometry":{"type":"Point","coordinates":[-75.224821,39.948255]},"properties":{"ward":46,"division":10,"precinct":"4610","placename":"THE PEOPLES BAPTIST CHURCH","street_address":"5039 BALTIMORE AVE","zip_code":"19143","accessibility_code":"R","parking_code":"N","gdb_geomattr_data":null,"objectid":1142}},{"type":"Feature","geometry":{"type":"Point","coordinates":[-75.229655,39.952374]},"properties":{"ward":46,"division":11,"precinct":"4611","placename":"PHMC HEALTH CENTER ON CEDAR","street_address":"501 S 54TH ST","zip_code":"19143","accessibility_code":"F","parking_code":"L","gdb_geomattr_data":null,"objectid":1143}},{"type":"Feature","geometry":{"type":"Point","coordinates":[-75.234969,39.94904]},"properties":{"ward":46,"division":12,"precinct":"4612","placename":"CHRISTY RECREATION CENTER","street_address":"728 S 55TH ST","zip_code":"19143","accessibility_code":"F","parking_code":"L","gdb_geomattr_data":null,"objectid":1144}},{"type":"Feature","geometry":{"type":"Point","coordinates":[-75.234964,39.949039]},"properties":{"ward":46,"division":13,"precinct":"4613","placename":"CHRISTY RECREATION CENTER","street_address":"728 S 55TH ST","zip_code":"19143","accessibility_code":"F","parking_code":"L","gdb_geomattr_data":null,"objectid":1145}},{"type":"Feature","geometry":{"type":"Point","coordinates":[-75.234969,39.949029]},"properties":{"ward":46,"division":14,"precinct":"4614","placename":"CHRISTY RECREATION CENTER","street_address":"728 S 55TH ST","zip_code":"19143","accessibility_code":"F","parking_code":"L","gdb_geomattr_data":null,"objectid":1146}},{"type":"Feature","geometry":{"type":"Point","coordinates":[-75.23495,39.949024]},"properties":{"ward":46,"division":15,"precinct":"4615","placename":"CHRISTY RECREATION CENTER","street_address":"728 S 55TH ST","zip_code":"19143","accessibility_code":"F","parking_code":"L","gdb_geomattr_data":null,"objectid":1147}},{"type":"Feature","geometry":{"type":"Point","coordinates":[-75.212717,39.947618]},"properties":{"ward":46,"division":16,"precinct":"4616","placename":"ELMWOOD COMMUNITY METHODIST CHURCH","street_address":"4523 CHESTER AVE","zip_code":"19143","accessibility_code":"A","parking_code":"L","gdb_geomattr_data":null,"objectid":1148}},{"type":"Feature","geometry":{"type":"Point","coordinates":[-75.219766,39.948532]},"properties":{"ward":46,"division":17,"precinct":"4617","placename":"THE GOLD STANDARD RESTAURANT","street_address":"4800 BALTIMORE AVE","zip_code":"19143","accessibility_code":"M","parking_code":"N","gdb_geomattr_data":null,"objectid":1149}},{"type":"Feature","geometry":{"type":"Point","coordinates":[-75.212717,39.947619]},"properties":{"ward":46,"division":18,"precinct":"4618","placename":"ELMWOOD COMMUNITY METHODIST CHURCH","street_address":"4523 CHESTER AVE","zip_code":"19143","accessibility_code":"A","parking_code":"L","gdb_geomattr_data":null,"objectid":1150}},{"type":"Feature","geometry":{"type":"Point","coordinates":[-75.216902,39.952974]},"properties":{"ward":46,"division":19,"precinct":"4619","placename":"GARDEN COURT PLAZA","street_address":"4701 PINE ST","zip_code":"19143","accessibility_code":"F","parking_code":"L","gdb_geomattr_data":null,"objectid":1151}},{"type":"Feature","geometry":{"type":"Point","coordinates":[-75.234984,39.949033]},"properties":{"ward":46,"division":20,"precinct":"4620","placename":"CHRISTY RECREATION CENTER","street_address":"728 S 55TH ST","zip_code":"19143","accessibility_code":"F","parking_code":"L","gdb_geomattr_data":null,"objectid":1152}},{"type":"Feature","geometry":{"type":"Point","coordinates":[-75.234874,39.949083]},"properties":{"ward":46,"division":21,"precinct":"4621","placename":"CHRISTY RECREATION CENTER","street_address":"728 S 55TH ST","zip_code":"19143","accessibility_code":"F","parking_code":"L","gdb_geomattr_data":null,"objectid":1153}},{"type":"Feature","geometry":{"type":"Point","coordinates":[-75.216723,39.95447]},"properties":{"ward":46,"division":22,"precinct":"4622","placename":"LEA SCHOOL","street_address":"4700 LOCUST ST","zip_code":"19139","accessibility_code":"M","parking_code":"N","gdb_geomattr_data":null,"objectid":1154}},{"type":"Feature","geometry":{"type":"Point","coordinates":[-75.208284,39.953273]},"properties":{"ward":46,"division":23,"precinct":"4623","placename":"PENN ALEXANDER SCHOOL","street_address":"4209 SPRUCE ST","zip_code":"19104","accessibility_code":"F","parking_code":"L","gdb_geomattr_data":null,"objectid":1155}},{"type":"Feature","geometry":{"type":"Point","coordinates":[-75.163102,39.975212]},"properties":{"ward":47,"division":1,"precinct":"4701","placename":"NATIONAL TEMPLE BAPTIST CHURCH","street_address":"1628 MASTER ST","zip_code":"19121","accessibility_code":"M","parking_code":"L","gdb_geomattr_data":null,"objectid":1156}},{"type":"Feature","geometry":{"type":"Point","coordinates":[-75.161533,39.972604]},"properties":{"ward":47,"division":2,"precinct":"4702","placename":"CHURCH OF FAITH & DELIVERANCE","street_address":"1510 W STILES ST","zip_code":"19121","accessibility_code":"M","parking_code":"N","gdb_geomattr_data":null,"objectid":1157}},{"type":"Feature","geometry":{"type":"Point","coordinates":[-75.162098,39.975501]},"properties":{"ward":47,"division":3,"precinct":"4703","placename":"BECKETT GARDENS COMMUNITY CENTER","street_address":"1410 N 16TH ST","zip_code":"19121","accessibility_code":"F","parking_code":"H","gdb_geomattr_data":null,"objectid":1158}},{"type":"Feature","geometry":{"type":"Point","coordinates":[-75.163073,39.975075]},"properties":{"ward":47,"division":4,"precinct":"4704","placename":"NATIONAL TEMPLE BAPTIST CHURCH","street_address":"1628 MASTER ST","zip_code":"19121","accessibility_code":"M","parking_code":"L","gdb_geomattr_data":null,"objectid":1159}},{"type":"Feature","geometry":{"type":"Point","coordinates":[-75.162099,39.975496]},"properties":{"ward":47,"division":5,"precinct":"4705","placename":"BECKETT GARDENS COMMUNITY CENTER","street_address":"1410 N 16TH ST","zip_code":"19121","accessibility_code":"F","parking_code":"H","gdb_geomattr_data":null,"objectid":1160}},{"type":"Feature","geometry":{"type":"Point","coordinates":[-75.161221,39.977885]},"properties":{"ward":47,"division":6,"precinct":"4706","placename":"NORTH PHILA 7TH DAY ADVENTIST CHURCH","street_address":"1510 W OXFORD ST","zip_code":"19121","accessibility_code":"F","parking_code":"N","gdb_geomattr_data":null,"objectid":1161}},{"type":"Feature","geometry":{"type":"Point","coordinates":[-75.164891,39.978929]},"properties":{"ward":47,"division":7,"precinct":"4707","placename":"MEADE SCHOOL","street_address":"1600 N 18TH ST","zip_code":"19121","accessibility_code":"M","parking_code":"N","gdb_geomattr_data":null,"objectid":1162}},{"type":"Feature","geometry":{"type":"Point","coordinates":[-75.164884,39.978923]},"properties":{"ward":47,"division":8,"precinct":"4708","placename":"MEADE SCHOOL","street_address":"1600 N 18TH ST","zip_code":"19121","accessibility_code":"M","parking_code":"N","gdb_geomattr_data":null,"objectid":1163}},{"type":"Feature","geometry":{"type":"Point","coordinates":[-75.170699,39.980698]},"properties":{"ward":47,"division":9,"precinct":"4709","placename":"M L KING RECREATION CENTER","street_address":"2101 CECIL B MOORE AVE","zip_code":"19121","accessibility_code":"M","parking_code":"N","gdb_geomattr_data":null,"objectid":1164}},{"type":"Feature","geometry":{"type":"Point","coordinates":[-75.168238,39.975793]},"properties":{"ward":47,"division":10,"precinct":"4710","placename":"MOORE MANOR SENIOR HOME","street_address":"1999 RIDGE AVE","zip_code":"19121","accessibility_code":"F","parking_code":"L","gdb_geomattr_data":null,"objectid":1165}},{"type":"Feature","geometry":{"type":"Point","coordinates":[-75.171831,39.981171]},"properties":{"ward":47,"division":11,"precinct":"4711","placename":"BENTLEY HALL (PHA)","street_address":"1710 N CROSKEY ST","zip_code":"19121","accessibility_code":"M","parking_code":"L","gdb_geomattr_data":null,"objectid":1166}},{"type":"Feature","geometry":{"type":"Point","coordinates":[-75.162076,39.975494]},"properties":{"ward":47,"division":12,"precinct":"4712","placename":"BECKETT GARDENS COMMUNITY CENTER","street_address":"1410 N 16TH ST","zip_code":"19121","accessibility_code":"F","parking_code":"H","gdb_geomattr_data":null,"objectid":1167}},{"type":"Feature","geometry":{"type":"Point","coordinates":[-75.168227,39.975782]},"properties":{"ward":47,"division":13,"precinct":"4713","placename":"MOORE MANOR SENIOR HOME","street_address":"1999 RIDGE AVE","zip_code":"19121","accessibility_code":"F","parking_code":"L","gdb_geomattr_data":null,"objectid":1168}},{"type":"Feature","geometry":{"type":"Point","coordinates":[-75.164884,39.978915]},"properties":{"ward":47,"division":14,"precinct":"4714","placename":"MEADE SCHOOL","street_address":"1600 N 18TH ST","zip_code":"19121","accessibility_code":"M","parking_code":"N","gdb_geomattr_data":null,"objectid":1169}},{"type":"Feature","geometry":{"type":"Point","coordinates":[-75.172819,39.923346]},"properties":{"ward":48,"division":1,"precinct":"4801","placename":"GUERIN RECREATION CENTER-GYM BUILDING","street_address":"2201 S 16TH ST","zip_code":"19145","accessibility_code":"M","parking_code":"N","gdb_geomattr_data":null,"objectid":1170}},{"type":"Feature","geometry":{"type":"Point","coordinates":[-75.17912,39.927871]},"properties":{"ward":48,"division":2,"precinct":"4802","placename":"DIXON HOUSE COMMUNITY CENTER","street_address":"1920 S 20TH ST","zip_code":"19145","accessibility_code":"F","parking_code":"L","gdb_geomattr_data":null,"objectid":1171}},{"type":"Feature","geometry":{"type":"Point","coordinates":[-75.181583,39.929726]},"properties":{"ward":48,"division":3,"precinct":"4803","placename":"McDANIEL SCHOOL","street_address":"1801 S 22ND ST","zip_code":"19145","accessibility_code":"F","parking_code":"N","gdb_geomattr_data":null,"objectid":1172}},{"type":"Feature","geometry":{"type":"Point","coordinates":[-75.184953,39.926316]},"properties":{"ward":48,"division":4,"precinct":"4804","placename":"YESHA BALLROOM","street_address":"2308 SNYDER AVE","zip_code":"19145","accessibility_code":"M","parking_code":"N","gdb_geomattr_data":null,"objectid":1173}},{"type":"Feature","geometry":{"type":"Point","coordinates":[-75.17912,39.927871]},"properties":{"ward":48,"division":5,"precinct":"4805","placename":"DIXON HOUSE COMMUNITY CENTER","street_address":"1920 S 20TH ST","zip_code":"19145","accessibility_code":"F","parking_code":"L","gdb_geomattr_data":null,"objectid":1174}},{"type":"Feature","geometry":{"type":"Point","coordinates":[-75.17912,39.927871]},"properties":{"ward":48,"division":6,"precinct":"4806","placename":"DIXON HOUSE COMMUNITY CENTER","street_address":"1920 S 20TH ST","zip_code":"19145","accessibility_code":"F","parking_code":"L","gdb_geomattr_data":null,"objectid":1175}},{"type":"Feature","geometry":{"type":"Point","coordinates":[-75.188989,39.93163]},"properties":{"ward":48,"division":7,"precinct":"4807","placename":"VARE RECREATION CENTER","street_address":"2600 MORRIS ST","zip_code":"19145","accessibility_code":"F","parking_code":"N","gdb_geomattr_data":null,"objectid":1176}},{"type":"Feature","geometry":{"type":"Point","coordinates":[-75.184965,39.926311]},"properties":{"ward":48,"division":8,"precinct":"4808","placename":"YESHA BALLROOM","street_address":"2308 SNYDER AVE","zip_code":"19145","accessibility_code":"M","parking_code":"N","gdb_geomattr_data":null,"objectid":1177}},{"type":"Feature","geometry":{"type":"Point","coordinates":[-75.184948,39.926312]},"properties":{"ward":48,"division":9,"precinct":"4809","placename":"YESHA BALLROOM","street_address":"2308 SNYDER AVE","zip_code":"19145","accessibility_code":"M","parking_code":"N","gdb_geomattr_data":null,"objectid":1178}},{"type":"Feature","geometry":{"type":"Point","coordinates":[-75.19867,39.934247]},"properties":{"ward":48,"division":10,"precinct":"4810","placename":"UNIVERSAL AUDENRIED CHARTER SCHOOL","street_address":"3301 TASKER ST","zip_code":"19145","accessibility_code":"F","parking_code":"L","gdb_geomattr_data":null,"objectid":1179}},{"type":"Feature","geometry":{"type":"Point","coordinates":[-75.19867,39.934247]},"properties":{"ward":48,"division":11,"precinct":"4811","placename":"UNIVERSAL AUDENRIED CHARTER SCHOOL","street_address":"3301 TASKER ST","zip_code":"19145","accessibility_code":"F","parking_code":"L","gdb_geomattr_data":null,"objectid":1180}},{"type":"Feature","geometry":{"type":"Point","coordinates":[-75.184965,39.926311]},"properties":{"ward":48,"division":12,"precinct":"4812","placename":"YESHA BALLROOM","street_address":"2308 SNYDER AVE","zip_code":"19145","accessibility_code":"M","parking_code":"N","gdb_geomattr_data":null,"objectid":1181}},{"type":"Feature","geometry":{"type":"Point","coordinates":[-75.172819,39.923346]},"properties":{"ward":48,"division":13,"precinct":"4813","placename":"GUERIN RECREATION CENTER-GYM BUILDING","street_address":"2201 S 16TH ST","zip_code":"19145","accessibility_code":"M","parking_code":"N","gdb_geomattr_data":null,"objectid":1182}},{"type":"Feature","geometry":{"type":"Point","coordinates":[-75.172819,39.923346]},"properties":{"ward":48,"division":14,"precinct":"4814","placename":"GUERIN RECREATION CENTER-GYM BUILDING","street_address":"2201 S 16TH ST","zip_code":"19145","accessibility_code":"M","parking_code":"N","gdb_geomattr_data":null,"objectid":1183}},{"type":"Feature","geometry":{"type":"Point","coordinates":[-75.184965,39.926311]},"properties":{"ward":48,"division":15,"precinct":"4815","placename":"YESHA BALLROOM","street_address":"2308 SNYDER AVE","zip_code":"19145","accessibility_code":"M","parking_code":"N","gdb_geomattr_data":null,"objectid":1184}},{"type":"Feature","geometry":{"type":"Point","coordinates":[-75.184965,39.926311]},"properties":{"ward":48,"division":16,"precinct":"4816","placename":"YESHA BALLROOM","street_address":"2308 SNYDER AVE","zip_code":"19145","accessibility_code":"M","parking_code":"N","gdb_geomattr_data":null,"objectid":1185}},{"type":"Feature","geometry":{"type":"Point","coordinates":[-75.184965,39.926311]},"properties":{"ward":48,"division":17,"precinct":"4817","placename":"YESHA BALLROOM","street_address":"2308 SNYDER AVE","zip_code":"19145","accessibility_code":"M","parking_code":"N","gdb_geomattr_data":null,"objectid":1186}},{"type":"Feature","geometry":{"type":"Point","coordinates":[-75.169191,39.929474]},"properties":{"ward":48,"division":18,"precinct":"4818","placename":"SOUTH PHILA BRANCH LIBRARY","street_address":"1700 S BROAD ST","zip_code":"19145","accessibility_code":"F","parking_code":"N","gdb_geomattr_data":null,"objectid":1187}},{"type":"Feature","geometry":{"type":"Point","coordinates":[-75.184964,39.926234]},"properties":{"ward":48,"division":19,"precinct":"4819","placename":"YESHA BALLROOM","street_address":"2308 SNYDER AVE","zip_code":"19145","accessibility_code":"M","parking_code":"N","gdb_geomattr_data":null,"objectid":1188}},{"type":"Feature","geometry":{"type":"Point","coordinates":[-75.169191,39.929474]},"properties":{"ward":48,"division":20,"precinct":"4820","placename":"SOUTH PHILA BRANCH LIBRARY","street_address":"1700 S BROAD ST","zip_code":"19145","accessibility_code":"F","parking_code":"N","gdb_geomattr_data":null,"objectid":1189}},{"type":"Feature","geometry":{"type":"Point","coordinates":[-75.188961,39.925669]},"properties":{"ward":48,"division":21,"precinct":"4821","placename":"WILSON PARK HOMES (PHA)","street_address":"2506 JACKSON ST","zip_code":"19145","accessibility_code":"F","parking_code":"L","gdb_geomattr_data":null,"objectid":1190}},{"type":"Feature","geometry":{"type":"Point","coordinates":[-75.188946,39.931671]},"properties":{"ward":48,"division":22,"precinct":"4822","placename":"VARE RECREATION CENTER","street_address":"2600 MORRIS ST","zip_code":"19145","accessibility_code":"F","parking_code":"N","gdb_geomattr_data":null,"objectid":1191}},{"type":"Feature","geometry":{"type":"Point","coordinates":[-75.198671,39.934248]},"properties":{"ward":48,"division":23,"precinct":"4823","placename":"UNIVERSAL AUDENRIED CHARTER SCHOOL","street_address":"3301 TASKER ST","zip_code":"19145","accessibility_code":"F","parking_code":"L","gdb_geomattr_data":null,"objectid":1192}},{"type":"Feature","geometry":{"type":"Point","coordinates":[-75.134877,40.01813]},"properties":{"ward":49,"division":1,"precinct":"4901","placename":"CAYUGA SCHOOL","street_address":"4344 N 5TH ST","zip_code":"19140","accessibility_code":"M","parking_code":"N","gdb_geomattr_data":null,"objectid":1193}},{"type":"Feature","geometry":{"type":"Point","coordinates":[-75.14474,40.034209]},"properties":{"ward":49,"division":2,"precinct":"4902","placename":"YORKHOUSE APARTMENTS","street_address":"5325 OLD YORK RD","zip_code":"19141","accessibility_code":"F","parking_code":"L","gdb_geomattr_data":null,"objectid":1194}},{"type":"Feature","geometry":{"type":"Point","coordinates":[-75.146317,40.050841]},"properties":{"ward":49,"division":3,"precinct":"4903","placename":"MORRIS ESTATE RECREATION CENTER","street_address":"1610 W CHELTEN AVE","zip_code":"19126","accessibility_code":"M","parking_code":"N","gdb_geomattr_data":null,"objectid":1195}},{"type":"Feature","geometry":{"type":"Point","coordinates":[-75.146165,40.026021]},"properties":{"ward":49,"division":4,"precinct":"4904","placename":"COOKE MIDDLE SCHOOL","street_address":"1300 W LOUDON ST","zip_code":"19141","accessibility_code":"M","parking_code":"L","gdb_geomattr_data":null,"objectid":1196}},{"type":"Feature","geometry":{"type":"Point","coordinates":[-75.147792,40.023041]},"properties":{"ward":49,"division":5,"precinct":"4905","placename":"BELOVED ST JOHN CHURCH","street_address":"4541 N BROAD ST","zip_code":"19140","accessibility_code":"M","parking_code":"N","gdb_geomattr_data":null,"objectid":1197}},{"type":"Feature","geometry":{"type":"Point","coordinates":[-75.138637,40.05537]},"properties":{"ward":49,"division":6,"precinct":"4906","placename":"ELLWOOD SCHOOL","street_address":"6701 N 13TH ST","zip_code":"19126","accessibility_code":"M","parking_code":"L","gdb_geomattr_data":null,"objectid":1198}},{"type":"Feature","geometry":{"type":"Point","coordinates":[-75.136486,40.029598]},"properties":{"ward":49,"division":7,"precinct":"4907","placename":"TRUE FAITH MISSIONARY BAPTIST CHURCH","street_address":"725 LINDLEY AVE","zip_code":"19120","accessibility_code":"F","parking_code":"N","gdb_geomattr_data":null,"objectid":1199}},{"type":"Feature","geometry":{"type":"Point","coordinates":[-75.139675,40.059327]},"properties":{"ward":49,"division":8,"precinct":"4908","placename":"PASSi - EVERGREEN CENTER","street_address":"6926 OLD YORK RD","zip_code":"19126","accessibility_code":"F","parking_code":"H","gdb_geomattr_data":null,"objectid":1200}},{"type":"Feature","geometry":{"type":"Point","coordinates":[-75.134477,40.029799]},"properties":{"ward":49,"division":9,"precinct":"4909","placename":"PHILLIPPIAN GARDENS","street_address":"5110 N 6TH ST","zip_code":"19120","accessibility_code":"F","parking_code":"L","gdb_geomattr_data":null,"objectid":1201}},{"type":"Feature","geometry":{"type":"Point","coordinates":[-75.13874,40.029061]},"properties":{"ward":49,"division":10,"precinct":"4910","placename":"LINDLEY ACADEMY CHARTER SCHOOL","street_address":"900 LINDLEY AVE","zip_code":"19141","accessibility_code":"M","parking_code":"L","gdb_geomattr_data":null,"objectid":1202}},{"type":"Feature","geometry":{"type":"Point","coordinates":[-75.146165,40.026021]},"properties":{"ward":49,"division":11,"precinct":"4911","placename":"COOKE MIDDLE SCHOOL","street_address":"1300 W LOUDON ST","zip_code":"19141","accessibility_code":"M","parking_code":"L","gdb_geomattr_data":null,"objectid":1203}},{"type":"Feature","geometry":{"type":"Point","coordinates":[-75.146165,40.026021]},"properties":{"ward":49,"division":12,"precinct":"4912","placename":"COOKE MIDDLE SCHOOL","street_address":"1300 W LOUDON ST","zip_code":"19141","accessibility_code":"M","parking_code":"L","gdb_geomattr_data":null,"objectid":1204}},{"type":"Feature","geometry":{"type":"Point","coordinates":[-75.146165,40.026021]},"properties":{"ward":49,"division":13,"precinct":"4913","placename":"COOKE MIDDLE SCHOOL","street_address":"1300 W LOUDON ST","zip_code":"19141","accessibility_code":"M","parking_code":"L","gdb_geomattr_data":null,"objectid":1205}},{"type":"Feature","geometry":{"type":"Point","coordinates":[-75.13448,40.030501]},"properties":{"ward":49,"division":14,"precinct":"4914","placename":"THURGOOD MARSHALL SCHOOL","street_address":"5120 N 6TH ST","zip_code":"19120","accessibility_code":"F","parking_code":"N","gdb_geomattr_data":null,"objectid":1206}},{"type":"Feature","geometry":{"type":"Point","coordinates":[-75.13874,40.029063]},"properties":{"ward":49,"division":15,"precinct":"4915","placename":"LINDLEY ACADEMY CHARTER SCHOOL","street_address":"900 LINDLEY AVE","zip_code":"19141","accessibility_code":"M","parking_code":"L","gdb_geomattr_data":null,"objectid":1207}},{"type":"Feature","geometry":{"type":"Point","coordinates":[-75.136527,40.029593]},"properties":{"ward":49,"division":16,"precinct":"4916","placename":"TRUE FAITH MISSIONARY BAPTIST CHURCH","street_address":"725 LINDLEY AVE","zip_code":"19120","accessibility_code":"F","parking_code":"N","gdb_geomattr_data":null,"objectid":1208}},{"type":"Feature","geometry":{"type":"Point","coordinates":[-75.144999,40.029301]},"properties":{"ward":49,"division":17,"precinct":"4917","placename":"SECOND MACEDONIA BAPTIST CHURCH","street_address":"1301 W RUSCOMB ST","zip_code":"19141","accessibility_code":"M","parking_code":"L","gdb_geomattr_data":null,"objectid":1209}},{"type":"Feature","geometry":{"type":"Point","coordinates":[-75.135604,40.046367]},"properties":{"ward":49,"division":18,"precinct":"4918","placename":"LEE'S MONUMENTS","street_address":"908 W GODFREY AVE","zip_code":"19141","accessibility_code":"M","parking_code":"N","gdb_geomattr_data":null,"objectid":1210}},{"type":"Feature","geometry":{"type":"Point","coordinates":[-75.138737,40.029061]},"properties":{"ward":49,"division":19,"precinct":"4919","placename":"LINDLEY ACADEMY CHARTER SCHOOL","street_address":"900 LINDLEY AVE","zip_code":"19141","accessibility_code":"M","parking_code":"L","gdb_geomattr_data":null,"objectid":1211}},{"type":"Feature","geometry":{"type":"Point","coordinates":[-75.146317,40.050841]},"properties":{"ward":49,"division":20,"precinct":"4920","placename":"MORRIS ESTATE RECREATION CENTER","street_address":"1610 W CHELTEN AVE","zip_code":"19126","accessibility_code":"M","parking_code":"N","gdb_geomattr_data":null,"objectid":1212}},{"type":"Feature","geometry":{"type":"Point","coordinates":[-75.144735,40.034206]},"properties":{"ward":49,"division":21,"precinct":"4921","placename":"YORKHOUSE APARTMENTS","street_address":"5325 OLD YORK RD","zip_code":"19141","accessibility_code":"F","parking_code":"L","gdb_geomattr_data":null,"objectid":1213}},{"type":"Feature","geometry":{"type":"Point","coordinates":[-75.134478,40.030501]},"properties":{"ward":49,"division":22,"precinct":"4922","placename":"THURGOOD MARSHALL SCHOOL","street_address":"5120 N 6TH ST","zip_code":"19120","accessibility_code":"F","parking_code":"N","gdb_geomattr_data":null,"objectid":1214}},{"type":"Feature","geometry":{"type":"Point","coordinates":[-75.164975,40.076824]},"properties":{"ward":50,"division":1,"precinct":"5001","placename":"ENON TABERNACLE BAPTIST CHURCH (EAST)","street_address":"2800 W CHELTENHAM AVE","zip_code":"19150","accessibility_code":"F","parking_code":"H","gdb_geomattr_data":null,"objectid":1215}},{"type":"Feature","geometry":{"type":"Point","coordinates":[-75.175033,40.071995]},"properties":{"ward":50,"division":2,"precinct":"5002","placename":"HILL FREEDMAN WORLD ACADEMY","street_address":"1100 E MOUNT PLEASANT AVE","zip_code":"19150","accessibility_code":"M","parking_code":"L","gdb_geomattr_data":null,"objectid":1216}},{"type":"Feature","geometry":{"type":"Point","coordinates":[-75.171181,40.073394]},"properties":{"ward":50,"division":3,"precinct":"5003","placename":"F S EDMONDS SCHOOL","street_address":"8025 THOURON AVE","zip_code":"19150","accessibility_code":"M","parking_code":"L","gdb_geomattr_data":null,"objectid":1217}},{"type":"Feature","geometry":{"type":"Point","coordinates":[-75.165198,40.076812]},"properties":{"ward":50,"division":4,"precinct":"5004","placename":"ENON TABERNACLE BAPTIST CHURCH (EAST)","street_address":"2800 W CHELTENHAM AVE","zip_code":"19150","accessibility_code":"F","parking_code":"H","gdb_geomattr_data":null,"objectid":1218}},{"type":"Feature","geometry":{"type":"Point","coordinates":[-75.17503,40.071992]},"properties":{"ward":50,"division":5,"precinct":"5005","placename":"HILL FREEDMAN WORLD ACADEMY","street_address":"1100 E MOUNT PLEASANT AVE","zip_code":"19150","accessibility_code":"M","parking_code":"L","gdb_geomattr_data":null,"objectid":1219}},{"type":"Feature","geometry":{"type":"Point","coordinates":[-75.17046,40.065095]},"properties":{"ward":50,"division":6,"precinct":"5006","placename":"FINLEY RECREATION CENTER","street_address":"7701 MANSFIELD AVE","zip_code":"19150","accessibility_code":"M","parking_code":"L","gdb_geomattr_data":null,"objectid":1220}},{"type":"Feature","geometry":{"type":"Point","coordinates":[-75.175019,40.07199]},"properties":{"ward":50,"division":7,"precinct":"5007","placename":"HILL FREEDMAN WORLD ACADEMY","street_address":"1100 E MOUNT PLEASANT AVE","zip_code":"19150","accessibility_code":"M","parking_code":"L","gdb_geomattr_data":null,"objectid":1221}},{"type":"Feature","geometry":{"type":"Point","coordinates":[-75.17046,40.065095]},"properties":{"ward":50,"division":8,"precinct":"5008","placename":"FINLEY RECREATION CENTER","street_address":"7701 MANSFIELD AVE","zip_code":"19150","accessibility_code":"M","parking_code":"L","gdb_geomattr_data":null,"objectid":1222}},{"type":"Feature","geometry":{"type":"Point","coordinates":[-75.184115,40.07199]},"properties":{"ward":50,"division":9,"precinct":"5009","placename":"PRESBYTERY OF PHILADELPHIA","street_address":"915 E GOWEN AVE","zip_code":"19150","accessibility_code":"F","parking_code":"H","gdb_geomattr_data":null,"objectid":1223}},{"type":"Feature","geometry":{"type":"Point","coordinates":[-75.164813,40.076899]},"properties":{"ward":50,"division":10,"precinct":"5010","placename":"ENON TABERNACLE BAPTIST CHURCH (EAST)","street_address":"2800 W CHELTENHAM AVE","zip_code":"19150","accessibility_code":"F","parking_code":"H","gdb_geomattr_data":null,"objectid":1224}},{"type":"Feature","geometry":{"type":"Point","coordinates":[-75.17046,40.065095]},"properties":{"ward":50,"division":11,"precinct":"5011","placename":"FINLEY RECREATION CENTER","street_address":"7701 MANSFIELD AVE","zip_code":"19150","accessibility_code":"M","parking_code":"L","gdb_geomattr_data":null,"objectid":1225}},{"type":"Feature","geometry":{"type":"Point","coordinates":[-75.171177,40.073397]},"properties":{"ward":50,"division":12,"precinct":"5012","placename":"F S EDMONDS SCHOOL","street_address":"8025 THOURON AVE","zip_code":"19150","accessibility_code":"M","parking_code":"L","gdb_geomattr_data":null,"objectid":1226}},{"type":"Feature","geometry":{"type":"Point","coordinates":[-75.157927,40.071374]},"properties":{"ward":50,"division":13,"precinct":"5013","placename":"REMNANT CHURCH OF GOD","street_address":"7708 OGONTZ AVE","zip_code":"19150","accessibility_code":"M","parking_code":"N","gdb_geomattr_data":null,"objectid":1227}},{"type":"Feature","geometry":{"type":"Point","coordinates":[-75.171176,40.073394]},"properties":{"ward":50,"division":14,"precinct":"5014","placename":"F S EDMONDS SCHOOL","street_address":"8025 THOURON AVE","zip_code":"19150","accessibility_code":"M","parking_code":"L","gdb_geomattr_data":null,"objectid":1228}},{"type":"Feature","geometry":{"type":"Point","coordinates":[-75.171176,40.073389]},"properties":{"ward":50,"division":15,"precinct":"5015","placename":"F S EDMONDS SCHOOL","street_address":"8025 THOURON AVE","zip_code":"19150","accessibility_code":"M","parking_code":"L","gdb_geomattr_data":null,"objectid":1229}},{"type":"Feature","geometry":{"type":"Point","coordinates":[-75.158219,40.067802]},"properties":{"ward":50,"division":16,"precinct":"5016","placename":"MASJIDULLAH MOSQUE","street_address":"7401 LIMEKILN PK","zip_code":"19138","accessibility_code":"F","parking_code":"H","gdb_geomattr_data":null,"objectid":1230}},{"type":"Feature","geometry":{"type":"Point","coordinates":[-75.165084,40.076899]},"properties":{"ward":50,"division":17,"precinct":"5017","placename":"ENON TABERNACLE BAPTIST CHURCH (EAST)","street_address":"2800 W CHELTENHAM AVE","zip_code":"19150","accessibility_code":"F","parking_code":"H","gdb_geomattr_data":null,"objectid":1231}},{"type":"Feature","geometry":{"type":"Point","coordinates":[-75.175026,40.071984]},"properties":{"ward":50,"division":18,"precinct":"5018","placename":"HILL FREEDMAN WORLD ACADEMY","street_address":"1100 E MOUNT PLEASANT AVE","zip_code":"19150","accessibility_code":"M","parking_code":"L","gdb_geomattr_data":null,"objectid":1232}},{"type":"Feature","geometry":{"type":"Point","coordinates":[-75.164878,40.077056]},"properties":{"ward":50,"division":19,"precinct":"5019","placename":"ENON TABERNACLE BAPTIST CHURCH (EAST)","street_address":"2800 W CHELTENHAM AVE","zip_code":"19150","accessibility_code":"F","parking_code":"H","gdb_geomattr_data":null,"objectid":1233}},{"type":"Feature","geometry":{"type":"Point","coordinates":[-75.158466,40.06738]},"properties":{"ward":50,"division":20,"precinct":"5020","placename":"MASJIDULLAH MOSQUE","street_address":"7401 LIMEKILN PK","zip_code":"19138","accessibility_code":"F","parking_code":"H","gdb_geomattr_data":null,"objectid":1234}},{"type":"Feature","geometry":{"type":"Point","coordinates":[-75.184126,40.071987]},"properties":{"ward":50,"division":21,"precinct":"5021","placename":"PRESBYTERY OF PHILADELPHIA","street_address":"915 E GOWEN AVE","zip_code":"19150","accessibility_code":"F","parking_code":"H","gdb_geomattr_data":null,"objectid":1235}},{"type":"Feature","geometry":{"type":"Point","coordinates":[-75.164965,40.076973]},"properties":{"ward":50,"division":22,"precinct":"5022","placename":"ENON TABERNACLE BAPTIST CHURCH (EAST)","street_address":"2800 W CHELTENHAM AVE","zip_code":"19150","accessibility_code":"F","parking_code":"H","gdb_geomattr_data":null,"objectid":1236}},{"type":"Feature","geometry":{"type":"Point","coordinates":[-75.17046,40.065095]},"properties":{"ward":50,"division":23,"precinct":"5023","placename":"FINLEY RECREATION CENTER","street_address":"7701 MANSFIELD AVE","zip_code":"19150","accessibility_code":"M","parking_code":"L","gdb_geomattr_data":null,"objectid":1237}},{"type":"Feature","geometry":{"type":"Point","coordinates":[-75.158522,40.067628]},"properties":{"ward":50,"division":24,"precinct":"5024","placename":"MASJIDULLAH MOSQUE","street_address":"7401 LIMEKILN PK","zip_code":"19138","accessibility_code":"F","parking_code":"H","gdb_geomattr_data":null,"objectid":1238}},{"type":"Feature","geometry":{"type":"Point","coordinates":[-75.157927,40.071374]},"properties":{"ward":50,"division":25,"precinct":"5025","placename":"REMNANT CHURCH OF GOD","street_address":"7708 OGONTZ AVE","zip_code":"19150","accessibility_code":"M","parking_code":"N","gdb_geomattr_data":null,"objectid":1239}},{"type":"Feature","geometry":{"type":"Point","coordinates":[-75.156707,40.069853]},"properties":{"ward":50,"division":26,"precinct":"5026","placename":"PHILA DELIVERANCE TABERNACLE","street_address":"7501 OGONTZ AVE","zip_code":"19150","accessibility_code":"R","parking_code":"L","gdb_geomattr_data":null,"objectid":1240}},{"type":"Feature","geometry":{"type":"Point","coordinates":[-75.062069,40.030168]},"properties":{"ward":55,"division":14,"precinct":"5514","placename":"ETHAN ALLEN SCHOOL","street_address":"6329 BATTERSBY ST","zip_code":"19149","accessibility_code":"F","parking_code":"L","gdb_geomattr_data":null,"objectid":1359}},{"type":"Feature","geometry":{"type":"Point","coordinates":[-75.17046,40.065095]},"properties":{"ward":50,"division":27,"precinct":"5027","placename":"FINLEY RECREATION CENTER","street_address":"7701 MANSFIELD AVE","zip_code":"19150","accessibility_code":"M","parking_code":"L","gdb_geomattr_data":null,"objectid":1241}},{"type":"Feature","geometry":{"type":"Point","coordinates":[-75.154384,40.06468]},"properties":{"ward":50,"division":28,"precinct":"5028","placename":"WEST OAK LANE OLDER ADULT CENTER","street_address":"7210 OGONTZ AVE","zip_code":"19138","accessibility_code":"M","parking_code":"L","gdb_geomattr_data":null,"objectid":1242}},{"type":"Feature","geometry":{"type":"Point","coordinates":[-75.167131,40.074376]},"properties":{"ward":50,"division":29,"precinct":"5029","placename":"EL SHADDAI CHRISTIAN ASSEMBLY","street_address":"1448 GREENWOOD ST","zip_code":"19150","accessibility_code":"A","parking_code":"N","gdb_geomattr_data":null,"objectid":1243}},{"type":"Feature","geometry":{"type":"Point","coordinates":[-75.15835,40.067651]},"properties":{"ward":50,"division":30,"precinct":"5030","placename":"MASJIDULLAH MOSQUE","street_address":"7401 LIMEKILN PK","zip_code":"19138","accessibility_code":"F","parking_code":"H","gdb_geomattr_data":null,"objectid":1244}},{"type":"Feature","geometry":{"type":"Point","coordinates":[-75.230344,39.947816]},"properties":{"ward":51,"division":1,"precinct":"5101","placename":"HARRINGTON SCHOOL","street_address":"5300 BALTIMORE AVE","zip_code":"19143","accessibility_code":"M","parking_code":"L","gdb_geomattr_data":null,"objectid":1245}},{"type":"Feature","geometry":{"type":"Point","coordinates":[-75.218264,39.942107]},"properties":{"ward":51,"division":2,"precinct":"5102","placename":"KINGSESSING LIBRARY","street_address":"1201 S 51ST ST","zip_code":"19143","accessibility_code":"A","parking_code":"N","gdb_geomattr_data":null,"objectid":1246}},{"type":"Feature","geometry":{"type":"Point","coordinates":[-75.216404,39.940526]},"properties":{"ward":51,"division":3,"precinct":"5103","placename":"COMEGYS SCHOOL","street_address":"5100 GREENWAY AVE","zip_code":"19143","accessibility_code":"M","parking_code":"L","gdb_geomattr_data":null,"objectid":1247}},{"type":"Feature","geometry":{"type":"Point","coordinates":[-75.23256,39.940961]},"properties":{"ward":51,"division":4,"precinct":"5104","placename":"LONGSTRETH SCHOOL","street_address":"5700 WILLOWS AVE","zip_code":"19143","accessibility_code":"F","parking_code":"L","gdb_geomattr_data":null,"objectid":1248}},{"type":"Feature","geometry":{"type":"Point","coordinates":[-75.218269,39.942094]},"properties":{"ward":51,"division":5,"precinct":"5105","placename":"KINGSESSING LIBRARY","street_address":"1201 S 51ST ST","zip_code":"19143","accessibility_code":"A","parking_code":"N","gdb_geomattr_data":null,"objectid":1249}},{"type":"Feature","geometry":{"type":"Point","coordinates":[-75.221726,39.947626]},"properties":{"ward":51,"division":6,"precinct":"5106","placename":"THE CEDAR WORKS COMMUNITY CENTER","street_address":"4919 PENTRIDGE ST","zip_code":"19143","accessibility_code":"M","parking_code":"L","gdb_geomattr_data":null,"objectid":1250}},{"type":"Feature","geometry":{"type":"Point","coordinates":[-75.218257,39.942112]},"properties":{"ward":51,"division":7,"precinct":"5107","placename":"KINGSESSING LIBRARY","street_address":"1201 S 51ST ST","zip_code":"19143","accessibility_code":"A","parking_code":"N","gdb_geomattr_data":null,"objectid":1251}},{"type":"Feature","geometry":{"type":"Point","coordinates":[-75.216464,39.940879]},"properties":{"ward":51,"division":8,"precinct":"5108","placename":"COMEGYS SCHOOL","street_address":"5100 GREENWAY AVE","zip_code":"19143","accessibility_code":"M","parking_code":"L","gdb_geomattr_data":null,"objectid":1252}},{"type":"Feature","geometry":{"type":"Point","coordinates":[-75.216464,39.940879]},"properties":{"ward":51,"division":9,"precinct":"5109","placename":"COMEGYS SCHOOL","street_address":"5100 GREENWAY AVE","zip_code":"19143","accessibility_code":"M","parking_code":"L","gdb_geomattr_data":null,"objectid":1253}},{"type":"Feature","geometry":{"type":"Point","coordinates":[-75.226625,39.942227]},"properties":{"ward":51,"division":10,"precinct":"5110","placename":"MASTERY HARDY WILLIAMS CHARTER SCHOOL","street_address":"5400 WARRINGTON AVE","zip_code":"19143","accessibility_code":"A","parking_code":"H","gdb_geomattr_data":null,"objectid":1254}},{"type":"Feature","geometry":{"type":"Point","coordinates":[-75.226633,39.942222]},"properties":{"ward":51,"division":11,"precinct":"5111","placename":"MASTERY HARDY WILLIAMS CHARTER SCHOOL","street_address":"5400 WARRINGTON AVE","zip_code":"19143","accessibility_code":"A","parking_code":"H","gdb_geomattr_data":null,"objectid":1255}},{"type":"Feature","geometry":{"type":"Point","coordinates":[-75.22662,39.942219]},"properties":{"ward":51,"division":12,"precinct":"5112","placename":"MASTERY HARDY WILLIAMS CHARTER SCHOOL","street_address":"5400 WARRINGTON AVE","zip_code":"19143","accessibility_code":"A","parking_code":"H","gdb_geomattr_data":null,"objectid":1256}},{"type":"Feature","geometry":{"type":"Point","coordinates":[-75.226638,39.942222]},"properties":{"ward":51,"division":13,"precinct":"5113","placename":"MASTERY HARDY WILLIAMS CHARTER SCHOOL","street_address":"5400 WARRINGTON AVE","zip_code":"19143","accessibility_code":"A","parking_code":"H","gdb_geomattr_data":null,"objectid":1257}},{"type":"Feature","geometry":{"type":"Point","coordinates":[-75.22759,39.946882]},"properties":{"ward":51,"division":14,"precinct":"5114","placename":"VICTORY CHRISTIAN CENTER","street_address":"5220 WHITBY AVE","zip_code":"19143","accessibility_code":"M","parking_code":"H","gdb_geomattr_data":null,"objectid":1258}},{"type":"Feature","geometry":{"type":"Point","coordinates":[-75.23033,39.947822]},"properties":{"ward":51,"division":15,"precinct":"5115","placename":"HARRINGTON SCHOOL","street_address":"5300 BALTIMORE AVE","zip_code":"19143","accessibility_code":"M","parking_code":"L","gdb_geomattr_data":null,"objectid":1259}},{"type":"Feature","geometry":{"type":"Point","coordinates":[-75.230344,39.947814]},"properties":{"ward":51,"division":16,"precinct":"5116","placename":"HARRINGTON SCHOOL","street_address":"5300 BALTIMORE AVE","zip_code":"19143","accessibility_code":"M","parking_code":"L","gdb_geomattr_data":null,"objectid":1260}},{"type":"Feature","geometry":{"type":"Point","coordinates":[-75.22759,39.946882]},"properties":{"ward":51,"division":17,"precinct":"5117","placename":"VICTORY CHRISTIAN CENTER","street_address":"5220 WHITBY AVE","zip_code":"19143","accessibility_code":"M","parking_code":"H","gdb_geomattr_data":null,"objectid":1261}},{"type":"Feature","geometry":{"type":"Point","coordinates":[-75.230362,39.947825]},"properties":{"ward":51,"division":18,"precinct":"5118","placename":"HARRINGTON SCHOOL","street_address":"5300 BALTIMORE AVE","zip_code":"19143","accessibility_code":"M","parking_code":"L","gdb_geomattr_data":null,"objectid":1262}},{"type":"Feature","geometry":{"type":"Point","coordinates":[-75.23256,39.940961]},"properties":{"ward":51,"division":19,"precinct":"5119","placename":"LONGSTRETH SCHOOL","street_address":"5700 WILLOWS AVE","zip_code":"19143","accessibility_code":"F","parking_code":"L","gdb_geomattr_data":null,"objectid":1263}},{"type":"Feature","geometry":{"type":"Point","coordinates":[-75.226627,39.94222]},"properties":{"ward":51,"division":20,"precinct":"5120","placename":"MASTERY HARDY WILLIAMS CHARTER SCHOOL","street_address":"5400 WARRINGTON AVE","zip_code":"19143","accessibility_code":"A","parking_code":"H","gdb_geomattr_data":null,"objectid":1264}},{"type":"Feature","geometry":{"type":"Point","coordinates":[-75.223504,39.936965]},"properties":{"ward":51,"division":21,"precinct":"5121","placename":"MITCHELL SCHOOL","street_address":"5500 KINGSESSING AVE","zip_code":"19143","accessibility_code":"M","parking_code":"L","gdb_geomattr_data":null,"objectid":1265}},{"type":"Feature","geometry":{"type":"Point","coordinates":[-75.223504,39.936967]},"properties":{"ward":51,"division":22,"precinct":"5122","placename":"MITCHELL SCHOOL","street_address":"5500 KINGSESSING AVE","zip_code":"19143","accessibility_code":"M","parking_code":"L","gdb_geomattr_data":null,"objectid":1266}},{"type":"Feature","geometry":{"type":"Point","coordinates":[-75.23256,39.940961]},"properties":{"ward":51,"division":23,"precinct":"5123","placename":"LONGSTRETH SCHOOL","street_address":"5700 WILLOWS AVE","zip_code":"19143","accessibility_code":"F","parking_code":"L","gdb_geomattr_data":null,"objectid":1267}},{"type":"Feature","geometry":{"type":"Point","coordinates":[-75.223499,39.936965]},"properties":{"ward":51,"division":24,"precinct":"5124","placename":"MITCHELL SCHOOL","street_address":"5500 KINGSESSING AVE","zip_code":"19143","accessibility_code":"M","parking_code":"L","gdb_geomattr_data":null,"objectid":1268}},{"type":"Feature","geometry":{"type":"Point","coordinates":[-75.223501,39.936969]},"properties":{"ward":51,"division":25,"precinct":"5125","placename":"MITCHELL SCHOOL","street_address":"5500 KINGSESSING AVE","zip_code":"19143","accessibility_code":"M","parking_code":"L","gdb_geomattr_data":null,"objectid":1269}},{"type":"Feature","geometry":{"type":"Point","coordinates":[-75.23256,39.940961]},"properties":{"ward":51,"division":26,"precinct":"5126","placename":"LONGSTRETH SCHOOL","street_address":"5700 WILLOWS AVE","zip_code":"19143","accessibility_code":"F","parking_code":"L","gdb_geomattr_data":null,"objectid":1270}},{"type":"Feature","geometry":{"type":"Point","coordinates":[-75.23256,39.940961]},"properties":{"ward":51,"division":27,"precinct":"5127","placename":"LONGSTRETH SCHOOL","street_address":"5700 WILLOWS AVE","zip_code":"19143","accessibility_code":"F","parking_code":"L","gdb_geomattr_data":null,"objectid":1271}},{"type":"Feature","geometry":{"type":"Point","coordinates":[-75.23256,39.940961]},"properties":{"ward":51,"division":28,"precinct":"5128","placename":"LONGSTRETH SCHOOL","street_address":"5700 WILLOWS AVE","zip_code":"19143","accessibility_code":"F","parking_code":"L","gdb_geomattr_data":null,"objectid":1272}},{"type":"Feature","geometry":{"type":"Point","coordinates":[-75.224053,39.981411]},"properties":{"ward":52,"division":1,"precinct":"5201","placename":"PARKSIDE ASSOCIATION","street_address":"1719 N 52ND ST","zip_code":"19131","accessibility_code":"F","parking_code":"L","gdb_geomattr_data":null,"objectid":1273}},{"type":"Feature","geometry":{"type":"Point","coordinates":[-75.202212,40.003864]},"properties":{"ward":52,"division":2,"precinct":"5202","placename":"RIVER PARK HOUSE CONDOMINIUMS","street_address":"3600 CONSHOHOCKEN AVE","zip_code":"19131","accessibility_code":"M","parking_code":"L","gdb_geomattr_data":null,"objectid":1274}},{"type":"Feature","geometry":{"type":"Point","coordinates":[-75.207156,40.0088]},"properties":{"ward":52,"division":3,"precinct":"5203","placename":"PRESIDENTIAL CITY JEFFERSON","street_address":"3900 CITY AVE","zip_code":"19131","accessibility_code":"F","parking_code":"H","gdb_geomattr_data":null,"objectid":1275}},{"type":"Feature","geometry":{"type":"Point","coordinates":[-75.2045,40.003764]},"properties":{"ward":52,"division":4,"precinct":"5204","placename":"BELMONT HEIGHTS","street_address":"3701 CONSHOHOCKEN AVE","zip_code":"19131","accessibility_code":"M","parking_code":"L","gdb_geomattr_data":null,"objectid":1276}},{"type":"Feature","geometry":{"type":"Point","coordinates":[-75.238212,39.99285]},"properties":{"ward":52,"division":5,"precinct":"5205","placename":"GOMPERS SCHOOL","street_address":"5701 WYNNEFIELD AVE","zip_code":"19131","accessibility_code":"M","parking_code":"N","gdb_geomattr_data":null,"objectid":1277}},{"type":"Feature","geometry":{"type":"Point","coordinates":[-75.21048,40.003612]},"properties":{"ward":52,"division":6,"precinct":"5206","placename":"SHARON BAPTIST CHURCH","street_address":"3955 CONSHOHOCKEN AVE","zip_code":"19131","accessibility_code":"F","parking_code":"H","gdb_geomattr_data":null,"objectid":1278}},{"type":"Feature","geometry":{"type":"Point","coordinates":[-75.21049,40.003609]},"properties":{"ward":52,"division":7,"precinct":"5207","placename":"SHARON BAPTIST CHURCH","street_address":"3955 CONSHOHOCKEN AVE","zip_code":"19131","accessibility_code":"F","parking_code":"H","gdb_geomattr_data":null,"objectid":1279}},{"type":"Feature","geometry":{"type":"Point","coordinates":[-75.212493,40.002981]},"properties":{"ward":52,"division":8,"precinct":"5208","placename":"PARK TOWER APARTMENTS","street_address":"4001 CONSHOHOCKEN AVE","zip_code":"19131","accessibility_code":"F","parking_code":"L","gdb_geomattr_data":null,"objectid":1280}},{"type":"Feature","geometry":{"type":"Point","coordinates":[-75.216382,39.996926]},"properties":{"ward":52,"division":9,"precinct":"5209","placename":"SIMPSON HOUSE","street_address":"2101 BELMONT AVE","zip_code":"19131","accessibility_code":"B","parking_code":"L","gdb_geomattr_data":null,"objectid":1281}},{"type":"Feature","geometry":{"type":"Point","coordinates":[-75.208645,39.999058]},"properties":{"ward":52,"division":10,"precinct":"5210","placename":"PARK PLAZA CONDOS-WEST LOBBY","street_address":"3900 W FORD RD","zip_code":"19131","accessibility_code":"M","parking_code":"H","gdb_geomattr_data":null,"objectid":1282}},{"type":"Feature","geometry":{"type":"Point","coordinates":[-75.220174,39.999384]},"properties":{"ward":52,"division":11,"precinct":"5211","placename":"INGLIS HOUSE","street_address":"2600 BELMONT AVE","zip_code":"19131","accessibility_code":"F","parking_code":"H","gdb_geomattr_data":null,"objectid":1283}},{"type":"Feature","geometry":{"type":"Point","coordinates":[-75.220169,39.999388]},"properties":{"ward":52,"division":12,"precinct":"5212","placename":"INGLIS HOUSE","street_address":"2600 BELMONT AVE","zip_code":"19131","accessibility_code":"F","parking_code":"H","gdb_geomattr_data":null,"objectid":1284}},{"type":"Feature","geometry":{"type":"Point","coordinates":[-75.221827,39.990312]},"properties":{"ward":52,"division":13,"precinct":"5213","placename":"SETTLEMENT MUSIC SCHOOL-WEST","street_address":"4910 WYNNEFIELD AVE","zip_code":"19131","accessibility_code":"F","parking_code":"L","gdb_geomattr_data":null,"objectid":1285}},{"type":"Feature","geometry":{"type":"Point","coordinates":[-75.233577,39.995308]},"properties":{"ward":52,"division":14,"precinct":"5214","placename":"WYNNEFIELD BRANCH LIBRARY","street_address":"5325 OVERBROOK AVE","zip_code":"19131","accessibility_code":"F","parking_code":"N","gdb_geomattr_data":null,"objectid":1286}},{"type":"Feature","geometry":{"type":"Point","coordinates":[-75.233009,39.991177]},"properties":{"ward":52,"division":15,"precinct":"5215","placename":"PINN MEMORIAL BAPTIST CHURCH","street_address":"2251 N 54TH ST","zip_code":"19131","accessibility_code":"M","parking_code":"L","gdb_geomattr_data":null,"objectid":1287}},{"type":"Feature","geometry":{"type":"Point","coordinates":[-75.23085,39.992425]},"properties":{"ward":52,"division":16,"precinct":"5216","placename":"FAIRVIEW ARMS APARTMENTS","street_address":"5219 WYNNEFIELD AVE","zip_code":"19131","accessibility_code":"M","parking_code":"L","gdb_geomattr_data":null,"objectid":1288}},{"type":"Feature","geometry":{"type":"Point","coordinates":[-75.227051,39.989231]},"properties":{"ward":52,"division":17,"precinct":"5217","placename":"BRYN MAWR SUITES","street_address":"5100 LEBANON AVE","zip_code":"19131","accessibility_code":"R","parking_code":"L","gdb_geomattr_data":null,"objectid":1289}},{"type":"Feature","geometry":{"type":"Point","coordinates":[-75.232049,39.988103]},"properties":{"ward":52,"division":18,"precinct":"5218","placename":"ST BARBARA'S CHURCH","street_address":"5359 LEBANON AVE","zip_code":"19131","accessibility_code":"A","parking_code":"H","gdb_geomattr_data":null,"objectid":1290}},{"type":"Feature","geometry":{"type":"Point","coordinates":[-75.233009,39.991177]},"properties":{"ward":52,"division":19,"precinct":"5219","placename":"PINN MEMORIAL BAPTIST CHURCH","street_address":"2251 N 54TH ST","zip_code":"19131","accessibility_code":"M","parking_code":"L","gdb_geomattr_data":null,"objectid":1291}},{"type":"Feature","geometry":{"type":"Point","coordinates":[-75.242175,39.986719]},"properties":{"ward":52,"division":20,"precinct":"5220","placename":"BEEBER MIDDLE SCHOOL","street_address":"5925 MALVERN AVE","zip_code":"19131","accessibility_code":"M","parking_code":"L","gdb_geomattr_data":null,"objectid":1292}},{"type":"Feature","geometry":{"type":"Point","coordinates":[-75.22682,39.984089]},"properties":{"ward":52,"division":21,"precinct":"5221","placename":"PARKSIDE EVANS RECREATION CENTER","street_address":"5300 PARKSIDE AVE","zip_code":"19131","accessibility_code":"F","parking_code":"L","gdb_geomattr_data":null,"objectid":1293}},{"type":"Feature","geometry":{"type":"Point","coordinates":[-75.230492,39.983463]},"properties":{"ward":52,"division":22,"precinct":"5222","placename":"WYNNEFIELD PLACE","street_address":"1717 N 54TH ST","zip_code":"19131","accessibility_code":"F","parking_code":"H","gdb_geomattr_data":null,"objectid":1294}},{"type":"Feature","geometry":{"type":"Point","coordinates":[-75.230483,39.983465]},"properties":{"ward":52,"division":23,"precinct":"5223","placename":"WYNNEFIELD PLACE","street_address":"1717 N 54TH ST","zip_code":"19131","accessibility_code":"F","parking_code":"H","gdb_geomattr_data":null,"objectid":1295}},{"type":"Feature","geometry":{"type":"Point","coordinates":[-75.230493,39.983469]},"properties":{"ward":52,"division":24,"precinct":"5224","placename":"WYNNEFIELD PLACE","street_address":"1717 N 54TH ST","zip_code":"19131","accessibility_code":"F","parking_code":"H","gdb_geomattr_data":null,"objectid":1296}},{"type":"Feature","geometry":{"type":"Point","coordinates":[-75.234718,39.986277]},"properties":{"ward":52,"division":25,"precinct":"5225","placename":"CHURCH OFFICE","street_address":"5478 ARLINGTON ST","zip_code":"19131","accessibility_code":"M","parking_code":"N","gdb_geomattr_data":null,"objectid":1297}},{"type":"Feature","geometry":{"type":"Point","coordinates":[-75.242175,39.986719]},"properties":{"ward":52,"division":26,"precinct":"5226","placename":"BEEBER MIDDLE SCHOOL","street_address":"5925 MALVERN AVE","zip_code":"19131","accessibility_code":"M","parking_code":"L","gdb_geomattr_data":null,"objectid":1298}},{"type":"Feature","geometry":{"type":"Point","coordinates":[-75.242175,39.986719]},"properties":{"ward":52,"division":27,"precinct":"5227","placename":"BEEBER MIDDLE SCHOOL","street_address":"5925 MALVERN AVE","zip_code":"19131","accessibility_code":"M","parking_code":"L","gdb_geomattr_data":null,"objectid":1299}},{"type":"Feature","geometry":{"type":"Point","coordinates":[-75.062058,40.03016]},"properties":{"ward":55,"division":15,"precinct":"5515","placename":"ETHAN ALLEN SCHOOL","street_address":"6329 BATTERSBY ST","zip_code":"19149","accessibility_code":"F","parking_code":"L","gdb_geomattr_data":null,"objectid":1360}},{"type":"Feature","geometry":{"type":"Point","coordinates":[-75.21049,40.003605]},"properties":{"ward":52,"division":28,"precinct":"5228","placename":"SHARON BAPTIST CHURCH","street_address":"3955 CONSHOHOCKEN AVE","zip_code":"19131","accessibility_code":"F","parking_code":"H","gdb_geomattr_data":null,"objectid":1300}},{"type":"Feature","geometry":{"type":"Point","coordinates":[-75.084339,40.039102]},"properties":{"ward":53,"division":1,"precinct":"5301","placename":"CARNELL LITTLE SCHOOLHOUSE","street_address":"1100 DEVEREAUX AVE","zip_code":"19111","accessibility_code":"R","parking_code":"N","gdb_geomattr_data":null,"objectid":1301}},{"type":"Feature","geometry":{"type":"Point","coordinates":[-75.084332,40.039091]},"properties":{"ward":53,"division":2,"precinct":"5302","placename":"CARNELL LITTLE SCHOOLHOUSE","street_address":"1100 DEVEREAUX AVE","zip_code":"19111","accessibility_code":"R","parking_code":"N","gdb_geomattr_data":null,"objectid":1302}},{"type":"Feature","geometry":{"type":"Point","coordinates":[-75.084332,40.039091]},"properties":{"ward":53,"division":3,"precinct":"5303","placename":"CARNELL LITTLE SCHOOLHOUSE","street_address":"1100 DEVEREAUX AVE","zip_code":"19111","accessibility_code":"R","parking_code":"N","gdb_geomattr_data":null,"objectid":1303}},{"type":"Feature","geometry":{"type":"Point","coordinates":[-75.081901,40.041288]},"properties":{"ward":53,"division":4,"precinct":"5304","placename":"TARKEN RECREATION CENTER","street_address":"6250 FRONTENAC ST","zip_code":"19111","accessibility_code":"M","parking_code":"L","gdb_geomattr_data":null,"objectid":1304}},{"type":"Feature","geometry":{"type":"Point","coordinates":[-75.084325,40.039096]},"properties":{"ward":53,"division":5,"precinct":"5305","placename":"CARNELL LITTLE SCHOOLHOUSE","street_address":"1100 DEVEREAUX AVE","zip_code":"19111","accessibility_code":"R","parking_code":"N","gdb_geomattr_data":null,"objectid":1305}},{"type":"Feature","geometry":{"type":"Point","coordinates":[-75.081901,40.041288]},"properties":{"ward":53,"division":6,"precinct":"5306","placename":"TARKEN RECREATION CENTER","street_address":"6250 FRONTENAC ST","zip_code":"19111","accessibility_code":"M","parking_code":"L","gdb_geomattr_data":null,"objectid":1306}},{"type":"Feature","geometry":{"type":"Point","coordinates":[-75.081901,40.041288]},"properties":{"ward":53,"division":7,"precinct":"5307","placename":"TARKEN RECREATION CENTER","street_address":"6250 FRONTENAC ST","zip_code":"19111","accessibility_code":"M","parking_code":"L","gdb_geomattr_data":null,"objectid":1307}},{"type":"Feature","geometry":{"type":"Point","coordinates":[-75.081901,40.041288]},"properties":{"ward":53,"division":8,"precinct":"5308","placename":"TARKEN RECREATION CENTER","street_address":"6250 FRONTENAC ST","zip_code":"19111","accessibility_code":"M","parking_code":"L","gdb_geomattr_data":null,"objectid":1308}},{"type":"Feature","geometry":{"type":"Point","coordinates":[-75.081412,40.047851]},"properties":{"ward":53,"division":9,"precinct":"5309","placename":"ST THOMAS INDIAN ORTHODOX CHURCH","street_address":"1009 UNRUH AVE","zip_code":"19111","accessibility_code":"M","parking_code":"L","gdb_geomattr_data":null,"objectid":1309}},{"type":"Feature","geometry":{"type":"Point","coordinates":[-75.078686,40.038985]},"properties":{"ward":53,"division":10,"precinct":"5310","placename":"BUSHROD LIBRARY","street_address":"6304 CASTOR AVE","zip_code":"19149","accessibility_code":"F","parking_code":"N","gdb_geomattr_data":null,"objectid":1310}},{"type":"Feature","geometry":{"type":"Point","coordinates":[-75.081379,40.047846]},"properties":{"ward":53,"division":11,"precinct":"5311","placename":"ST THOMAS INDIAN ORTHODOX CHURCH","street_address":"1009 UNRUH AVE","zip_code":"19111","accessibility_code":"M","parking_code":"L","gdb_geomattr_data":null,"objectid":1311}},{"type":"Feature","geometry":{"type":"Point","coordinates":[-75.081372,40.047846]},"properties":{"ward":53,"division":12,"precinct":"5312","placename":"ST THOMAS INDIAN ORTHODOX CHURCH","street_address":"1009 UNRUH AVE","zip_code":"19111","accessibility_code":"M","parking_code":"L","gdb_geomattr_data":null,"objectid":1312}},{"type":"Feature","geometry":{"type":"Point","coordinates":[-75.077033,40.049511]},"properties":{"ward":53,"division":13,"precinct":"5313","placename":"HAMPTON MOORE SCHOOL","street_address":"6900 SUMMERDALE AVE","zip_code":"19111","accessibility_code":"F","parking_code":"L","gdb_geomattr_data":null,"objectid":1313}},{"type":"Feature","geometry":{"type":"Point","coordinates":[-75.077033,40.049511]},"properties":{"ward":53,"division":14,"precinct":"5314","placename":"HAMPTON MOORE SCHOOL","street_address":"6900 SUMMERDALE AVE","zip_code":"19111","accessibility_code":"F","parking_code":"L","gdb_geomattr_data":null,"objectid":1314}},{"type":"Feature","geometry":{"type":"Point","coordinates":[-75.081397,40.047848]},"properties":{"ward":53,"division":15,"precinct":"5315","placename":"ST THOMAS INDIAN ORTHODOX CHURCH","street_address":"1009 UNRUH AVE","zip_code":"19111","accessibility_code":"M","parking_code":"L","gdb_geomattr_data":null,"objectid":1315}},{"type":"Feature","geometry":{"type":"Point","coordinates":[-75.077033,40.049511]},"properties":{"ward":53,"division":16,"precinct":"5316","placename":"HAMPTON MOORE SCHOOL","street_address":"6900 SUMMERDALE AVE","zip_code":"19111","accessibility_code":"F","parking_code":"L","gdb_geomattr_data":null,"objectid":1316}},{"type":"Feature","geometry":{"type":"Point","coordinates":[-75.069106,40.052784]},"properties":{"ward":53,"division":17,"precinct":"5317","placename":"WILSON SCHOOL","street_address":"1800 COTTMAN AVE","zip_code":"19111","accessibility_code":"M","parking_code":"L","gdb_geomattr_data":null,"objectid":1317}},{"type":"Feature","geometry":{"type":"Point","coordinates":[-75.069106,40.052784]},"properties":{"ward":53,"division":18,"precinct":"5318","placename":"WILSON SCHOOL","street_address":"1800 COTTMAN AVE","zip_code":"19111","accessibility_code":"M","parking_code":"L","gdb_geomattr_data":null,"objectid":1318}},{"type":"Feature","geometry":{"type":"Point","coordinates":[-75.077033,40.049511]},"properties":{"ward":53,"division":19,"precinct":"5319","placename":"HAMPTON MOORE SCHOOL","street_address":"6900 SUMMERDALE AVE","zip_code":"19111","accessibility_code":"F","parking_code":"L","gdb_geomattr_data":null,"objectid":1319}},{"type":"Feature","geometry":{"type":"Point","coordinates":[-75.075485,40.056601]},"properties":{"ward":53,"division":20,"precinct":"5320","placename":"JARDEL RECREATION CENTER","street_address":"1400 COTTMAN AVE","zip_code":"19111","accessibility_code":"M","parking_code":"L","gdb_geomattr_data":null,"objectid":1320}},{"type":"Feature","geometry":{"type":"Point","coordinates":[-75.081356,40.060089]},"properties":{"ward":53,"division":21,"precinct":"5321","placename":"UNITED METHODIST CHURCH OF REDEEMER","street_address":"1128 COTTMAN AVE","zip_code":"19111","accessibility_code":"M","parking_code":"L","gdb_geomattr_data":null,"objectid":1321}},{"type":"Feature","geometry":{"type":"Point","coordinates":[-75.077033,40.049511]},"properties":{"ward":53,"division":22,"precinct":"5322","placename":"HAMPTON MOORE SCHOOL","street_address":"6900 SUMMERDALE AVE","zip_code":"19111","accessibility_code":"F","parking_code":"L","gdb_geomattr_data":null,"objectid":1322}},{"type":"Feature","geometry":{"type":"Point","coordinates":[-75.081383,40.047848]},"properties":{"ward":53,"division":23,"precinct":"5323","placename":"ST THOMAS INDIAN ORTHODOX CHURCH","street_address":"1009 UNRUH AVE","zip_code":"19111","accessibility_code":"M","parking_code":"L","gdb_geomattr_data":null,"objectid":1323}},{"type":"Feature","geometry":{"type":"Point","coordinates":[-75.072805,40.037832]},"properties":{"ward":54,"division":1,"precinct":"5401","placename":"SPRUANCE LITTLE SCHOOLHOUSE","street_address":"6401 HORROCKS ST","zip_code":"19149","accessibility_code":"M","parking_code":"L","gdb_geomattr_data":null,"objectid":1324}},{"type":"Feature","geometry":{"type":"Point","coordinates":[-75.072801,40.037832]},"properties":{"ward":54,"division":2,"precinct":"5402","placename":"SPRUANCE LITTLE SCHOOLHOUSE","street_address":"6401 HORROCKS ST","zip_code":"19149","accessibility_code":"M","parking_code":"L","gdb_geomattr_data":null,"objectid":1325}},{"type":"Feature","geometry":{"type":"Point","coordinates":[-75.072801,40.037824]},"properties":{"ward":54,"division":3,"precinct":"5403","placename":"SPRUANCE LITTLE SCHOOLHOUSE","street_address":"6401 HORROCKS ST","zip_code":"19149","accessibility_code":"M","parking_code":"L","gdb_geomattr_data":null,"objectid":1326}},{"type":"Feature","geometry":{"type":"Point","coordinates":[-75.071371,40.038689]},"properties":{"ward":54,"division":4,"precinct":"5404","placename":"MAX MYERS RECREATION CENTER","street_address":"1601 HELLERMAN ST","zip_code":"19149","accessibility_code":"A","parking_code":"L","gdb_geomattr_data":null,"objectid":1327}},{"type":"Feature","geometry":{"type":"Point","coordinates":[-75.072805,40.037824]},"properties":{"ward":54,"division":5,"precinct":"5405","placename":"SPRUANCE LITTLE SCHOOLHOUSE","street_address":"6401 HORROCKS ST","zip_code":"19149","accessibility_code":"M","parking_code":"L","gdb_geomattr_data":null,"objectid":1328}},{"type":"Feature","geometry":{"type":"Point","coordinates":[-75.068912,40.037083]},"properties":{"ward":54,"division":6,"precinct":"5406","placename":"GREEK ORTHODOX CHURCH (NORTHEAST)","street_address":"6501 BUSTLETON AVE","zip_code":"19149","accessibility_code":"R","parking_code":"L","gdb_geomattr_data":null,"objectid":1329}},{"type":"Feature","geometry":{"type":"Point","coordinates":[-75.068912,40.037083]},"properties":{"ward":54,"division":7,"precinct":"5407","placename":"GREEK ORTHODOX CHURCH (NORTHEAST)","street_address":"6501 BUSTLETON AVE","zip_code":"19149","accessibility_code":"R","parking_code":"L","gdb_geomattr_data":null,"objectid":1330}},{"type":"Feature","geometry":{"type":"Point","coordinates":[-75.064661,40.045239]},"properties":{"ward":54,"division":8,"precinct":"5408","placename":"SOLIS COHEN SCHOOL","street_address":"7001 HORROCKS ST","zip_code":"19149","accessibility_code":"F","parking_code":"H","gdb_geomattr_data":null,"objectid":1331}},{"type":"Feature","geometry":{"type":"Point","coordinates":[-75.071371,40.038689]},"properties":{"ward":54,"division":9,"precinct":"5409","placename":"MAX MYERS RECREATION CENTER","street_address":"1601 HELLERMAN ST","zip_code":"19149","accessibility_code":"A","parking_code":"L","gdb_geomattr_data":null,"objectid":1332}},{"type":"Feature","geometry":{"type":"Point","coordinates":[-75.068912,40.037083]},"properties":{"ward":54,"division":10,"precinct":"5410","placename":"GREEK ORTHODOX CHURCH (NORTHEAST)","street_address":"6501 BUSTLETON AVE","zip_code":"19149","accessibility_code":"R","parking_code":"L","gdb_geomattr_data":null,"objectid":1333}},{"type":"Feature","geometry":{"type":"Point","coordinates":[-75.068912,40.037083]},"properties":{"ward":54,"division":11,"precinct":"5411","placename":"GREEK ORTHODOX CHURCH (NORTHEAST)","street_address":"6501 BUSTLETON AVE","zip_code":"19149","accessibility_code":"R","parking_code":"L","gdb_geomattr_data":null,"objectid":1334}},{"type":"Feature","geometry":{"type":"Point","coordinates":[-75.068912,40.037083]},"properties":{"ward":54,"division":12,"precinct":"5412","placename":"GREEK ORTHODOX CHURCH (NORTHEAST)","street_address":"6501 BUSTLETON AVE","zip_code":"19149","accessibility_code":"R","parking_code":"L","gdb_geomattr_data":null,"objectid":1335}},{"type":"Feature","geometry":{"type":"Point","coordinates":[-75.071371,40.038689]},"properties":{"ward":54,"division":13,"precinct":"5413","placename":"MAX MYERS RECREATION CENTER","street_address":"1601 HELLERMAN ST","zip_code":"19149","accessibility_code":"A","parking_code":"L","gdb_geomattr_data":null,"objectid":1336}},{"type":"Feature","geometry":{"type":"Point","coordinates":[-75.064649,40.045216]},"properties":{"ward":54,"division":14,"precinct":"5414","placename":"SOLIS COHEN SCHOOL","street_address":"7001 HORROCKS ST","zip_code":"19149","accessibility_code":"F","parking_code":"H","gdb_geomattr_data":null,"objectid":1337}},{"type":"Feature","geometry":{"type":"Point","coordinates":[-75.064642,40.04524]},"properties":{"ward":54,"division":15,"precinct":"5415","placename":"SOLIS COHEN SCHOOL","street_address":"7001 HORROCKS ST","zip_code":"19149","accessibility_code":"F","parking_code":"H","gdb_geomattr_data":null,"objectid":1338}},{"type":"Feature","geometry":{"type":"Point","coordinates":[-75.064637,40.045242]},"properties":{"ward":54,"division":16,"precinct":"5416","placename":"SOLIS COHEN SCHOOL","street_address":"7001 HORROCKS ST","zip_code":"19149","accessibility_code":"F","parking_code":"H","gdb_geomattr_data":null,"objectid":1339}},{"type":"Feature","geometry":{"type":"Point","coordinates":[-75.064654,40.045221]},"properties":{"ward":54,"division":17,"precinct":"5417","placename":"SOLIS COHEN SCHOOL","street_address":"7001 HORROCKS ST","zip_code":"19149","accessibility_code":"F","parking_code":"H","gdb_geomattr_data":null,"objectid":1340}},{"type":"Feature","geometry":{"type":"Point","coordinates":[-75.064652,40.045236]},"properties":{"ward":54,"division":18,"precinct":"5418","placename":"SOLIS COHEN SCHOOL","street_address":"7001 HORROCKS ST","zip_code":"19149","accessibility_code":"F","parking_code":"H","gdb_geomattr_data":null,"objectid":1341}},{"type":"Feature","geometry":{"type":"Point","coordinates":[-75.064657,40.045242]},"properties":{"ward":54,"division":19,"precinct":"5419","placename":"SOLIS COHEN SCHOOL","street_address":"7001 HORROCKS ST","zip_code":"19149","accessibility_code":"F","parking_code":"H","gdb_geomattr_data":null,"objectid":1342}},{"type":"Feature","geometry":{"type":"Point","coordinates":[-75.064657,40.045242]},"properties":{"ward":54,"division":20,"precinct":"5420","placename":"SOLIS COHEN SCHOOL","street_address":"7001 HORROCKS ST","zip_code":"19149","accessibility_code":"F","parking_code":"H","gdb_geomattr_data":null,"objectid":1343}},{"type":"Feature","geometry":{"type":"Point","coordinates":[-75.064623,40.045255]},"properties":{"ward":54,"division":21,"precinct":"5421","placename":"SOLIS COHEN SCHOOL","street_address":"7001 HORROCKS ST","zip_code":"19149","accessibility_code":"F","parking_code":"H","gdb_geomattr_data":null,"objectid":1344}},{"type":"Feature","geometry":{"type":"Point","coordinates":[-75.064623,40.045242]},"properties":{"ward":54,"division":22,"precinct":"5422","placename":"SOLIS COHEN SCHOOL","street_address":"7001 HORROCKS ST","zip_code":"19149","accessibility_code":"F","parking_code":"H","gdb_geomattr_data":null,"objectid":1345}},{"type":"Feature","geometry":{"type":"Point","coordinates":[-75.058969,40.020954]},"properties":{"ward":55,"division":1,"precinct":"5501","placename":"LAWTON SCHOOL","street_address":"6101 JACKSON ST","zip_code":"19135","accessibility_code":"F","parking_code":"L","gdb_geomattr_data":null,"objectid":1346}},{"type":"Feature","geometry":{"type":"Point","coordinates":[-75.058971,40.020955]},"properties":{"ward":55,"division":2,"precinct":"5502","placename":"LAWTON SCHOOL","street_address":"6101 JACKSON ST","zip_code":"19135","accessibility_code":"F","parking_code":"L","gdb_geomattr_data":null,"objectid":1347}},{"type":"Feature","geometry":{"type":"Point","coordinates":[-75.059057,40.020924]},"properties":{"ward":55,"division":3,"precinct":"5503","placename":"LAWTON SCHOOL","street_address":"6101 JACKSON ST","zip_code":"19135","accessibility_code":"F","parking_code":"L","gdb_geomattr_data":null,"objectid":1348}},{"type":"Feature","geometry":{"type":"Point","coordinates":[-75.053688,40.026629]},"properties":{"ward":55,"division":4,"precinct":"5504","placename":"ROOSEVELT RECREATION CENTER","street_address":"6455 WALKER ST","zip_code":"19135","accessibility_code":"F","parking_code":"L","gdb_geomattr_data":null,"objectid":1349}},{"type":"Feature","geometry":{"type":"Point","coordinates":[-75.053688,40.026629]},"properties":{"ward":55,"division":5,"precinct":"5505","placename":"ROOSEVELT RECREATION CENTER","street_address":"6455 WALKER ST","zip_code":"19135","accessibility_code":"F","parking_code":"L","gdb_geomattr_data":null,"objectid":1350}},{"type":"Feature","geometry":{"type":"Point","coordinates":[-75.053622,40.026611]},"properties":{"ward":55,"division":6,"precinct":"5506","placename":"ROOSEVELT RECREATION CENTER","street_address":"6455 WALKER ST","zip_code":"19135","accessibility_code":"F","parking_code":"L","gdb_geomattr_data":null,"objectid":1351}},{"type":"Feature","geometry":{"type":"Point","coordinates":[-75.053688,40.026629]},"properties":{"ward":55,"division":7,"precinct":"5507","placename":"ROOSEVELT RECREATION CENTER","street_address":"6455 WALKER ST","zip_code":"19135","accessibility_code":"F","parking_code":"L","gdb_geomattr_data":null,"objectid":1352}},{"type":"Feature","geometry":{"type":"Point","coordinates":[-75.062064,40.030172]},"properties":{"ward":55,"division":8,"precinct":"5508","placename":"ETHAN ALLEN SCHOOL","street_address":"6329 BATTERSBY ST","zip_code":"19149","accessibility_code":"F","parking_code":"L","gdb_geomattr_data":null,"objectid":1353}},{"type":"Feature","geometry":{"type":"Point","coordinates":[-75.062058,40.030168]},"properties":{"ward":55,"division":9,"precinct":"5509","placename":"ETHAN ALLEN SCHOOL","street_address":"6329 BATTERSBY ST","zip_code":"19149","accessibility_code":"F","parking_code":"L","gdb_geomattr_data":null,"objectid":1354}},{"type":"Feature","geometry":{"type":"Point","coordinates":[-75.062064,40.030172]},"properties":{"ward":55,"division":10,"precinct":"5510","placename":"ETHAN ALLEN SCHOOL","street_address":"6329 BATTERSBY ST","zip_code":"19149","accessibility_code":"F","parking_code":"L","gdb_geomattr_data":null,"objectid":1355}},{"type":"Feature","geometry":{"type":"Point","coordinates":[-75.052441,40.037541]},"properties":{"ward":55,"division":11,"precinct":"5511","placename":"ST JOHNS LUTHERAN CHURCH","street_address":"3101 TYSON AVE","zip_code":"19149","accessibility_code":"M","parking_code":"L","gdb_geomattr_data":null,"objectid":1356}},{"type":"Feature","geometry":{"type":"Point","coordinates":[-75.052446,40.03754]},"properties":{"ward":55,"division":12,"precinct":"5512","placename":"ST JOHNS LUTHERAN CHURCH","street_address":"3101 TYSON AVE","zip_code":"19149","accessibility_code":"M","parking_code":"L","gdb_geomattr_data":null,"objectid":1357}},{"type":"Feature","geometry":{"type":"Point","coordinates":[-75.062069,40.030168]},"properties":{"ward":55,"division":13,"precinct":"5513","placename":"ETHAN ALLEN SCHOOL","street_address":"6329 BATTERSBY ST","zip_code":"19149","accessibility_code":"F","parking_code":"L","gdb_geomattr_data":null,"objectid":1358}},{"type":"Feature","geometry":{"type":"Point","coordinates":[-75.052349,40.03951]},"properties":{"ward":55,"division":16,"precinct":"5516","placename":"MAYFAIR SCHOOL","street_address":"3001 PRINCETON AVE","zip_code":"19149","accessibility_code":"A","parking_code":"L","gdb_geomattr_data":null,"objectid":1361}},{"type":"Feature","geometry":{"type":"Point","coordinates":[-75.052349,40.03951]},"properties":{"ward":55,"division":17,"precinct":"5517","placename":"MAYFAIR SCHOOL","street_address":"3001 PRINCETON AVE","zip_code":"19149","accessibility_code":"A","parking_code":"L","gdb_geomattr_data":null,"objectid":1362}},{"type":"Feature","geometry":{"type":"Point","coordinates":[-75.052349,40.03951]},"properties":{"ward":55,"division":18,"precinct":"5518","placename":"MAYFAIR SCHOOL","street_address":"3001 PRINCETON AVE","zip_code":"19149","accessibility_code":"A","parking_code":"L","gdb_geomattr_data":null,"objectid":1363}},{"type":"Feature","geometry":{"type":"Point","coordinates":[-75.052349,40.03951]},"properties":{"ward":55,"division":19,"precinct":"5519","placename":"MAYFAIR SCHOOL","street_address":"3001 PRINCETON AVE","zip_code":"19149","accessibility_code":"A","parking_code":"L","gdb_geomattr_data":null,"objectid":1364}},{"type":"Feature","geometry":{"type":"Point","coordinates":[-75.052444,40.037543]},"properties":{"ward":55,"division":20,"precinct":"5520","placename":"ST JOHNS LUTHERAN CHURCH","street_address":"3101 TYSON AVE","zip_code":"19149","accessibility_code":"M","parking_code":"L","gdb_geomattr_data":null,"objectid":1365}},{"type":"Feature","geometry":{"type":"Point","coordinates":[-75.046292,40.038962]},"properties":{"ward":55,"division":21,"precinct":"5521","placename":"CHURCH OF GRACE TO FUJIANESE","street_address":"3301 WELLINGTON ST","zip_code":"19149","accessibility_code":"M","parking_code":"L","gdb_geomattr_data":null,"objectid":1366}},{"type":"Feature","geometry":{"type":"Point","coordinates":[-75.0463,40.038954]},"properties":{"ward":55,"division":22,"precinct":"5522","placename":"CHURCH OF GRACE TO FUJIANESE","street_address":"3301 WELLINGTON ST","zip_code":"19149","accessibility_code":"M","parking_code":"L","gdb_geomattr_data":null,"objectid":1367}},{"type":"Feature","geometry":{"type":"Point","coordinates":[-75.046296,40.038951]},"properties":{"ward":55,"division":23,"precinct":"5523","placename":"CHURCH OF GRACE TO FUJIANESE","street_address":"3301 WELLINGTON ST","zip_code":"19149","accessibility_code":"M","parking_code":"L","gdb_geomattr_data":null,"objectid":1368}},{"type":"Feature","geometry":{"type":"Point","coordinates":[-75.046296,40.038957]},"properties":{"ward":55,"division":24,"precinct":"5524","placename":"CHURCH OF GRACE TO FUJIANESE","street_address":"3301 WELLINGTON ST","zip_code":"19149","accessibility_code":"M","parking_code":"L","gdb_geomattr_data":null,"objectid":1369}},{"type":"Feature","geometry":{"type":"Point","coordinates":[-75.058271,40.059118]},"properties":{"ward":56,"division":1,"precinct":"5601","placename":"RHAWNHURST SCHOOL","street_address":"7809 CASTOR AVE","zip_code":"19152","accessibility_code":"A","parking_code":"L","gdb_geomattr_data":null,"objectid":1370}},{"type":"Feature","geometry":{"type":"Point","coordinates":[-75.058271,40.059118]},"properties":{"ward":56,"division":2,"precinct":"5602","placename":"RHAWNHURST SCHOOL","street_address":"7809 CASTOR AVE","zip_code":"19152","accessibility_code":"A","parking_code":"L","gdb_geomattr_data":null,"objectid":1371}},{"type":"Feature","geometry":{"type":"Point","coordinates":[-75.069106,40.052784]},"properties":{"ward":56,"division":3,"precinct":"5603","placename":"WILSON SCHOOL","street_address":"1800 COTTMAN AVE","zip_code":"19111","accessibility_code":"M","parking_code":"L","gdb_geomattr_data":null,"objectid":1372}},{"type":"Feature","geometry":{"type":"Point","coordinates":[-75.071699,40.05558]},"properties":{"ward":56,"division":4,"precinct":"5604","placename":"NORTHEAST HIGH SCHOOL","street_address":"1601 COTTMAN AVE","zip_code":"19111","accessibility_code":"M","parking_code":"L","gdb_geomattr_data":null,"objectid":1373}},{"type":"Feature","geometry":{"type":"Point","coordinates":[-75.066225,40.067389]},"properties":{"ward":56,"division":5,"precinct":"5605","placename":"TACONY ACADEMY CHARTER SCHOOL","street_address":"1330 RHAWN ST","zip_code":"19111","accessibility_code":"A","parking_code":"L","gdb_geomattr_data":null,"objectid":1374}},{"type":"Feature","geometry":{"type":"Point","coordinates":[-75.067326,40.067895]},"properties":{"ward":56,"division":6,"precinct":"5606","placename":"GLORIA DEI ESTATES","street_address":"1304 RHAWN ST","zip_code":"19111","accessibility_code":"A","parking_code":"L","gdb_geomattr_data":null,"objectid":1375}},{"type":"Feature","geometry":{"type":"Point","coordinates":[-75.079207,40.059357]},"properties":{"ward":56,"division":7,"precinct":"5607","placename":"CALIBER COLLISION GARAGE-REAR","street_address":"1225 COTTMAN AVE","zip_code":"19111","accessibility_code":"M","parking_code":"L","gdb_geomattr_data":null,"objectid":1376}},{"type":"Feature","geometry":{"type":"Point","coordinates":[-75.079207,40.059357]},"properties":{"ward":56,"division":8,"precinct":"5608","placename":"CALIBER COLLISION GARAGE-REAR","street_address":"1225 COTTMAN AVE","zip_code":"19111","accessibility_code":"M","parking_code":"L","gdb_geomattr_data":null,"objectid":1377}},{"type":"Feature","geometry":{"type":"Point","coordinates":[-75.071699,40.055593]},"properties":{"ward":56,"division":9,"precinct":"5609","placename":"NORTHEAST HIGH SCHOOL","street_address":"1601 COTTMAN AVE","zip_code":"19111","accessibility_code":"M","parking_code":"L","gdb_geomattr_data":null,"objectid":1378}},{"type":"Feature","geometry":{"type":"Point","coordinates":[-75.062152,40.058185]},"properties":{"ward":56,"division":10,"precinct":"5610","placename":"RHAWNHURST PRESBYTERIAN CHURCH","street_address":"7701 LORETTO AVE","zip_code":"19111","accessibility_code":"M","parking_code":"L","gdb_geomattr_data":null,"objectid":1379}},{"type":"Feature","geometry":{"type":"Point","coordinates":[-75.066225,40.067389]},"properties":{"ward":56,"division":11,"precinct":"5611","placename":"TACONY ACADEMY CHARTER SCHOOL","street_address":"1330 RHAWN ST","zip_code":"19111","accessibility_code":"A","parking_code":"L","gdb_geomattr_data":null,"objectid":1380}},{"type":"Feature","geometry":{"type":"Point","coordinates":[-75.051283,40.062436]},"properties":{"ward":56,"division":12,"precinct":"5612","placename":"PELBANO RECREATION CENTER","street_address":"8101 BUSTLETON AVE","zip_code":"19152","accessibility_code":"M","parking_code":"H","gdb_geomattr_data":null,"objectid":1381}},{"type":"Feature","geometry":{"type":"Point","coordinates":[-75.058271,40.059118]},"properties":{"ward":56,"division":13,"precinct":"5613","placename":"RHAWNHURST SCHOOL","street_address":"7809 CASTOR AVE","zip_code":"19152","accessibility_code":"A","parking_code":"L","gdb_geomattr_data":null,"objectid":1382}},{"type":"Feature","geometry":{"type":"Point","coordinates":[-75.058271,40.059118]},"properties":{"ward":56,"division":14,"precinct":"5614","placename":"RHAWNHURST SCHOOL","street_address":"7809 CASTOR AVE","zip_code":"19152","accessibility_code":"A","parking_code":"L","gdb_geomattr_data":null,"objectid":1383}},{"type":"Feature","geometry":{"type":"Point","coordinates":[-75.05773,40.058603]},"properties":{"ward":56,"division":15,"precinct":"5615","placename":"RHAWNHURST SCHOOL","street_address":"7809 CASTOR AVE","zip_code":"19152","accessibility_code":"A","parking_code":"L","gdb_geomattr_data":null,"objectid":1384}},{"type":"Feature","geometry":{"type":"Point","coordinates":[-75.058271,40.059118]},"properties":{"ward":56,"division":16,"precinct":"5616","placename":"RHAWNHURST SCHOOL","street_address":"7809 CASTOR AVE","zip_code":"19152","accessibility_code":"A","parking_code":"L","gdb_geomattr_data":null,"objectid":1385}},{"type":"Feature","geometry":{"type":"Point","coordinates":[-75.058271,40.059118]},"properties":{"ward":56,"division":17,"precinct":"5617","placename":"RHAWNHURST SCHOOL","street_address":"7809 CASTOR AVE","zip_code":"19152","accessibility_code":"A","parking_code":"L","gdb_geomattr_data":null,"objectid":1386}},{"type":"Feature","geometry":{"type":"Point","coordinates":[-75.051283,40.062436]},"properties":{"ward":56,"division":18,"precinct":"5618","placename":"PELBANO RECREATION CENTER","street_address":"8101 BUSTLETON AVE","zip_code":"19152","accessibility_code":"M","parking_code":"H","gdb_geomattr_data":null,"objectid":1387}},{"type":"Feature","geometry":{"type":"Point","coordinates":[-75.066225,40.067389]},"properties":{"ward":56,"division":19,"precinct":"5619","placename":"TACONY ACADEMY CHARTER SCHOOL","street_address":"1330 RHAWN ST","zip_code":"19111","accessibility_code":"A","parking_code":"L","gdb_geomattr_data":null,"objectid":1388}},{"type":"Feature","geometry":{"type":"Point","coordinates":[-75.051283,40.062436]},"properties":{"ward":56,"division":20,"precinct":"5620","placename":"PELBANO RECREATION CENTER","street_address":"8101 BUSTLETON AVE","zip_code":"19152","accessibility_code":"M","parking_code":"H","gdb_geomattr_data":null,"objectid":1389}},{"type":"Feature","geometry":{"type":"Point","coordinates":[-75.051283,40.062436]},"properties":{"ward":56,"division":21,"precinct":"5621","placename":"PELBANO RECREATION CENTER","street_address":"8101 BUSTLETON AVE","zip_code":"19152","accessibility_code":"M","parking_code":"H","gdb_geomattr_data":null,"objectid":1390}},{"type":"Feature","geometry":{"type":"Point","coordinates":[-75.05209,40.067215]},"properties":{"ward":56,"division":22,"precinct":"5622","placename":"FARRELL SCHOOL","street_address":"8300 CASTOR AVE","zip_code":"19152","accessibility_code":"A","parking_code":"L","gdb_geomattr_data":null,"objectid":1391}},{"type":"Feature","geometry":{"type":"Point","coordinates":[-75.05209,40.067215]},"properties":{"ward":56,"division":23,"precinct":"5623","placename":"FARRELL SCHOOL","street_address":"8300 CASTOR AVE","zip_code":"19152","accessibility_code":"A","parking_code":"L","gdb_geomattr_data":null,"objectid":1392}},{"type":"Feature","geometry":{"type":"Point","coordinates":[-75.05209,40.067215]},"properties":{"ward":56,"division":24,"precinct":"5624","placename":"FARRELL SCHOOL","street_address":"8300 CASTOR AVE","zip_code":"19152","accessibility_code":"A","parking_code":"L","gdb_geomattr_data":null,"objectid":1393}},{"type":"Feature","geometry":{"type":"Point","coordinates":[-75.05209,40.067215]},"properties":{"ward":56,"division":25,"precinct":"5625","placename":"FARRELL SCHOOL","street_address":"8300 CASTOR AVE","zip_code":"19152","accessibility_code":"A","parking_code":"L","gdb_geomattr_data":null,"objectid":1394}},{"type":"Feature","geometry":{"type":"Point","coordinates":[-75.05209,40.067215]},"properties":{"ward":56,"division":26,"precinct":"5626","placename":"FARRELL SCHOOL","street_address":"8300 CASTOR AVE","zip_code":"19152","accessibility_code":"A","parking_code":"L","gdb_geomattr_data":null,"objectid":1395}},{"type":"Feature","geometry":{"type":"Point","coordinates":[-75.05209,40.067215]},"properties":{"ward":56,"division":27,"precinct":"5627","placename":"FARRELL SCHOOL","street_address":"8300 CASTOR AVE","zip_code":"19152","accessibility_code":"A","parking_code":"L","gdb_geomattr_data":null,"objectid":1396}},{"type":"Feature","geometry":{"type":"Point","coordinates":[-75.05209,40.067215]},"properties":{"ward":56,"division":28,"precinct":"5628","placename":"FARRELL SCHOOL","street_address":"8300 CASTOR AVE","zip_code":"19152","accessibility_code":"A","parking_code":"L","gdb_geomattr_data":null,"objectid":1397}},{"type":"Feature","geometry":{"type":"Point","coordinates":[-75.038991,40.076707]},"properties":{"ward":56,"division":29,"precinct":"5629","placename":"AMERICAN LEGION POST 810","street_address":"9151 OLD NEWTOWN RD","zip_code":"19115","accessibility_code":"F","parking_code":"H","gdb_geomattr_data":null,"objectid":1398}},{"type":"Feature","geometry":{"type":"Point","coordinates":[-75.038991,40.076711]},"properties":{"ward":56,"division":30,"precinct":"5630","placename":"AMERICAN LEGION POST 810","street_address":"9151 OLD NEWTOWN RD","zip_code":"19115","accessibility_code":"F","parking_code":"H","gdb_geomattr_data":null,"objectid":1399}},{"type":"Feature","geometry":{"type":"Point","coordinates":[-75.038994,40.076707]},"properties":{"ward":56,"division":31,"precinct":"5631","placename":"AMERICAN LEGION POST 810","street_address":"9151 OLD NEWTOWN RD","zip_code":"19115","accessibility_code":"F","parking_code":"H","gdb_geomattr_data":null,"objectid":1400}},{"type":"Feature","geometry":{"type":"Point","coordinates":[-75.051283,40.062436]},"properties":{"ward":56,"division":32,"precinct":"5632","placename":"PELBANO RECREATION CENTER","street_address":"8101 BUSTLETON AVE","zip_code":"19152","accessibility_code":"M","parking_code":"H","gdb_geomattr_data":null,"objectid":1401}},{"type":"Feature","geometry":{"type":"Point","coordinates":[-75.071731,40.055506]},"properties":{"ward":56,"division":33,"precinct":"5633","placename":"NORTHEAST HIGH SCHOOL","street_address":"1601 COTTMAN AVE","zip_code":"19111","accessibility_code":"M","parking_code":"L","gdb_geomattr_data":null,"objectid":1402}},{"type":"Feature","geometry":{"type":"Point","coordinates":[-75.052019,40.051024]},"properties":{"ward":56,"division":34,"precinct":"5634","placename":"VALMONT TOWERS CONDOS","street_address":"7600 ROOSEVELT BLVD","zip_code":"19152","accessibility_code":"F","parking_code":"L","gdb_geomattr_data":null,"objectid":1403}},{"type":"Feature","geometry":{"type":"Point","coordinates":[-75.038975,40.076646]},"properties":{"ward":56,"division":35,"precinct":"5635","placename":"AMERICAN LEGION POST 810","street_address":"9151 OLD NEWTOWN RD","zip_code":"19115","accessibility_code":"F","parking_code":"H","gdb_geomattr_data":null,"objectid":1404}},{"type":"Feature","geometry":{"type":"Point","coordinates":[-75.062152,40.058185]},"properties":{"ward":56,"division":36,"precinct":"5636","placename":"RHAWNHURST PRESBYTERIAN CHURCH","street_address":"7701 LORETTO AVE","zip_code":"19111","accessibility_code":"M","parking_code":"L","gdb_geomattr_data":null,"objectid":1405}},{"type":"Feature","geometry":{"type":"Point","coordinates":[-75.058271,40.059118]},"properties":{"ward":56,"division":37,"precinct":"5637","placename":"RHAWNHURST SCHOOL","street_address":"7809 CASTOR AVE","zip_code":"19152","accessibility_code":"A","parking_code":"L","gdb_geomattr_data":null,"objectid":1406}},{"type":"Feature","geometry":{"type":"Point","coordinates":[-75.037416,40.074985]},"properties":{"ward":56,"division":38,"precinct":"5638","placename":"ST REGIS APARTMENTS","street_address":"2301 TREMONT ST","zip_code":"19115","accessibility_code":"M","parking_code":"L","gdb_geomattr_data":null,"objectid":1407}},{"type":"Feature","geometry":{"type":"Point","coordinates":[-75.038994,40.076703]},"properties":{"ward":56,"division":39,"precinct":"5639","placename":"AMERICAN LEGION POST 810","street_address":"9151 OLD NEWTOWN RD","zip_code":"19115","accessibility_code":"F","parking_code":"H","gdb_geomattr_data":null,"objectid":1408}},{"type":"Feature","geometry":{"type":"Point","coordinates":[-75.052019,40.051024]},"properties":{"ward":56,"division":40,"precinct":"5640","placename":"VALMONT TOWERS CONDOS","street_address":"7600 ROOSEVELT BLVD","zip_code":"19152","accessibility_code":"F","parking_code":"L","gdb_geomattr_data":null,"objectid":1409}},{"type":"Feature","geometry":{"type":"Point","coordinates":[-75.038998,40.076711]},"properties":{"ward":56,"division":41,"precinct":"5641","placename":"AMERICAN LEGION POST 810","street_address":"9151 OLD NEWTOWN RD","zip_code":"19115","accessibility_code":"F","parking_code":"H","gdb_geomattr_data":null,"objectid":1410}},{"type":"Feature","geometry":{"type":"Point","coordinates":[-75.009041,40.056298]},"properties":{"ward":57,"division":1,"precinct":"5701","placename":"PENN CRISP GYM","street_address":"9151 ACADEMY RD","zip_code":"19114","accessibility_code":"M","parking_code":"L","gdb_geomattr_data":null,"objectid":1411}},{"type":"Feature","geometry":{"type":"Point","coordinates":[-75.006467,40.071042]},"properties":{"ward":57,"division":2,"precinct":"5702","placename":"AVIATION INSTITUTE","street_address":"3001 GRANT AVE","zip_code":"19114","accessibility_code":"F","parking_code":"L","gdb_geomattr_data":null,"objectid":1412}},{"type":"Feature","geometry":{"type":"Point","coordinates":[-75.015103,40.051403]},"properties":{"ward":57,"division":3,"precinct":"5703","placename":"PENNYPACK WOODS HOMES ASSOCIATION","street_address":"8724 CRISPIN ST","zip_code":"19136","accessibility_code":"F","parking_code":"H","gdb_geomattr_data":null,"objectid":1413}},{"type":"Feature","geometry":{"type":"Point","coordinates":[-75.031015,40.076313]},"properties":{"ward":57,"division":4,"precinct":"5704","placename":"WELSH RD BRANCH LIBRARY","street_address":"9233 ROOSEVELT BLVD","zip_code":"19114","accessibility_code":"F","parking_code":"L","gdb_geomattr_data":null,"objectid":1414}},{"type":"Feature","geometry":{"type":"Point","coordinates":[-75.032592,40.074216]},"properties":{"ward":57,"division":5,"precinct":"5705","placename":"WELSH RD BRANCH LIBRARY","street_address":"9233 ROOSEVELT BLVD","zip_code":"19114","accessibility_code":"F","parking_code":"L","gdb_geomattr_data":null,"objectid":1415}},{"type":"Feature","geometry":{"type":"Point","coordinates":[-75.030981,40.0763]},"properties":{"ward":57,"division":6,"precinct":"5706","placename":"WELSH RD BRANCH LIBRARY","street_address":"9233 ROOSEVELT BLVD","zip_code":"19114","accessibility_code":"F","parking_code":"L","gdb_geomattr_data":null,"objectid":1416}},{"type":"Feature","geometry":{"type":"Point","coordinates":[-75.029763,40.069213]},"properties":{"ward":57,"division":7,"precinct":"5707","placename":"THE ATRIUM APARTMENTS","street_address":"2555 WELSH RD","zip_code":"19114","accessibility_code":"M","parking_code":"N","gdb_geomattr_data":null,"objectid":1417}},{"type":"Feature","geometry":{"type":"Point","coordinates":[-75.027723,40.05991]},"properties":{"ward":57,"division":8,"precinct":"5708","placename":"POLLOCK SCHOOL","street_address":"2875 WELSH RD","zip_code":"19152","accessibility_code":"A","parking_code":"L","gdb_geomattr_data":null,"objectid":1418}},{"type":"Feature","geometry":{"type":"Point","coordinates":[-75.027723,40.059914]},"properties":{"ward":57,"division":9,"precinct":"5709","placename":"POLLOCK SCHOOL","street_address":"2875 WELSH RD","zip_code":"19152","accessibility_code":"A","parking_code":"L","gdb_geomattr_data":null,"objectid":1419}},{"type":"Feature","geometry":{"type":"Point","coordinates":[-75.027728,40.059914]},"properties":{"ward":57,"division":10,"precinct":"5710","placename":"POLLOCK SCHOOL","street_address":"2875 WELSH RD","zip_code":"19152","accessibility_code":"A","parking_code":"L","gdb_geomattr_data":null,"objectid":1420}},{"type":"Feature","geometry":{"type":"Point","coordinates":[-75.009041,40.056298]},"properties":{"ward":57,"division":11,"precinct":"5711","placename":"PENN CRISP GYM","street_address":"9151 ACADEMY RD","zip_code":"19114","accessibility_code":"M","parking_code":"L","gdb_geomattr_data":null,"objectid":1421}},{"type":"Feature","geometry":{"type":"Point","coordinates":[-75.018946,40.057193]},"properties":{"ward":57,"division":12,"precinct":"5712","placename":"CRISPIN GARDENS MEETING ROOM","street_address":"8903 CONVENT AVE","zip_code":"19136","accessibility_code":"M","parking_code":"L","gdb_geomattr_data":null,"objectid":1422}},{"type":"Feature","geometry":{"type":"Point","coordinates":[-75.015098,40.051395]},"properties":{"ward":57,"division":13,"precinct":"5713","placename":"PENNYPACK WOODS HOMES ASSOCIATION","street_address":"8724 CRISPIN ST","zip_code":"19136","accessibility_code":"F","parking_code":"H","gdb_geomattr_data":null,"objectid":1423}},{"type":"Feature","geometry":{"type":"Point","coordinates":[-75.015092,40.051383]},"properties":{"ward":57,"division":14,"precinct":"5714","placename":"PENNYPACK WOODS HOMES ASSOCIATION","street_address":"8724 CRISPIN ST","zip_code":"19136","accessibility_code":"F","parking_code":"H","gdb_geomattr_data":null,"objectid":1424}},{"type":"Feature","geometry":{"type":"Point","coordinates":[-75.027723,40.059926]},"properties":{"ward":57,"division":15,"precinct":"5715","placename":"POLLOCK SCHOOL","street_address":"2875 WELSH RD","zip_code":"19152","accessibility_code":"A","parking_code":"L","gdb_geomattr_data":null,"objectid":1425}},{"type":"Feature","geometry":{"type":"Point","coordinates":[-75.009041,40.056298]},"properties":{"ward":57,"division":16,"precinct":"5716","placename":"PENN CRISP GYM","street_address":"9151 ACADEMY RD","zip_code":"19114","accessibility_code":"M","parking_code":"L","gdb_geomattr_data":null,"objectid":1426}},{"type":"Feature","geometry":{"type":"Point","coordinates":[-75.015084,40.051375]},"properties":{"ward":57,"division":17,"precinct":"5717","placename":"PENNYPACK WOODS HOMES ASSOCIATION","street_address":"8724 CRISPIN ST","zip_code":"19136","accessibility_code":"F","parking_code":"H","gdb_geomattr_data":null,"objectid":1427}},{"type":"Feature","geometry":{"type":"Point","coordinates":[-75.015091,40.05138]},"properties":{"ward":57,"division":18,"precinct":"5718","placename":"PENNYPACK WOODS HOMES ASSOCIATION","street_address":"8724 CRISPIN ST","zip_code":"19136","accessibility_code":"F","parking_code":"H","gdb_geomattr_data":null,"objectid":1428}},{"type":"Feature","geometry":{"type":"Point","coordinates":[-75.009041,40.056298]},"properties":{"ward":57,"division":19,"precinct":"5719","placename":"PENN CRISP GYM","street_address":"9151 ACADEMY RD","zip_code":"19114","accessibility_code":"M","parking_code":"L","gdb_geomattr_data":null,"objectid":1429}},{"type":"Feature","geometry":{"type":"Point","coordinates":[-75.027723,40.059914]},"properties":{"ward":57,"division":20,"precinct":"5720","placename":"POLLOCK SCHOOL","street_address":"2875 WELSH RD","zip_code":"19152","accessibility_code":"A","parking_code":"L","gdb_geomattr_data":null,"objectid":1430}},{"type":"Feature","geometry":{"type":"Point","coordinates":[-75.009041,40.056298]},"properties":{"ward":57,"division":21,"precinct":"5721","placename":"PENN CRISP GYM","street_address":"9151 ACADEMY RD","zip_code":"19114","accessibility_code":"M","parking_code":"L","gdb_geomattr_data":null,"objectid":1431}},{"type":"Feature","geometry":{"type":"Point","coordinates":[-74.998457,40.059414]},"properties":{"ward":57,"division":22,"precinct":"5722","placename":"TORRESDALE RECREATION CENTER","street_address":"9550 FRANKFORD AVE","zip_code":"19114","accessibility_code":"M","parking_code":"N","gdb_geomattr_data":null,"objectid":1432}},{"type":"Feature","geometry":{"type":"Point","coordinates":[-75.027723,40.059918]},"properties":{"ward":57,"division":23,"precinct":"5723","placename":"POLLOCK SCHOOL","street_address":"2875 WELSH RD","zip_code":"19152","accessibility_code":"A","parking_code":"L","gdb_geomattr_data":null,"objectid":1433}},{"type":"Feature","geometry":{"type":"Point","coordinates":[-75.006467,40.071042]},"properties":{"ward":57,"division":24,"precinct":"5724","placename":"AVIATION INSTITUTE","street_address":"3001 GRANT AVE","zip_code":"19114","accessibility_code":"F","parking_code":"L","gdb_geomattr_data":null,"objectid":1434}},{"type":"Feature","geometry":{"type":"Point","coordinates":[-75.006467,40.071042]},"properties":{"ward":57,"division":25,"precinct":"5725","placename":"AVIATION INSTITUTE","street_address":"3001 GRANT AVE","zip_code":"19114","accessibility_code":"F","parking_code":"L","gdb_geomattr_data":null,"objectid":1435}},{"type":"Feature","geometry":{"type":"Point","coordinates":[-75.027723,40.059914]},"properties":{"ward":57,"division":26,"precinct":"5726","placename":"POLLOCK SCHOOL","street_address":"2875 WELSH RD","zip_code":"19152","accessibility_code":"A","parking_code":"L","gdb_geomattr_data":null,"objectid":1436}},{"type":"Feature","geometry":{"type":"Point","coordinates":[-75.027734,40.059922]},"properties":{"ward":57,"division":27,"precinct":"5727","placename":"POLLOCK SCHOOL","street_address":"2875 WELSH RD","zip_code":"19152","accessibility_code":"A","parking_code":"L","gdb_geomattr_data":null,"objectid":1437}},{"type":"Feature","geometry":{"type":"Point","coordinates":[-75.015091,40.05138]},"properties":{"ward":57,"division":28,"precinct":"5728","placename":"PENNYPACK WOODS HOMES ASSOCIATION","street_address":"8724 CRISPIN ST","zip_code":"19136","accessibility_code":"F","parking_code":"H","gdb_geomattr_data":null,"objectid":1438}},{"type":"Feature","geometry":{"type":"Point","coordinates":[-75.026493,40.106649]},"properties":{"ward":58,"division":1,"precinct":"5801","placename":"WASHINGTON HIGH SCHOOL","street_address":"10175 BUSTLETON AVE","zip_code":"19116","accessibility_code":"M","parking_code":"L","gdb_geomattr_data":null,"objectid":1439}},{"type":"Feature","geometry":{"type":"Point","coordinates":[-75.023389,40.113974]},"properties":{"ward":58,"division":2,"precinct":"5802","placename":"LOESCHE SCHOOL","street_address":"595 TOMLINSON RD","zip_code":"19116","accessibility_code":"M","parking_code":"L","gdb_geomattr_data":null,"objectid":1440}},{"type":"Feature","geometry":{"type":"Point","coordinates":[-75.02349,40.089818]},"properties":{"ward":58,"division":3,"precinct":"5803","placename":"HAYES RECREATION CENTER","street_address":"9800 ROOSEVELT BLVD","zip_code":"19115","accessibility_code":"F","parking_code":"L","gdb_geomattr_data":null,"objectid":1441}},{"type":"Feature","geometry":{"type":"Point","coordinates":[-75.003042,40.124478]},"properties":{"ward":58,"division":4,"precinct":"5804","placename":"IMMANUEL LUTHERAN CHURCH","street_address":"13490 WORTHINGTON RD","zip_code":"19116","accessibility_code":"B","parking_code":"L","gdb_geomattr_data":null,"objectid":1442}},{"type":"Feature","geometry":{"type":"Point","coordinates":[-75.014068,40.126154]},"properties":{"ward":58,"division":5,"precinct":"5805","placename":"SOMERTON METHODIST CHURCH","street_address":"13073 BUSTLETON AVE","zip_code":"19116","accessibility_code":"A","parking_code":"L","gdb_geomattr_data":null,"objectid":1443}},{"type":"Feature","geometry":{"type":"Point","coordinates":[-75.02112,40.115096]},"properties":{"ward":58,"division":6,"precinct":"5806","placename":"PHILA KOREAN REFORM CHURCH","street_address":"11047 BUSTLETON AVE","zip_code":"19116","accessibility_code":"F","parking_code":"L","gdb_geomattr_data":null,"objectid":1444}},{"type":"Feature","geometry":{"type":"Point","coordinates":[-75.02112,40.115096]},"properties":{"ward":58,"division":7,"precinct":"5807","placename":"PHILA KOREAN REFORM CHURCH","street_address":"11047 BUSTLETON AVE","zip_code":"19116","accessibility_code":"F","parking_code":"L","gdb_geomattr_data":null,"objectid":1445}},{"type":"Feature","geometry":{"type":"Point","coordinates":[-75.026493,40.106649]},"properties":{"ward":58,"division":8,"precinct":"5808","placename":"WASHINGTON HIGH SCHOOL","street_address":"10175 BUSTLETON AVE","zip_code":"19116","accessibility_code":"M","parking_code":"L","gdb_geomattr_data":null,"objectid":1446}},{"type":"Feature","geometry":{"type":"Point","coordinates":[-75.051971,40.103449]},"properties":{"ward":58,"division":9,"precinct":"5809","placename":"ST THOMAS SYRO MALABAR CHURCH","street_address":"608 WELSH RD","zip_code":"19115","accessibility_code":"F","parking_code":"H","gdb_geomattr_data":null,"objectid":1447}},{"type":"Feature","geometry":{"type":"Point","coordinates":[-75.033804,40.100844]},"properties":{"ward":58,"division":10,"precinct":"5810","placename":"LACKMAN RECREATION CENTER","street_address":"1101 BARTLETT ST","zip_code":"19115","accessibility_code":"M","parking_code":"L","gdb_geomattr_data":null,"objectid":1448}},{"type":"Feature","geometry":{"type":"Point","coordinates":[-75.028497,40.08849]},"properties":{"ward":58,"division":11,"precinct":"5811","placename":"ANNE FRANK SCHOOL","street_address":"2000 BOWLER ST","zip_code":"19115","accessibility_code":"A","parking_code":"N","gdb_geomattr_data":null,"objectid":1449}},{"type":"Feature","geometry":{"type":"Point","coordinates":[-75.035823,40.119636]},"properties":{"ward":58,"division":12,"precinct":"5812","placename":"SYNAGOGUE [CONGREGATION BETH SOLOMON]","street_address":"198 TOMLINSON RD","zip_code":"19116","accessibility_code":"M","parking_code":"N","gdb_geomattr_data":null,"objectid":1450}},{"type":"Feature","geometry":{"type":"Point","coordinates":[-75.051971,40.103449]},"properties":{"ward":58,"division":13,"precinct":"5813","placename":"ST THOMAS SYRO MALABAR CHURCH","street_address":"608 WELSH RD","zip_code":"19115","accessibility_code":"F","parking_code":"H","gdb_geomattr_data":null,"objectid":1451}},{"type":"Feature","geometry":{"type":"Point","coordinates":[-75.028498,40.088491]},"properties":{"ward":58,"division":14,"precinct":"5814","placename":"ANNE FRANK SCHOOL","street_address":"2000 BOWLER ST","zip_code":"19115","accessibility_code":"A","parking_code":"N","gdb_geomattr_data":null,"objectid":1452}},{"type":"Feature","geometry":{"type":"Point","coordinates":[-75.026493,40.106649]},"properties":{"ward":58,"division":15,"precinct":"5815","placename":"WASHINGTON HIGH SCHOOL","street_address":"10175 BUSTLETON AVE","zip_code":"19116","accessibility_code":"M","parking_code":"L","gdb_geomattr_data":null,"objectid":1453}},{"type":"Feature","geometry":{"type":"Point","coordinates":[-75.033882,40.100766]},"properties":{"ward":58,"division":16,"precinct":"5816","placename":"LACKMAN RECREATION CENTER","street_address":"1101 BARTLETT ST","zip_code":"19115","accessibility_code":"M","parking_code":"L","gdb_geomattr_data":null,"objectid":1454}},{"type":"Feature","geometry":{"type":"Point","coordinates":[-75.051971,40.103449]},"properties":{"ward":58,"division":17,"precinct":"5817","placename":"ST THOMAS SYRO MALABAR CHURCH","street_address":"608 WELSH RD","zip_code":"19115","accessibility_code":"F","parking_code":"H","gdb_geomattr_data":null,"objectid":1455}},{"type":"Feature","geometry":{"type":"Point","coordinates":[-75.026493,40.106649]},"properties":{"ward":58,"division":18,"precinct":"5818","placename":"WASHINGTON HIGH SCHOOL","street_address":"10175 BUSTLETON AVE","zip_code":"19116","accessibility_code":"M","parking_code":"L","gdb_geomattr_data":null,"objectid":1456}},{"type":"Feature","geometry":{"type":"Point","coordinates":[-75.031451,40.096888]},"properties":{"ward":58,"division":19,"precinct":"5819","placename":"PAUL'S RUN RETIREMENT COMMUNITY","street_address":"9896 BUSTLETON AVE","zip_code":"19115","accessibility_code":"F","parking_code":"H","gdb_geomattr_data":null,"objectid":1457}},{"type":"Feature","geometry":{"type":"Point","coordinates":[-75.014004,40.126204]},"properties":{"ward":58,"division":20,"precinct":"5820","placename":"SOMERTON METHODIST CHURCH","street_address":"13073 BUSTLETON AVE","zip_code":"19116","accessibility_code":"A","parking_code":"L","gdb_geomattr_data":null,"objectid":1458}},{"type":"Feature","geometry":{"type":"Point","coordinates":[-75.014057,40.126129]},"properties":{"ward":58,"division":21,"precinct":"5821","placename":"SOMERTON METHODIST CHURCH","street_address":"13073 BUSTLETON AVE","zip_code":"19116","accessibility_code":"A","parking_code":"L","gdb_geomattr_data":null,"objectid":1459}},{"type":"Feature","geometry":{"type":"Point","coordinates":[-75.005297,40.11994]},"properties":{"ward":58,"division":22,"precinct":"5822","placename":"FELLOWSHIP BIBLE CHURCH","street_address":"13021 WORTHINGTON RD","zip_code":"19116","accessibility_code":"M","parking_code":"L","gdb_geomattr_data":null,"objectid":1460}},{"type":"Feature","geometry":{"type":"Point","coordinates":[-75.02349,40.089818]},"properties":{"ward":58,"division":23,"precinct":"5823","placename":"HAYES RECREATION CENTER","street_address":"9800 ROOSEVELT BLVD","zip_code":"19115","accessibility_code":"F","parking_code":"L","gdb_geomattr_data":null,"objectid":1461}},{"type":"Feature","geometry":{"type":"Point","coordinates":[-74.996866,40.120962]},"properties":{"ward":58,"division":24,"precinct":"5824","placename":"SOMERTON YOUTH ORGANIZATION","street_address":"1400 SOUTHAMPTON RD","zip_code":"19116","accessibility_code":"F","parking_code":"L","gdb_geomattr_data":null,"objectid":1462}},{"type":"Feature","geometry":{"type":"Point","coordinates":[-75.014051,40.126181]},"properties":{"ward":58,"division":25,"precinct":"5825","placename":"SOMERTON METHODIST CHURCH","street_address":"13073 BUSTLETON AVE","zip_code":"19116","accessibility_code":"A","parking_code":"L","gdb_geomattr_data":null,"objectid":1463}},{"type":"Feature","geometry":{"type":"Point","coordinates":[-75.033886,40.100767]},"properties":{"ward":58,"division":26,"precinct":"5826","placename":"LACKMAN RECREATION CENTER","street_address":"1101 BARTLETT ST","zip_code":"19115","accessibility_code":"M","parking_code":"L","gdb_geomattr_data":null,"objectid":1464}},{"type":"Feature","geometry":{"type":"Point","coordinates":[-75.028498,40.088491]},"properties":{"ward":58,"division":27,"precinct":"5827","placename":"ANNE FRANK SCHOOL","street_address":"2000 BOWLER ST","zip_code":"19115","accessibility_code":"A","parking_code":"N","gdb_geomattr_data":null,"objectid":1465}},{"type":"Feature","geometry":{"type":"Point","coordinates":[-75.028498,40.088491]},"properties":{"ward":58,"division":28,"precinct":"5828","placename":"ANNE FRANK SCHOOL","street_address":"2000 BOWLER ST","zip_code":"19115","accessibility_code":"A","parking_code":"N","gdb_geomattr_data":null,"objectid":1466}},{"type":"Feature","geometry":{"type":"Point","coordinates":[-74.996866,40.120962]},"properties":{"ward":58,"division":29,"precinct":"5829","placename":"SOMERTON YOUTH ORGANIZATION","street_address":"1400 SOUTHAMPTON RD","zip_code":"19116","accessibility_code":"F","parking_code":"L","gdb_geomattr_data":null,"objectid":1467}},{"type":"Feature","geometry":{"type":"Point","coordinates":[-75.02349,40.089818]},"properties":{"ward":58,"division":30,"precinct":"5830","placename":"HAYES RECREATION CENTER","street_address":"9800 ROOSEVELT BLVD","zip_code":"19115","accessibility_code":"F","parking_code":"L","gdb_geomattr_data":null,"objectid":1468}},{"type":"Feature","geometry":{"type":"Point","coordinates":[-75.02349,40.089818]},"properties":{"ward":58,"division":31,"precinct":"5831","placename":"HAYES RECREATION CENTER","street_address":"9800 ROOSEVELT BLVD","zip_code":"19115","accessibility_code":"F","parking_code":"L","gdb_geomattr_data":null,"objectid":1469}},{"type":"Feature","geometry":{"type":"Point","coordinates":[-75.023404,40.11397]},"properties":{"ward":58,"division":32,"precinct":"5832","placename":"LOESCHE SCHOOL","street_address":"595 TOMLINSON RD","zip_code":"19116","accessibility_code":"M","parking_code":"L","gdb_geomattr_data":null,"objectid":1470}},{"type":"Feature","geometry":{"type":"Point","coordinates":[-75.035818,40.119636]},"properties":{"ward":58,"division":33,"precinct":"5833","placename":"SYNAGOGUE [CONGREGATION BETH SOLOMON]","street_address":"198 TOMLINSON RD","zip_code":"19116","accessibility_code":"M","parking_code":"N","gdb_geomattr_data":null,"objectid":1471}},{"type":"Feature","geometry":{"type":"Point","coordinates":[-75.035818,40.119636]},"properties":{"ward":58,"division":34,"precinct":"5834","placename":"SYNAGOGUE [CONGREGATION BETH SOLOMON]","street_address":"198 TOMLINSON RD","zip_code":"19116","accessibility_code":"M","parking_code":"N","gdb_geomattr_data":null,"objectid":1472}},{"type":"Feature","geometry":{"type":"Point","coordinates":[-75.009192,40.121311]},"properties":{"ward":58,"division":35,"precinct":"5835","placename":"COMLY SCHOOL","street_address":"1001 BYBERRY RD","zip_code":"19116","accessibility_code":"F","parking_code":"L","gdb_geomattr_data":null,"objectid":1473}},{"type":"Feature","geometry":{"type":"Point","coordinates":[-75.026493,40.106649]},"properties":{"ward":58,"division":36,"precinct":"5836","placename":"WASHINGTON HIGH SCHOOL","street_address":"10175 BUSTLETON AVE","zip_code":"19116","accessibility_code":"M","parking_code":"L","gdb_geomattr_data":null,"objectid":1474}},{"type":"Feature","geometry":{"type":"Point","coordinates":[-75.023409,40.11397]},"properties":{"ward":58,"division":37,"precinct":"5837","placename":"LOESCHE SCHOOL","street_address":"595 TOMLINSON RD","zip_code":"19116","accessibility_code":"M","parking_code":"L","gdb_geomattr_data":null,"objectid":1475}},{"type":"Feature","geometry":{"type":"Point","coordinates":[-75.035821,40.119637]},"properties":{"ward":58,"division":38,"precinct":"5838","placename":"SYNAGOGUE [CONGREGATION BETH SOLOMON]","street_address":"198 TOMLINSON RD","zip_code":"19116","accessibility_code":"M","parking_code":"N","gdb_geomattr_data":null,"objectid":1476}},{"type":"Feature","geometry":{"type":"Point","coordinates":[-75.005297,40.11994]},"properties":{"ward":58,"division":39,"precinct":"5839","placename":"FELLOWSHIP BIBLE CHURCH","street_address":"13021 WORTHINGTON RD","zip_code":"19116","accessibility_code":"M","parking_code":"L","gdb_geomattr_data":null,"objectid":1477}},{"type":"Feature","geometry":{"type":"Point","coordinates":[-75.014026,40.126146]},"properties":{"ward":58,"division":40,"precinct":"5840","placename":"SOMERTON METHODIST CHURCH","street_address":"13073 BUSTLETON AVE","zip_code":"19116","accessibility_code":"A","parking_code":"L","gdb_geomattr_data":null,"objectid":1478}},{"type":"Feature","geometry":{"type":"Point","coordinates":[-75.003042,40.124478]},"properties":{"ward":58,"division":41,"precinct":"5841","placename":"IMMANUEL LUTHERAN CHURCH","street_address":"13490 WORTHINGTON RD","zip_code":"19116","accessibility_code":"B","parking_code":"L","gdb_geomattr_data":null,"objectid":1479}},{"type":"Feature","geometry":{"type":"Point","coordinates":[-75.028498,40.088491]},"properties":{"ward":58,"division":42,"precinct":"5842","placename":"ANNE FRANK SCHOOL","street_address":"2000 BOWLER ST","zip_code":"19115","accessibility_code":"A","parking_code":"N","gdb_geomattr_data":null,"objectid":1480}},{"type":"Feature","geometry":{"type":"Point","coordinates":[-75.023402,40.113976]},"properties":{"ward":58,"division":43,"precinct":"5843","placename":"LOESCHE SCHOOL","street_address":"595 TOMLINSON RD","zip_code":"19116","accessibility_code":"M","parking_code":"L","gdb_geomattr_data":null,"objectid":1481}},{"type":"Feature","geometry":{"type":"Point","coordinates":[-75.026493,40.106649]},"properties":{"ward":58,"division":44,"precinct":"5844","placename":"WASHINGTON HIGH SCHOOL","street_address":"10175 BUSTLETON AVE","zip_code":"19116","accessibility_code":"M","parking_code":"L","gdb_geomattr_data":null,"objectid":1482}},{"type":"Feature","geometry":{"type":"Point","coordinates":[-75.161181,40.056289]},"properties":{"ward":59,"division":1,"precinct":"5901","placename":"M L KING HIGH SCHOOL","street_address":"6100 STENTON AVE","zip_code":"19138","accessibility_code":"F","parking_code":"L","gdb_geomattr_data":null,"objectid":1483}},{"type":"Feature","geometry":{"type":"Point","coordinates":[-75.165403,40.053816]},"properties":{"ward":59,"division":2,"precinct":"5902","placename":"AWBURY RECREATION CENTER","street_address":"6101 ARDLEIGH ST","zip_code":"19138","accessibility_code":"F","parking_code":"L","gdb_geomattr_data":null,"objectid":1484}},{"type":"Feature","geometry":{"type":"Point","coordinates":[-75.161181,40.056289]},"properties":{"ward":59,"division":3,"precinct":"5903","placename":"M L KING HIGH SCHOOL","street_address":"6100 STENTON AVE","zip_code":"19138","accessibility_code":"F","parking_code":"L","gdb_geomattr_data":null,"objectid":1485}},{"type":"Feature","geometry":{"type":"Point","coordinates":[-75.165403,40.053816]},"properties":{"ward":59,"division":4,"precinct":"5904","placename":"AWBURY RECREATION CENTER","street_address":"6101 ARDLEIGH ST","zip_code":"19138","accessibility_code":"F","parking_code":"L","gdb_geomattr_data":null,"objectid":1486}},{"type":"Feature","geometry":{"type":"Point","coordinates":[-75.174024,40.03838]},"properties":{"ward":59,"division":5,"precinct":"5905","placename":"FACE TO FACE","street_address":"123 E PRICE ST","zip_code":"19144","accessibility_code":"M","parking_code":"H","gdb_geomattr_data":null,"objectid":1487}},{"type":"Feature","geometry":{"type":"Point","coordinates":[-75.17301,40.043465]},"properties":{"ward":59,"division":6,"precinct":"5906","placename":"MORTON HOMES (PHA)","street_address":"5920 MORTON ST","zip_code":"19144","accessibility_code":"M","parking_code":"L","gdb_geomattr_data":null,"objectid":1488}},{"type":"Feature","geometry":{"type":"Point","coordinates":[-75.17301,40.043465]},"properties":{"ward":59,"division":7,"precinct":"5907","placename":"MORTON HOMES (PHA)","street_address":"5920 MORTON ST","zip_code":"19144","accessibility_code":"M","parking_code":"L","gdb_geomattr_data":null,"objectid":1489}},{"type":"Feature","geometry":{"type":"Point","coordinates":[-75.17301,40.043465]},"properties":{"ward":59,"division":8,"precinct":"5908","placename":"MORTON HOMES (PHA)","street_address":"5920 MORTON ST","zip_code":"19144","accessibility_code":"M","parking_code":"L","gdb_geomattr_data":null,"objectid":1490}},{"type":"Feature","geometry":{"type":"Point","coordinates":[-75.174034,40.038378]},"properties":{"ward":59,"division":9,"precinct":"5909","placename":"FACE TO FACE","street_address":"123 E PRICE ST","zip_code":"19144","accessibility_code":"M","parking_code":"H","gdb_geomattr_data":null,"objectid":1491}},{"type":"Feature","geometry":{"type":"Point","coordinates":[-75.179592,40.048084]},"properties":{"ward":59,"division":10,"precinct":"5910","placename":"MALLERY RECREATION CENTER","street_address":"100 E JOHNSON ST","zip_code":"19144","accessibility_code":"F","parking_code":"L","gdb_geomattr_data":null,"objectid":1492}},{"type":"Feature","geometry":{"type":"Point","coordinates":[-75.179592,40.048084]},"properties":{"ward":59,"division":11,"precinct":"5911","placename":"MALLERY RECREATION CENTER","street_address":"100 E JOHNSON ST","zip_code":"19144","accessibility_code":"F","parking_code":"L","gdb_geomattr_data":null,"objectid":1493}},{"type":"Feature","geometry":{"type":"Point","coordinates":[-75.179592,40.048084]},"properties":{"ward":59,"division":12,"precinct":"5912","placename":"MALLERY RECREATION CENTER","street_address":"100 E JOHNSON ST","zip_code":"19144","accessibility_code":"F","parking_code":"L","gdb_geomattr_data":null,"objectid":1494}},{"type":"Feature","geometry":{"type":"Point","coordinates":[-75.179592,40.048084]},"properties":{"ward":59,"division":13,"precinct":"5913","placename":"MALLERY RECREATION CENTER","street_address":"100 E JOHNSON ST","zip_code":"19144","accessibility_code":"F","parking_code":"L","gdb_geomattr_data":null,"objectid":1495}},{"type":"Feature","geometry":{"type":"Point","coordinates":[-75.179592,40.048084]},"properties":{"ward":59,"division":14,"precinct":"5914","placename":"MALLERY RECREATION CENTER","street_address":"100 E JOHNSON ST","zip_code":"19144","accessibility_code":"F","parking_code":"L","gdb_geomattr_data":null,"objectid":1496}},{"type":"Feature","geometry":{"type":"Point","coordinates":[-75.177929,40.040351]},"properties":{"ward":59,"division":15,"precinct":"5915","placename":"FIRST UNITED METHODIST CHURCH","street_address":"6001 GERMANTOWN AVE","zip_code":"19144","accessibility_code":"F","parking_code":"L","gdb_geomattr_data":null,"objectid":1497}},{"type":"Feature","geometry":{"type":"Point","coordinates":[-75.174036,40.038383]},"properties":{"ward":59,"division":16,"precinct":"5916","placename":"FACE TO FACE","street_address":"123 E PRICE ST","zip_code":"19144","accessibility_code":"M","parking_code":"H","gdb_geomattr_data":null,"objectid":1498}},{"type":"Feature","geometry":{"type":"Point","coordinates":[-75.180927,40.032145]},"properties":{"ward":59,"division":17,"precinct":"5917","placename":"MASTERY PICKETT CHARTER SCHOOL","street_address":"5700 WAYNE AVE","zip_code":"19144","accessibility_code":"M","parking_code":"H","gdb_geomattr_data":null,"objectid":1499}},{"type":"Feature","geometry":{"type":"Point","coordinates":[-75.189967,40.037732]},"properties":{"ward":59,"division":18,"precinct":"5918","placename":"LINGELBACH SCHOOL","street_address":"6340 WAYNE AVE","zip_code":"19144","accessibility_code":"F","parking_code":"L","gdb_geomattr_data":null,"objectid":1500}},{"type":"Feature","geometry":{"type":"Point","coordinates":[-75.180925,40.03214]},"properties":{"ward":59,"division":19,"precinct":"5919","placename":"MASTERY PICKETT CHARTER SCHOOL","street_address":"5700 WAYNE AVE","zip_code":"19144","accessibility_code":"M","parking_code":"H","gdb_geomattr_data":null,"objectid":1501}},{"type":"Feature","geometry":{"type":"Point","coordinates":[-75.186439,40.031603]},"properties":{"ward":59,"division":20,"precinct":"5920","placename":"RITTENHOUSE HILL APARTMENTS","street_address":"633 W RITTENHOUSE ST","zip_code":"19144","accessibility_code":"F","parking_code":"H","gdb_geomattr_data":null,"objectid":1502}},{"type":"Feature","geometry":{"type":"Point","coordinates":[-75.185717,40.039468]},"properties":{"ward":59,"division":21,"precinct":"5921","placename":"WESLEY ENHANCED LIVING AT STAPELEY","street_address":"6300 GREENE ST","zip_code":"19144","accessibility_code":"F","parking_code":"H","gdb_geomattr_data":null,"objectid":1503}},{"type":"Feature","geometry":{"type":"Point","coordinates":[-75.177929,40.040351]},"properties":{"ward":59,"division":22,"precinct":"5922","placename":"FIRST UNITED METHODIST CHURCH","street_address":"6001 GERMANTOWN AVE","zip_code":"19144","accessibility_code":"F","parking_code":"L","gdb_geomattr_data":null,"objectid":1504}},{"type":"Feature","geometry":{"type":"Point","coordinates":[-75.181765,40.043195]},"properties":{"ward":59,"division":23,"precinct":"5923","placename":"GERMANTOWN MENNONITE CHURCH","street_address":"21 W WASHINGTON LN","zip_code":"19144","accessibility_code":"M","parking_code":"L","gdb_geomattr_data":null,"objectid":1505}},{"type":"Feature","geometry":{"type":"Point","coordinates":[-75.182992,40.045845]},"properties":{"ward":59,"division":24,"precinct":"5924","placename":"GRACE BAPTIST CHURCH OF GERMANTOWN","street_address":"25 W JOHNSON ST","zip_code":"19144","accessibility_code":"M","parking_code":"L","gdb_geomattr_data":null,"objectid":1506}},{"type":"Feature","geometry":{"type":"Point","coordinates":[-75.185775,40.039448]},"properties":{"ward":59,"division":25,"precinct":"5925","placename":"WESLEY ENHANCED LIVING AT STAPELEY","street_address":"6300 GREENE ST","zip_code":"19144","accessibility_code":"F","parking_code":"H","gdb_geomattr_data":null,"objectid":1507}},{"type":"Feature","geometry":{"type":"Point","coordinates":[-75.219834,39.958809]},"properties":{"ward":60,"division":1,"precinct":"6001","placename":"WEST PHILA HIGH SCHOOL","street_address":"4901 CHESTNUT ST","zip_code":"19139","accessibility_code":"F","parking_code":"H","gdb_geomattr_data":null,"objectid":1508}},{"type":"Feature","geometry":{"type":"Point","coordinates":[-75.219834,39.958809]},"properties":{"ward":60,"division":2,"precinct":"6002","placename":"WEST PHILA HIGH SCHOOL","street_address":"4901 CHESTNUT ST","zip_code":"19139","accessibility_code":"F","parking_code":"H","gdb_geomattr_data":null,"objectid":1509}},{"type":"Feature","geometry":{"type":"Point","coordinates":[-75.225137,39.957817]},"properties":{"ward":60,"division":3,"precinct":"6003","placename":"BLACKWELL BRANCH LIBRARY","street_address":"125 S 52ND ST","zip_code":"19139","accessibility_code":"F","parking_code":"N","gdb_geomattr_data":null,"objectid":1510}},{"type":"Feature","geometry":{"type":"Point","coordinates":[-75.230586,39.959998]},"properties":{"ward":60,"division":4,"precinct":"6004","placename":"HOLMES SENIOR APARTMENTS","street_address":"5429 CHESTNUT ST","zip_code":"19139","accessibility_code":"F","parking_code":"H","gdb_geomattr_data":null,"objectid":1511}},{"type":"Feature","geometry":{"type":"Point","coordinates":[-75.224403,39.958319]},"properties":{"ward":60,"division":5,"precinct":"6005","placename":"WEST PHILA YMCA","street_address":"5120 CHESTNUT ST","zip_code":"19139","accessibility_code":"M","parking_code":"H","gdb_geomattr_data":null,"objectid":1512}},{"type":"Feature","geometry":{"type":"Point","coordinates":[-75.230586,39.959992]},"properties":{"ward":60,"division":6,"precinct":"6006","placename":"HOLMES SENIOR APARTMENTS","street_address":"5429 CHESTNUT ST","zip_code":"19139","accessibility_code":"F","parking_code":"H","gdb_geomattr_data":null,"objectid":1513}},{"type":"Feature","geometry":{"type":"Point","coordinates":[-75.238679,39.95863]},"properties":{"ward":60,"division":7,"precinct":"6007","placename":"SAYRE SCHOOL","street_address":"5800 WALNUT ST","zip_code":"19139","accessibility_code":"M","parking_code":"L","gdb_geomattr_data":null,"objectid":1514}},{"type":"Feature","geometry":{"type":"Point","coordinates":[-75.219834,39.958809]},"properties":{"ward":60,"division":8,"precinct":"6008","placename":"WEST PHILA HIGH SCHOOL","street_address":"4901 CHESTNUT ST","zip_code":"19139","accessibility_code":"F","parking_code":"H","gdb_geomattr_data":null,"objectid":1515}},{"type":"Feature","geometry":{"type":"Point","coordinates":[-75.223292,39.954346]},"properties":{"ward":60,"division":9,"precinct":"6009","placename":"LIGHT OF ELMWOOD LODGE # 45","street_address":"5026 SPRUCE ST","zip_code":"19139","accessibility_code":"M","parking_code":"H","gdb_geomattr_data":null,"objectid":1516}},{"type":"Feature","geometry":{"type":"Point","coordinates":[-75.227015,39.953784]},"properties":{"ward":60,"division":10,"precinct":"6010","placename":"GLOBAL LEADERSHIP ACADEMY SOUTHWEST","street_address":"5200 PINE ST","zip_code":"19143","accessibility_code":"A","parking_code":"L","gdb_geomattr_data":null,"objectid":1517}},{"type":"Feature","geometry":{"type":"Point","coordinates":[-75.227015,39.953784]},"properties":{"ward":60,"division":11,"precinct":"6011","placename":"GLOBAL LEADERSHIP ACADEMY SOUTHWEST","street_address":"5200 PINE ST","zip_code":"19143","accessibility_code":"A","parking_code":"L","gdb_geomattr_data":null,"objectid":1518}},{"type":"Feature","geometry":{"type":"Point","coordinates":[-75.219834,39.958809]},"properties":{"ward":60,"division":12,"precinct":"6012","placename":"WEST PHILA HIGH SCHOOL","street_address":"4901 CHESTNUT ST","zip_code":"19139","accessibility_code":"F","parking_code":"H","gdb_geomattr_data":null,"objectid":1519}},{"type":"Feature","geometry":{"type":"Point","coordinates":[-75.225774,39.955754]},"properties":{"ward":60,"division":13,"precinct":"6013","placename":"BARBER SHOP [259 S 52ND ST]","street_address":"259 S 52ND ST","zip_code":"19139","accessibility_code":"R","parking_code":"L","gdb_geomattr_data":null,"objectid":1520}},{"type":"Feature","geometry":{"type":"Point","coordinates":[-75.225134,39.957817]},"properties":{"ward":60,"division":14,"precinct":"6014","placename":"BLACKWELL BRANCH LIBRARY","street_address":"125 S 52ND ST","zip_code":"19139","accessibility_code":"F","parking_code":"N","gdb_geomattr_data":null,"objectid":1521}},{"type":"Feature","geometry":{"type":"Point","coordinates":[-75.227015,39.953784]},"properties":{"ward":60,"division":15,"precinct":"6015","placename":"GLOBAL LEADERSHIP ACADEMY SOUTHWEST","street_address":"5200 PINE ST","zip_code":"19143","accessibility_code":"A","parking_code":"L","gdb_geomattr_data":null,"objectid":1522}},{"type":"Feature","geometry":{"type":"Point","coordinates":[-75.227015,39.953784]},"properties":{"ward":60,"division":16,"precinct":"6016","placename":"GLOBAL LEADERSHIP ACADEMY SOUTHWEST","street_address":"5200 PINE ST","zip_code":"19143","accessibility_code":"A","parking_code":"L","gdb_geomattr_data":null,"objectid":1523}},{"type":"Feature","geometry":{"type":"Point","coordinates":[-75.23555,39.956028]},"properties":{"ward":60,"division":17,"precinct":"6017","placename":"HAMILTON SCHOOL","street_address":"5640 SPRUCE ST","zip_code":"19139","accessibility_code":"M","parking_code":"L","gdb_geomattr_data":null,"objectid":1524}},{"type":"Feature","geometry":{"type":"Point","coordinates":[-75.23555,39.956028]},"properties":{"ward":60,"division":18,"precinct":"6018","placename":"HAMILTON SCHOOL","street_address":"5640 SPRUCE ST","zip_code":"19139","accessibility_code":"M","parking_code":"L","gdb_geomattr_data":null,"objectid":1525}},{"type":"Feature","geometry":{"type":"Point","coordinates":[-75.238679,39.95863]},"properties":{"ward":60,"division":19,"precinct":"6019","placename":"SAYRE SCHOOL","street_address":"5800 WALNUT ST","zip_code":"19139","accessibility_code":"M","parking_code":"L","gdb_geomattr_data":null,"objectid":1526}},{"type":"Feature","geometry":{"type":"Point","coordinates":[-75.23555,39.956028]},"properties":{"ward":60,"division":20,"precinct":"6020","placename":"HAMILTON SCHOOL","street_address":"5640 SPRUCE ST","zip_code":"19139","accessibility_code":"M","parking_code":"L","gdb_geomattr_data":null,"objectid":1527}},{"type":"Feature","geometry":{"type":"Point","coordinates":[-75.238827,39.956726]},"properties":{"ward":60,"division":21,"precinct":"6021","placename":"MORRIS RECREATION CENTER","street_address":"5835 SPRUCE ST","zip_code":"19139","accessibility_code":"A","parking_code":"L","gdb_geomattr_data":null,"objectid":1528}},{"type":"Feature","geometry":{"type":"Point","coordinates":[-75.239648,39.956859]},"properties":{"ward":60,"division":22,"precinct":"6022","placename":"TABERNACLE LUTHERAN CHURCH","street_address":"5843 SPRUCE ST","zip_code":"19139","accessibility_code":"M","parking_code":"N","gdb_geomattr_data":null,"objectid":1529}},{"type":"Feature","geometry":{"type":"Point","coordinates":[-75.219834,39.958809]},"properties":{"ward":60,"division":23,"precinct":"6023","placename":"WEST PHILA HIGH SCHOOL","street_address":"4901 CHESTNUT ST","zip_code":"19139","accessibility_code":"F","parking_code":"H","gdb_geomattr_data":null,"objectid":1530}},{"type":"Feature","geometry":{"type":"Point","coordinates":[-75.129096,40.041027]},"properties":{"ward":61,"division":1,"precinct":"6101","placename":"LOWELL SCHOOL","street_address":"450 W NEDRO AVE","zip_code":"19120","accessibility_code":"M","parking_code":"N","gdb_geomattr_data":null,"objectid":1531}},{"type":"Feature","geometry":{"type":"Point","coordinates":[-75.129088,40.041035]},"properties":{"ward":61,"division":2,"precinct":"6102","placename":"LOWELL SCHOOL","street_address":"450 W NEDRO AVE","zip_code":"19120","accessibility_code":"M","parking_code":"N","gdb_geomattr_data":null,"objectid":1532}},{"type":"Feature","geometry":{"type":"Point","coordinates":[-75.129081,40.041032]},"properties":{"ward":61,"division":3,"precinct":"6103","placename":"LOWELL SCHOOL","street_address":"450 W NEDRO AVE","zip_code":"19120","accessibility_code":"M","parking_code":"N","gdb_geomattr_data":null,"objectid":1533}},{"type":"Feature","geometry":{"type":"Point","coordinates":[-75.129092,40.041027]},"properties":{"ward":61,"division":4,"precinct":"6104","placename":"LOWELL SCHOOL","street_address":"450 W NEDRO AVE","zip_code":"19120","accessibility_code":"M","parking_code":"N","gdb_geomattr_data":null,"objectid":1534}},{"type":"Feature","geometry":{"type":"Point","coordinates":[-75.118164,40.035728]},"properties":{"ward":61,"division":5,"precinct":"6105","placename":"GROVER WASHINGTON SCHOOL","street_address":"201 E OLNEY AVE","zip_code":"19120","accessibility_code":"M","parking_code":"L","gdb_geomattr_data":null,"objectid":1535}},{"type":"Feature","geometry":{"type":"Point","coordinates":[-75.131465,40.043713]},"properties":{"ward":61,"division":6,"precinct":"6106","placename":"FISHER PARK RECREATION CENTER","street_address":"571 W SPENCER ST","zip_code":"19120","accessibility_code":"F","parking_code":"L","gdb_geomattr_data":null,"objectid":1536}},{"type":"Feature","geometry":{"type":"Point","coordinates":[-75.129088,40.041027]},"properties":{"ward":61,"division":7,"precinct":"6107","placename":"LOWELL SCHOOL","street_address":"450 W NEDRO AVE","zip_code":"19120","accessibility_code":"M","parking_code":"N","gdb_geomattr_data":null,"objectid":1537}},{"type":"Feature","geometry":{"type":"Point","coordinates":[-75.129081,40.04103]},"properties":{"ward":61,"division":8,"precinct":"6108","placename":"LOWELL SCHOOL","street_address":"450 W NEDRO AVE","zip_code":"19120","accessibility_code":"M","parking_code":"N","gdb_geomattr_data":null,"objectid":1538}},{"type":"Feature","geometry":{"type":"Point","coordinates":[-75.129085,40.041038]},"properties":{"ward":61,"division":9,"precinct":"6109","placename":"LOWELL SCHOOL","street_address":"450 W NEDRO AVE","zip_code":"19120","accessibility_code":"M","parking_code":"N","gdb_geomattr_data":null,"objectid":1539}},{"type":"Feature","geometry":{"type":"Point","coordinates":[-75.118165,40.035718]},"properties":{"ward":61,"division":10,"precinct":"6110","placename":"GROVER WASHINGTON SCHOOL","street_address":"201 E OLNEY AVE","zip_code":"19120","accessibility_code":"M","parking_code":"L","gdb_geomattr_data":null,"objectid":1540}},{"type":"Feature","geometry":{"type":"Point","coordinates":[-75.118161,40.035721]},"properties":{"ward":61,"division":11,"precinct":"6111","placename":"GROVER WASHINGTON SCHOOL","street_address":"201 E OLNEY AVE","zip_code":"19120","accessibility_code":"M","parking_code":"L","gdb_geomattr_data":null,"objectid":1541}},{"type":"Feature","geometry":{"type":"Point","coordinates":[-75.118232,40.035823]},"properties":{"ward":61,"division":12,"precinct":"6112","placename":"GROVER WASHINGTON SCHOOL","street_address":"201 E OLNEY AVE","zip_code":"19120","accessibility_code":"M","parking_code":"L","gdb_geomattr_data":null,"objectid":1542}},{"type":"Feature","geometry":{"type":"Point","coordinates":[-75.131465,40.043713]},"properties":{"ward":61,"division":13,"precinct":"6113","placename":"FISHER PARK RECREATION CENTER","street_address":"571 W SPENCER ST","zip_code":"19120","accessibility_code":"F","parking_code":"L","gdb_geomattr_data":null,"objectid":1543}},{"type":"Feature","geometry":{"type":"Point","coordinates":[-75.119399,40.04371]},"properties":{"ward":61,"division":14,"precinct":"6114","placename":"FINLETTER LITTLE SCHOOLHOUSE","street_address":"6101 N FRONT ST","zip_code":"19120","accessibility_code":"F","parking_code":"L","gdb_geomattr_data":null,"objectid":1544}},{"type":"Feature","geometry":{"type":"Point","coordinates":[-75.119395,40.043708]},"properties":{"ward":61,"division":15,"precinct":"6115","placename":"FINLETTER LITTLE SCHOOLHOUSE","street_address":"6101 N FRONT ST","zip_code":"19120","accessibility_code":"F","parking_code":"L","gdb_geomattr_data":null,"objectid":1545}},{"type":"Feature","geometry":{"type":"Point","coordinates":[-75.118234,40.035823]},"properties":{"ward":61,"division":16,"precinct":"6116","placename":"GROVER WASHINGTON SCHOOL","street_address":"201 E OLNEY AVE","zip_code":"19120","accessibility_code":"M","parking_code":"L","gdb_geomattr_data":null,"objectid":1546}},{"type":"Feature","geometry":{"type":"Point","coordinates":[-75.123693,40.049466]},"properties":{"ward":61,"division":17,"precinct":"6117","placename":"STURGIS RECREATION CENTER","street_address":"200 W 65TH AVE","zip_code":"19126","accessibility_code":"F","parking_code":"N","gdb_geomattr_data":null,"objectid":1547}},{"type":"Feature","geometry":{"type":"Point","coordinates":[-75.123693,40.049466]},"properties":{"ward":61,"division":18,"precinct":"6118","placename":"STURGIS RECREATION CENTER","street_address":"200 W 65TH AVE","zip_code":"19126","accessibility_code":"F","parking_code":"N","gdb_geomattr_data":null,"objectid":1548}},{"type":"Feature","geometry":{"type":"Point","coordinates":[-75.123693,40.049466]},"properties":{"ward":61,"division":19,"precinct":"6119","placename":"STURGIS RECREATION CENTER","street_address":"200 W 65TH AVE","zip_code":"19126","accessibility_code":"F","parking_code":"N","gdb_geomattr_data":null,"objectid":1549}},{"type":"Feature","geometry":{"type":"Point","coordinates":[-75.119399,40.043701]},"properties":{"ward":61,"division":20,"precinct":"6120","placename":"FINLETTER LITTLE SCHOOLHOUSE","street_address":"6101 N FRONT ST","zip_code":"19120","accessibility_code":"F","parking_code":"L","gdb_geomattr_data":null,"objectid":1550}},{"type":"Feature","geometry":{"type":"Point","coordinates":[-75.138602,40.055515]},"properties":{"ward":61,"division":21,"precinct":"6121","placename":"ELLWOOD SCHOOL","street_address":"6701 N 13TH ST","zip_code":"19126","accessibility_code":"M","parking_code":"L","gdb_geomattr_data":null,"objectid":1551}},{"type":"Feature","geometry":{"type":"Point","coordinates":[-75.139687,40.059325]},"properties":{"ward":61,"division":22,"precinct":"6122","placename":"PASSi - EVERGREEN CENTER","street_address":"6926 OLD YORK RD","zip_code":"19126","accessibility_code":"F","parking_code":"H","gdb_geomattr_data":null,"objectid":1552}},{"type":"Feature","geometry":{"type":"Point","coordinates":[-75.138633,40.055487]},"properties":{"ward":61,"division":23,"precinct":"6123","placename":"ELLWOOD SCHOOL","street_address":"6701 N 13TH ST","zip_code":"19126","accessibility_code":"M","parking_code":"L","gdb_geomattr_data":null,"objectid":1553}},{"type":"Feature","geometry":{"type":"Point","coordinates":[-75.138576,40.055453]},"properties":{"ward":61,"division":24,"precinct":"6124","placename":"ELLWOOD SCHOOL","street_address":"6701 N 13TH ST","zip_code":"19126","accessibility_code":"M","parking_code":"L","gdb_geomattr_data":null,"objectid":1554}},{"type":"Feature","geometry":{"type":"Point","coordinates":[-75.123693,40.049466]},"properties":{"ward":61,"division":25,"precinct":"6125","placename":"STURGIS RECREATION CENTER","street_address":"200 W 65TH AVE","zip_code":"19126","accessibility_code":"F","parking_code":"N","gdb_geomattr_data":null,"objectid":1555}},{"type":"Feature","geometry":{"type":"Point","coordinates":[-75.123693,40.049466]},"properties":{"ward":61,"division":26,"precinct":"6126","placename":"STURGIS RECREATION CENTER","street_address":"200 W 65TH AVE","zip_code":"19126","accessibility_code":"F","parking_code":"N","gdb_geomattr_data":null,"objectid":1556}},{"type":"Feature","geometry":{"type":"Point","coordinates":[-75.119394,40.043704]},"properties":{"ward":61,"division":27,"precinct":"6127","placename":"FINLETTER LITTLE SCHOOLHOUSE","street_address":"6101 N FRONT ST","zip_code":"19120","accessibility_code":"F","parking_code":"L","gdb_geomattr_data":null,"objectid":1557}},{"type":"Feature","geometry":{"type":"Point","coordinates":[-75.119394,40.043703]},"properties":{"ward":61,"division":28,"precinct":"6128","placename":"FINLETTER LITTLE SCHOOLHOUSE","street_address":"6101 N FRONT ST","zip_code":"19120","accessibility_code":"F","parking_code":"L","gdb_geomattr_data":null,"objectid":1558}},{"type":"Feature","geometry":{"type":"Point","coordinates":[-75.074355,40.013238]},"properties":{"ward":62,"division":1,"precinct":"6201","placename":"HARDING MIDDLE SCHOOL","street_address":"2000 WAKELING ST","zip_code":"19124","accessibility_code":"M","parking_code":"N","gdb_geomattr_data":null,"objectid":1559}},{"type":"Feature","geometry":{"type":"Point","coordinates":[-75.074355,40.013238]},"properties":{"ward":62,"division":2,"precinct":"6202","placename":"HARDING MIDDLE SCHOOL","street_address":"2000 WAKELING ST","zip_code":"19124","accessibility_code":"M","parking_code":"N","gdb_geomattr_data":null,"objectid":1560}},{"type":"Feature","geometry":{"type":"Point","coordinates":[-75.066957,40.017634]},"properties":{"ward":62,"division":3,"precinct":"6203","placename":"ST BART'S APARTMENTS","street_address":"5364 JACKSON ST","zip_code":"19124","accessibility_code":"M","parking_code":"H","gdb_geomattr_data":null,"objectid":1561}},{"type":"Feature","geometry":{"type":"Point","coordinates":[-75.073987,40.020064]},"properties":{"ward":62,"division":4,"precinct":"6204","placename":"MASTERY SMEDLEY CHARTER SCHOOL","street_address":"1790 BRIDGE ST","zip_code":"19124","accessibility_code":"A","parking_code":"L","gdb_geomattr_data":null,"objectid":1562}},{"type":"Feature","geometry":{"type":"Point","coordinates":[-75.063534,40.023103]},"properties":{"ward":62,"division":5,"precinct":"6205","placename":"JOHNNIE'S RESTAURANT","street_address":"4201 COMLY ST","zip_code":"19135","accessibility_code":"M","parking_code":"L","gdb_geomattr_data":null,"objectid":1563}},{"type":"Feature","geometry":{"type":"Point","coordinates":[-75.080444,40.021142]},"properties":{"ward":62,"division":6,"precinct":"6206","placename":"ARIA-JEFF HEALTH FRANKFORD","street_address":"5000 FRANKFORD AVE","zip_code":"19124","accessibility_code":"B","parking_code":"N","gdb_geomattr_data":null,"objectid":1564}},{"type":"Feature","geometry":{"type":"Point","coordinates":[-75.083845,40.023733]},"properties":{"ward":62,"division":7,"precinct":"6207","placename":"BY GRACE ALONE CHURCH","street_address":"1300 DYRE ST","zip_code":"19124","accessibility_code":"M","parking_code":"N","gdb_geomattr_data":null,"objectid":1565}},{"type":"Feature","geometry":{"type":"Point","coordinates":[-75.083847,40.023733]},"properties":{"ward":62,"division":8,"precinct":"6208","placename":"BY GRACE ALONE CHURCH","street_address":"1300 DYRE ST","zip_code":"19124","accessibility_code":"M","parking_code":"N","gdb_geomattr_data":null,"objectid":1566}},{"type":"Feature","geometry":{"type":"Point","coordinates":[-75.073987,40.020064]},"properties":{"ward":62,"division":9,"precinct":"6209","placename":"MASTERY SMEDLEY CHARTER SCHOOL","street_address":"1790 BRIDGE ST","zip_code":"19124","accessibility_code":"A","parking_code":"L","gdb_geomattr_data":null,"objectid":1567}},{"type":"Feature","geometry":{"type":"Point","coordinates":[-75.084785,40.030747]},"properties":{"ward":62,"division":10,"precinct":"6210","placename":"IN THE LIGHT CHURCH","street_address":"5411 OXFORD AVE","zip_code":"19124","accessibility_code":"F","parking_code":"N","gdb_geomattr_data":null,"objectid":1568}},{"type":"Feature","geometry":{"type":"Point","coordinates":[-75.084782,40.030747]},"properties":{"ward":62,"division":11,"precinct":"6211","placename":"IN THE LIGHT CHURCH","street_address":"5411 OXFORD AVE","zip_code":"19124","accessibility_code":"F","parking_code":"N","gdb_geomattr_data":null,"objectid":1569}},{"type":"Feature","geometry":{"type":"Point","coordinates":[-75.084785,40.030745]},"properties":{"ward":62,"division":12,"precinct":"6212","placename":"IN THE LIGHT CHURCH","street_address":"5411 OXFORD AVE","zip_code":"19124","accessibility_code":"F","parking_code":"N","gdb_geomattr_data":null,"objectid":1570}},{"type":"Feature","geometry":{"type":"Point","coordinates":[-75.070421,40.024763]},"properties":{"ward":62,"division":13,"precinct":"6213","placename":"WISSINOMING RECREATION CENTER","street_address":"5773 FRANKFORD AVE","zip_code":"19135","accessibility_code":"F","parking_code":"L","gdb_geomattr_data":null,"objectid":1571}},{"type":"Feature","geometry":{"type":"Point","coordinates":[-75.084785,40.030743]},"properties":{"ward":62,"division":14,"precinct":"6214","placename":"IN THE LIGHT CHURCH","street_address":"5411 OXFORD AVE","zip_code":"19124","accessibility_code":"F","parking_code":"N","gdb_geomattr_data":null,"objectid":1572}},{"type":"Feature","geometry":{"type":"Point","coordinates":[-75.075164,40.030419]},"properties":{"ward":62,"division":15,"precinct":"6215","placename":"ZIEGLER SCHOOL","street_address":"5935 SAUL ST","zip_code":"19149","accessibility_code":"M","parking_code":"L","gdb_geomattr_data":null,"objectid":1573}},{"type":"Feature","geometry":{"type":"Point","coordinates":[-75.075157,40.030424]},"properties":{"ward":62,"division":16,"precinct":"6216","placename":"ZIEGLER SCHOOL","street_address":"5935 SAUL ST","zip_code":"19149","accessibility_code":"M","parking_code":"L","gdb_geomattr_data":null,"objectid":1574}},{"type":"Feature","geometry":{"type":"Point","coordinates":[-75.058793,40.028069]},"properties":{"ward":62,"division":17,"precinct":"6217","placename":"OLD DEVON THEATRE STORE # 2","street_address":"6325 FRANKFORD AVE","zip_code":"19135","accessibility_code":"M","parking_code":"N","gdb_geomattr_data":null,"objectid":1575}},{"type":"Feature","geometry":{"type":"Point","coordinates":[-75.063534,40.023103]},"properties":{"ward":62,"division":18,"precinct":"6218","placename":"JOHNNIE'S RESTAURANT","street_address":"4201 COMLY ST","zip_code":"19135","accessibility_code":"M","parking_code":"L","gdb_geomattr_data":null,"objectid":1576}},{"type":"Feature","geometry":{"type":"Point","coordinates":[-75.063534,40.023103]},"properties":{"ward":62,"division":19,"precinct":"6219","placename":"JOHNNIE'S RESTAURANT","street_address":"4201 COMLY ST","zip_code":"19135","accessibility_code":"M","parking_code":"L","gdb_geomattr_data":null,"objectid":1577}},{"type":"Feature","geometry":{"type":"Point","coordinates":[-75.075157,40.030424]},"properties":{"ward":62,"division":20,"precinct":"6220","placename":"ZIEGLER SCHOOL","street_address":"5935 SAUL ST","zip_code":"19149","accessibility_code":"M","parking_code":"L","gdb_geomattr_data":null,"objectid":1578}},{"type":"Feature","geometry":{"type":"Point","coordinates":[-75.075157,40.030419]},"properties":{"ward":62,"division":21,"precinct":"6221","placename":"ZIEGLER SCHOOL","street_address":"5935 SAUL ST","zip_code":"19149","accessibility_code":"M","parking_code":"L","gdb_geomattr_data":null,"objectid":1579}},{"type":"Feature","geometry":{"type":"Point","coordinates":[-75.061619,40.029305]},"properties":{"ward":62,"division":22,"precinct":"6222","placename":"LOWER MAYFAIR RECREATION CENTER","street_address":"6300 HAWTHORNE ST","zip_code":"19149","accessibility_code":"F","parking_code":"L","gdb_geomattr_data":null,"objectid":1580}},{"type":"Feature","geometry":{"type":"Point","coordinates":[-75.075157,40.030424]},"properties":{"ward":62,"division":23,"precinct":"6223","placename":"ZIEGLER SCHOOL","street_address":"5935 SAUL ST","zip_code":"19149","accessibility_code":"M","parking_code":"L","gdb_geomattr_data":null,"objectid":1581}},{"type":"Feature","geometry":{"type":"Point","coordinates":[-75.07515,40.030424]},"properties":{"ward":62,"division":24,"precinct":"6224","placename":"ZIEGLER SCHOOL","street_address":"5935 SAUL ST","zip_code":"19149","accessibility_code":"M","parking_code":"L","gdb_geomattr_data":null,"objectid":1582}},{"type":"Feature","geometry":{"type":"Point","coordinates":[-75.061619,40.029305]},"properties":{"ward":62,"division":25,"precinct":"6225","placename":"LOWER MAYFAIR RECREATION CENTER","street_address":"6300 HAWTHORNE ST","zip_code":"19149","accessibility_code":"F","parking_code":"L","gdb_geomattr_data":null,"objectid":1583}},{"type":"Feature","geometry":{"type":"Point","coordinates":[-75.058798,40.028066]},"properties":{"ward":62,"division":26,"precinct":"6226","placename":"OLD DEVON THEATRE STORE # 2","street_address":"6325 FRANKFORD AVE","zip_code":"19135","accessibility_code":"M","parking_code":"N","gdb_geomattr_data":null,"objectid":1584}},{"type":"Feature","geometry":{"type":"Point","coordinates":[-75.085503,40.077186]},"properties":{"ward":63,"division":1,"precinct":"6301","placename":"LOUDENSLAGER POST # 366","street_address":"7976 OXFORD AVE","zip_code":"19111","accessibility_code":"M","parking_code":"L","gdb_geomattr_data":null,"objectid":1585}},{"type":"Feature","geometry":{"type":"Point","coordinates":[-75.085173,40.075062]},"properties":{"ward":63,"division":2,"precinct":"6302","placename":"MEMORIAL PRESBYTERIAN CHURCH","street_address":"7902 OXFORD AVE","zip_code":"19111","accessibility_code":"F","parking_code":"H","gdb_geomattr_data":null,"objectid":1586}},{"type":"Feature","geometry":{"type":"Point","coordinates":[-75.08204,40.077073]},"properties":{"ward":63,"division":3,"precinct":"6303","placename":"FOX CHASE LIBRARY","street_address":"501 RHAWN ST","zip_code":"19111","accessibility_code":"F","parking_code":"L","gdb_geomattr_data":null,"objectid":1587}},{"type":"Feature","geometry":{"type":"Point","coordinates":[-75.082084,40.074479]},"properties":{"ward":63,"division":4,"precinct":"6304","placename":"FOX CHASE RECREATION CENTER","street_address":"7901 RIDGEWAY ST","zip_code":"19111","accessibility_code":"F","parking_code":"N","gdb_geomattr_data":null,"objectid":1588}},{"type":"Feature","geometry":{"type":"Point","coordinates":[-75.076266,40.067067]},"properties":{"ward":63,"division":5,"precinct":"6305","placename":"CHRIST MISSION APOSTOLIC FAITH","street_address":"1100 HARTEL AVE","zip_code":"19111","accessibility_code":"M","parking_code":"H","gdb_geomattr_data":null,"objectid":1589}},{"type":"Feature","geometry":{"type":"Point","coordinates":[-75.076267,40.067066]},"properties":{"ward":63,"division":6,"precinct":"6306","placename":"CHRIST MISSION APOSTOLIC FAITH","street_address":"1100 HARTEL AVE","zip_code":"19111","accessibility_code":"M","parking_code":"H","gdb_geomattr_data":null,"objectid":1590}},{"type":"Feature","geometry":{"type":"Point","coordinates":[-75.066058,40.0844]},"properties":{"ward":63,"division":7,"precinct":"6307","placename":"LAFAYETTE REDEEMER HEALTH","street_address":"8580 VERREE RD","zip_code":"19111","accessibility_code":"F","parking_code":"H","gdb_geomattr_data":null,"objectid":1591}},{"type":"Feature","geometry":{"type":"Point","coordinates":[-75.088824,40.069088]},"properties":{"ward":63,"division":8,"precinct":"6308","placename":"RYERSS LIBRARY/BURHOLME PARK","street_address":"7370 CENTRAL AVE","zip_code":"19111","accessibility_code":"B","parking_code":"L","gdb_geomattr_data":null,"objectid":1592}},{"type":"Feature","geometry":{"type":"Point","coordinates":[-75.082084,40.074475]},"properties":{"ward":63,"division":9,"precinct":"6309","placename":"FOX CHASE RECREATION CENTER","street_address":"7901 RIDGEWAY ST","zip_code":"19111","accessibility_code":"F","parking_code":"N","gdb_geomattr_data":null,"objectid":1593}},{"type":"Feature","geometry":{"type":"Point","coordinates":[-75.080871,40.07532]},"properties":{"ward":63,"division":10,"precinct":"6310","placename":"FOX CHASE SCHOOL","street_address":"500 RHAWN ST","zip_code":"19111","accessibility_code":"R","parking_code":"L","gdb_geomattr_data":null,"objectid":1594}},{"type":"Feature","geometry":{"type":"Point","coordinates":[-75.068868,40.083663]},"properties":{"ward":63,"division":11,"precinct":"6311","placename":"VILLAGES AT PINE VALLEY CLUBHOUSE","street_address":"900 PINE VALLEY BLVD","zip_code":"19111","accessibility_code":"F","parking_code":"H","gdb_geomattr_data":null,"objectid":1595}},{"type":"Feature","geometry":{"type":"Point","coordinates":[-75.080871,40.07532]},"properties":{"ward":63,"division":12,"precinct":"6312","placename":"FOX CHASE SCHOOL","street_address":"500 RHAWN ST","zip_code":"19111","accessibility_code":"R","parking_code":"L","gdb_geomattr_data":null,"objectid":1596}},{"type":"Feature","geometry":{"type":"Point","coordinates":[-75.08204,40.077073]},"properties":{"ward":63,"division":13,"precinct":"6313","placename":"FOX CHASE LIBRARY","street_address":"501 RHAWN ST","zip_code":"19111","accessibility_code":"F","parking_code":"L","gdb_geomattr_data":null,"objectid":1597}},{"type":"Feature","geometry":{"type":"Point","coordinates":[-75.068762,40.083649]},"properties":{"ward":63,"division":14,"precinct":"6314","placename":"VILLAGES AT PINE VALLEY CLUBHOUSE","street_address":"900 PINE VALLEY BLVD","zip_code":"19111","accessibility_code":"F","parking_code":"H","gdb_geomattr_data":null,"objectid":1598}},{"type":"Feature","geometry":{"type":"Point","coordinates":[-75.052747,40.092537]},"properties":{"ward":63,"division":15,"precinct":"6315","placename":"BALDI SCHOOL","street_address":"8801 VERREE RD","zip_code":"19115","accessibility_code":"M","parking_code":"L","gdb_geomattr_data":null,"objectid":1599}},{"type":"Feature","geometry":{"type":"Point","coordinates":[-75.048931,40.092728]},"properties":{"ward":63,"division":16,"precinct":"6316","placename":"LEHIGH BAPTIST CHURCH","street_address":"934 ALBURGER AVE","zip_code":"19115","accessibility_code":"M","parking_code":"L","gdb_geomattr_data":null,"objectid":1600}},{"type":"Feature","geometry":{"type":"Point","coordinates":[-75.059487,40.087163]},"properties":{"ward":63,"division":17,"precinct":"6317","placename":"PENNYPACK ENVIRONMENTAL CENTER","street_address":"8600 VERREE RD","zip_code":"19115","accessibility_code":"F","parking_code":"L","gdb_geomattr_data":null,"objectid":1601}},{"type":"Feature","geometry":{"type":"Point","coordinates":[-75.057724,40.096069]},"properties":{"ward":63,"division":18,"precinct":"6318","placename":"GREENBERG SCHOOL","street_address":"600 SHARON LN","zip_code":"19115","accessibility_code":"R","parking_code":"L","gdb_geomattr_data":null,"objectid":1602}},{"type":"Feature","geometry":{"type":"Point","coordinates":[-75.057724,40.096069]},"properties":{"ward":63,"division":19,"precinct":"6319","placename":"GREENBERG SCHOOL","street_address":"600 SHARON LN","zip_code":"19115","accessibility_code":"R","parking_code":"L","gdb_geomattr_data":null,"objectid":1603}},{"type":"Feature","geometry":{"type":"Point","coordinates":[-75.052747,40.092537]},"properties":{"ward":63,"division":20,"precinct":"6320","placename":"BALDI SCHOOL","street_address":"8801 VERREE RD","zip_code":"19115","accessibility_code":"M","parking_code":"L","gdb_geomattr_data":null,"objectid":1604}},{"type":"Feature","geometry":{"type":"Point","coordinates":[-75.051971,40.103449]},"properties":{"ward":63,"division":21,"precinct":"6321","placename":"ST THOMAS SYRO MALABAR CHURCH","street_address":"608 WELSH RD","zip_code":"19115","accessibility_code":"F","parking_code":"H","gdb_geomattr_data":null,"objectid":1605}},{"type":"Feature","geometry":{"type":"Point","coordinates":[-75.052747,40.092537]},"properties":{"ward":63,"division":22,"precinct":"6322","placename":"BALDI SCHOOL","street_address":"8801 VERREE RD","zip_code":"19115","accessibility_code":"M","parking_code":"L","gdb_geomattr_data":null,"objectid":1606}},{"type":"Feature","geometry":{"type":"Point","coordinates":[-75.068867,40.083665]},"properties":{"ward":63,"division":23,"precinct":"6323","placename":"VILLAGES AT PINE VALLEY CLUBHOUSE","street_address":"900 PINE VALLEY BLVD","zip_code":"19111","accessibility_code":"F","parking_code":"H","gdb_geomattr_data":null,"objectid":1607}},{"type":"Feature","geometry":{"type":"Point","coordinates":[-75.052747,40.092537]},"properties":{"ward":63,"division":24,"precinct":"6324","placename":"BALDI SCHOOL","street_address":"8801 VERREE RD","zip_code":"19115","accessibility_code":"M","parking_code":"L","gdb_geomattr_data":null,"objectid":1608}},{"type":"Feature","geometry":{"type":"Point","coordinates":[-75.048931,40.092728]},"properties":{"ward":63,"division":25,"precinct":"6325","placename":"LEHIGH BAPTIST CHURCH","street_address":"934 ALBURGER AVE","zip_code":"19115","accessibility_code":"M","parking_code":"L","gdb_geomattr_data":null,"objectid":1609}},{"type":"Feature","geometry":{"type":"Point","coordinates":[-75.024702,40.043875]},"properties":{"ward":64,"division":1,"precinct":"6401","placename":"BROWN SCHOOL","street_address":"3600 STANWOOD ST","zip_code":"19136","accessibility_code":"A","parking_code":"L","gdb_geomattr_data":null,"objectid":1610}},{"type":"Feature","geometry":{"type":"Point","coordinates":[-75.03151,40.046269]},"properties":{"ward":64,"division":2,"precinct":"6402","placename":"LAMBIE FUNERAL HOME","street_address":"8000 ROWLAND AVE","zip_code":"19136","accessibility_code":"M","parking_code":"L","gdb_geomattr_data":null,"objectid":1611}},{"type":"Feature","geometry":{"type":"Point","coordinates":[-75.031511,40.046265]},"properties":{"ward":64,"division":3,"precinct":"6403","placename":"LAMBIE FUNERAL HOME","street_address":"8000 ROWLAND AVE","zip_code":"19136","accessibility_code":"M","parking_code":"L","gdb_geomattr_data":null,"objectid":1612}},{"type":"Feature","geometry":{"type":"Point","coordinates":[-75.042333,40.044501]},"properties":{"ward":64,"division":4,"precinct":"6404","placename":"LINCOLN HIGH SCHOOL","street_address":"3201 RYAN AVE","zip_code":"19152","accessibility_code":"F","parking_code":"H","gdb_geomattr_data":null,"objectid":1613}},{"type":"Feature","geometry":{"type":"Point","coordinates":[-75.042333,40.044501]},"properties":{"ward":64,"division":5,"precinct":"6405","placename":"LINCOLN HIGH SCHOOL","street_address":"3201 RYAN AVE","zip_code":"19152","accessibility_code":"F","parking_code":"H","gdb_geomattr_data":null,"objectid":1614}},{"type":"Feature","geometry":{"type":"Point","coordinates":[-75.036602,40.044028]},"properties":{"ward":64,"division":6,"precinct":"6406","placename":"LANSING KNIGHTS YOUTH CLUB","street_address":"7800 ROWLAND AVE","zip_code":"19136","accessibility_code":"M","parking_code":"N","gdb_geomattr_data":null,"objectid":1615}},{"type":"Feature","geometry":{"type":"Point","coordinates":[-75.044244,40.046095]},"properties":{"ward":64,"division":7,"precinct":"6407","placename":"MEEHAN MIDDLE SCHOOL","street_address":"3001 RYAN AVE","zip_code":"19152","accessibility_code":"M","parking_code":"L","gdb_geomattr_data":null,"objectid":1616}},{"type":"Feature","geometry":{"type":"Point","coordinates":[-75.042333,40.044501]},"properties":{"ward":64,"division":8,"precinct":"6408","placename":"LINCOLN HIGH SCHOOL","street_address":"3201 RYAN AVE","zip_code":"19152","accessibility_code":"F","parking_code":"H","gdb_geomattr_data":null,"objectid":1617}},{"type":"Feature","geometry":{"type":"Point","coordinates":[-75.042333,40.044501]},"properties":{"ward":64,"division":9,"precinct":"6409","placename":"LINCOLN HIGH SCHOOL","street_address":"3201 RYAN AVE","zip_code":"19152","accessibility_code":"F","parking_code":"H","gdb_geomattr_data":null,"objectid":1618}},{"type":"Feature","geometry":{"type":"Point","coordinates":[-75.042333,40.044501]},"properties":{"ward":64,"division":10,"precinct":"6410","placename":"LINCOLN HIGH SCHOOL","street_address":"3201 RYAN AVE","zip_code":"19152","accessibility_code":"F","parking_code":"H","gdb_geomattr_data":null,"objectid":1619}},{"type":"Feature","geometry":{"type":"Point","coordinates":[-75.045394,40.039906]},"properties":{"ward":64,"division":11,"precinct":"6411","placename":"FLUEHR FUNERAL HOME","street_address":"3301 COTTMAN AVE","zip_code":"19149","accessibility_code":"M","parking_code":"L","gdb_geomattr_data":null,"objectid":1620}},{"type":"Feature","geometry":{"type":"Point","coordinates":[-75.052349,40.03951]},"properties":{"ward":64,"division":12,"precinct":"6412","placename":"MAYFAIR SCHOOL","street_address":"3001 PRINCETON AVE","zip_code":"19149","accessibility_code":"A","parking_code":"L","gdb_geomattr_data":null,"objectid":1621}},{"type":"Feature","geometry":{"type":"Point","coordinates":[-75.042333,40.044501]},"properties":{"ward":64,"division":13,"precinct":"6413","placename":"LINCOLN HIGH SCHOOL","street_address":"3201 RYAN AVE","zip_code":"19152","accessibility_code":"F","parking_code":"H","gdb_geomattr_data":null,"objectid":1622}},{"type":"Feature","geometry":{"type":"Point","coordinates":[-75.042333,40.044501]},"properties":{"ward":64,"division":14,"precinct":"6414","placename":"LINCOLN HIGH SCHOOL","street_address":"3201 RYAN AVE","zip_code":"19152","accessibility_code":"F","parking_code":"H","gdb_geomattr_data":null,"objectid":1623}},{"type":"Feature","geometry":{"type":"Point","coordinates":[-75.040606,40.062596]},"properties":{"ward":64,"division":15,"precinct":"6415","placename":"WESLEY ENHANCED LIVING PENNYPACK PARK","street_address":"8401 ROOSEVELT BLVD","zip_code":"19152","accessibility_code":"F","parking_code":"H","gdb_geomattr_data":null,"objectid":1624}},{"type":"Feature","geometry":{"type":"Point","coordinates":[-75.044244,40.046095]},"properties":{"ward":64,"division":16,"precinct":"6416","placename":"MEEHAN MIDDLE SCHOOL","street_address":"3001 RYAN AVE","zip_code":"19152","accessibility_code":"M","parking_code":"L","gdb_geomattr_data":null,"objectid":1625}},{"type":"Feature","geometry":{"type":"Point","coordinates":[-75.044244,40.046095]},"properties":{"ward":64,"division":17,"precinct":"6417","placename":"MEEHAN MIDDLE SCHOOL","street_address":"3001 RYAN AVE","zip_code":"19152","accessibility_code":"M","parking_code":"L","gdb_geomattr_data":null,"objectid":1626}},{"type":"Feature","geometry":{"type":"Point","coordinates":[-75.044244,40.046095]},"properties":{"ward":64,"division":18,"precinct":"6418","placename":"MEEHAN MIDDLE SCHOOL","street_address":"3001 RYAN AVE","zip_code":"19152","accessibility_code":"M","parking_code":"L","gdb_geomattr_data":null,"objectid":1627}},{"type":"Feature","geometry":{"type":"Point","coordinates":[-75.002011,40.052001]},"properties":{"ward":65,"division":1,"precinct":"6501","placename":"TORRESDALE YOUTH CLUB","street_address":"4500 LINDEN AVE","zip_code":"19114","accessibility_code":"F","parking_code":"L","gdb_geomattr_data":null,"objectid":1628}},{"type":"Feature","geometry":{"type":"Point","coordinates":[-75.002011,40.052001]},"properties":{"ward":65,"division":2,"precinct":"6502","placename":"TORRESDALE YOUTH CLUB","street_address":"4500 LINDEN AVE","zip_code":"19114","accessibility_code":"F","parking_code":"L","gdb_geomattr_data":null,"objectid":1629}},{"type":"Feature","geometry":{"type":"Point","coordinates":[-75.002011,40.052001]},"properties":{"ward":65,"division":3,"precinct":"6503","placename":"TORRESDALE YOUTH CLUB","street_address":"4500 LINDEN AVE","zip_code":"19114","accessibility_code":"F","parking_code":"L","gdb_geomattr_data":null,"objectid":1630}},{"type":"Feature","geometry":{"type":"Point","coordinates":[-74.984525,40.048483]},"properties":{"ward":65,"division":4,"precinct":"6504","placename":"BAKERS BAY CONDOMINIUMS CLUBHOUSE","street_address":"5100 CONVENT LN","zip_code":"19114","accessibility_code":"M","parking_code":"L","gdb_geomattr_data":null,"objectid":1631}},{"type":"Feature","geometry":{"type":"Point","coordinates":[-75.002011,40.052001]},"properties":{"ward":65,"division":5,"precinct":"6505","placename":"TORRESDALE YOUTH CLUB","street_address":"4500 LINDEN AVE","zip_code":"19114","accessibility_code":"F","parking_code":"L","gdb_geomattr_data":null,"objectid":1632}},{"type":"Feature","geometry":{"type":"Point","coordinates":[-74.984736,40.053365]},"properties":{"ward":65,"division":6,"precinct":"6506","placename":"REGINA COELI HOME ASSOCIATION","street_address":"9617 JAMES ST","zip_code":"19114","accessibility_code":"F","parking_code":"H","gdb_geomattr_data":null,"objectid":1633}},{"type":"Feature","geometry":{"type":"Point","coordinates":[-74.984736,40.053365]},"properties":{"ward":65,"division":7,"precinct":"6507","placename":"REGINA COELI HOME ASSOCIATION","street_address":"9617 JAMES ST","zip_code":"19114","accessibility_code":"F","parking_code":"H","gdb_geomattr_data":null,"objectid":1634}},{"type":"Feature","geometry":{"type":"Point","coordinates":[-75.026511,40.035242]},"properties":{"ward":65,"division":8,"precinct":"6508","placename":"OXLEY AMERICAN LEGION POST 133","street_address":"7900 TORRESDALE AVE","zip_code":"19136","accessibility_code":"M","parking_code":"N","gdb_geomattr_data":null,"objectid":1635}},{"type":"Feature","geometry":{"type":"Point","coordinates":[-75.026507,40.035241]},"properties":{"ward":65,"division":9,"precinct":"6509","placename":"OXLEY AMERICAN LEGION POST 133","street_address":"7900 TORRESDALE AVE","zip_code":"19136","accessibility_code":"M","parking_code":"N","gdb_geomattr_data":null,"objectid":1636}},{"type":"Feature","geometry":{"type":"Point","coordinates":[-74.988745,40.060824]},"properties":{"ward":65,"division":10,"precinct":"6510","placename":"HOLY FAMILY UNIVERSITY - CAMPUS CENTER","street_address":"9801 FRANKFORD AVE","zip_code":"19114","accessibility_code":"F","parking_code":"L","gdb_geomattr_data":null,"objectid":1637}},{"type":"Feature","geometry":{"type":"Point","coordinates":[-75.026508,40.035242]},"properties":{"ward":65,"division":11,"precinct":"6511","placename":"OXLEY AMERICAN LEGION POST 133","street_address":"7900 TORRESDALE AVE","zip_code":"19136","accessibility_code":"M","parking_code":"N","gdb_geomattr_data":null,"objectid":1638}},{"type":"Feature","geometry":{"type":"Point","coordinates":[-75.034145,40.02755]},"properties":{"ward":65,"division":12,"precinct":"6512","placename":"HOPE CHURCH HALL","street_address":"7212 KEYSTONE ST","zip_code":"19135","accessibility_code":"M","parking_code":"L","gdb_geomattr_data":null,"objectid":1639}},{"type":"Feature","geometry":{"type":"Point","coordinates":[-75.034145,40.02755]},"properties":{"ward":65,"division":13,"precinct":"6513","placename":"HOPE CHURCH HALL","street_address":"7212 KEYSTONE ST","zip_code":"19135","accessibility_code":"M","parking_code":"L","gdb_geomattr_data":null,"objectid":1640}},{"type":"Feature","geometry":{"type":"Point","coordinates":[-75.033352,40.030381]},"properties":{"ward":65,"division":14,"precinct":"6514","placename":"RUSSO PARK RECREATION CENTER","street_address":"7301 TORRESDALE AVE","zip_code":"19136","accessibility_code":"M","parking_code":"N","gdb_geomattr_data":null,"objectid":1641}},{"type":"Feature","geometry":{"type":"Point","coordinates":[-75.024439,40.034744]},"properties":{"ward":65,"division":15,"precinct":"6515","placename":"NEW FOUNDATIONS CHARTER SCHOOL","street_address":"8001 TORRESDALE AVE","zip_code":"19136","accessibility_code":"F","parking_code":"H","gdb_geomattr_data":null,"objectid":1642}},{"type":"Feature","geometry":{"type":"Point","coordinates":[-75.024399,40.034795]},"properties":{"ward":65,"division":16,"precinct":"6516","placename":"NEW FOUNDATIONS CHARTER SCHOOL","street_address":"8001 TORRESDALE AVE","zip_code":"19136","accessibility_code":"F","parking_code":"H","gdb_geomattr_data":null,"objectid":1643}},{"type":"Feature","geometry":{"type":"Point","coordinates":[-75.026453,40.036498]},"properties":{"ward":65,"division":17,"precinct":"6517","placename":"HOLMESBURG RECREATION CENTER","street_address":"4500 RHAWN ST","zip_code":"19136","accessibility_code":"F","parking_code":"L","gdb_geomattr_data":null,"objectid":1644}},{"type":"Feature","geometry":{"type":"Point","coordinates":[-75.024464,40.034772]},"properties":{"ward":65,"division":18,"precinct":"6518","placename":"NEW FOUNDATIONS CHARTER SCHOOL","street_address":"8001 TORRESDALE AVE","zip_code":"19136","accessibility_code":"F","parking_code":"H","gdb_geomattr_data":null,"objectid":1645}},{"type":"Feature","geometry":{"type":"Point","coordinates":[-75.02638,40.036455]},"properties":{"ward":65,"division":19,"precinct":"6519","placename":"HOLMESBURG RECREATION CENTER","street_address":"4500 RHAWN ST","zip_code":"19136","accessibility_code":"F","parking_code":"L","gdb_geomattr_data":null,"objectid":1646}},{"type":"Feature","geometry":{"type":"Point","coordinates":[-74.988913,40.046486]},"properties":{"ward":65,"division":20,"precinct":"6520","placename":"DELAIRE LANDING COMPLEX","street_address":"9355 STATE RD","zip_code":"19114","accessibility_code":"F","parking_code":"L","gdb_geomattr_data":null,"objectid":1647}},{"type":"Feature","geometry":{"type":"Point","coordinates":[-75.02645,40.03643]},"properties":{"ward":65,"division":21,"precinct":"6521","placename":"HOLMESBURG RECREATION CENTER","street_address":"4500 RHAWN ST","zip_code":"19136","accessibility_code":"F","parking_code":"L","gdb_geomattr_data":null,"objectid":1648}},{"type":"Feature","geometry":{"type":"Point","coordinates":[-75.024532,40.034751]},"properties":{"ward":65,"division":22,"precinct":"6522","placename":"NEW FOUNDATIONS CHARTER SCHOOL","street_address":"8001 TORRESDALE AVE","zip_code":"19136","accessibility_code":"F","parking_code":"H","gdb_geomattr_data":null,"objectid":1649}},{"type":"Feature","geometry":{"type":"Point","coordinates":[-75.002011,40.052001]},"properties":{"ward":65,"division":23,"precinct":"6523","placename":"TORRESDALE YOUTH CLUB","street_address":"4500 LINDEN AVE","zip_code":"19114","accessibility_code":"F","parking_code":"L","gdb_geomattr_data":null,"objectid":1650}},{"type":"Feature","geometry":{"type":"Point","coordinates":[-74.985118,40.104522]},"properties":{"ward":66,"division":1,"precinct":"6601","placename":"IBPAT UNION HALL - FOUNTAIN ROOM","street_address":"2980 SOUTHAMPTON RD","zip_code":"19154","accessibility_code":"F","parking_code":"H","gdb_geomattr_data":null,"objectid":1651}},{"type":"Feature","geometry":{"type":"Point","coordinates":[-75.003536,40.099276]},"properties":{"ward":66,"division":2,"precinct":"6602","placename":"F.O.P. LODGE # 5","street_address":"11630 CAROLINE RD","zip_code":"19154","accessibility_code":"F","parking_code":"H","gdb_geomattr_data":null,"objectid":1652}},{"type":"Feature","geometry":{"type":"Point","coordinates":[-74.970723,40.096093]},"properties":{"ward":66,"division":3,"precinct":"6603","placename":"DECATUR SCHOOL","street_address":"3500 ACADEMY RD","zip_code":"19154","accessibility_code":"M","parking_code":"L","gdb_geomattr_data":null,"objectid":1653}},{"type":"Feature","geometry":{"type":"Point","coordinates":[-74.968892,40.09774]},"properties":{"ward":66,"division":4,"precinct":"6604","placename":"FITZPATRICK RECREATION CENTER","street_address":"12501 TORREY RD","zip_code":"19154","accessibility_code":"F","parking_code":"L","gdb_geomattr_data":null,"objectid":1654}},{"type":"Feature","geometry":{"type":"Point","coordinates":[-74.985118,40.104522]},"properties":{"ward":66,"division":5,"precinct":"6605","placename":"IBPAT UNION HALL - FOUNTAIN ROOM","street_address":"2980 SOUTHAMPTON RD","zip_code":"19154","accessibility_code":"F","parking_code":"H","gdb_geomattr_data":null,"objectid":1655}},{"type":"Feature","geometry":{"type":"Point","coordinates":[-74.96672,40.104393]},"properties":{"ward":66,"division":6,"precinct":"6606","placename":"PARKWOOD YOUTH CENTER","street_address":"3301 MECHANICSVILLE RD","zip_code":"19154","accessibility_code":"F","parking_code":"L","gdb_geomattr_data":null,"objectid":1656}},{"type":"Feature","geometry":{"type":"Point","coordinates":[-75.00354,40.099273]},"properties":{"ward":66,"division":7,"precinct":"6607","placename":"F.O.P. LODGE # 5","street_address":"11630 CAROLINE RD","zip_code":"19154","accessibility_code":"F","parking_code":"H","gdb_geomattr_data":null,"objectid":1657}},{"type":"Feature","geometry":{"type":"Point","coordinates":[-74.989978,40.095522]},"properties":{"ward":66,"division":8,"precinct":"6608","placename":"PALMER RECREATION CENTER","street_address":"3035 COMLY RD","zip_code":"19154","accessibility_code":"M","parking_code":"L","gdb_geomattr_data":null,"objectid":1658}},{"type":"Feature","geometry":{"type":"Point","coordinates":[-74.969573,40.10323]},"properties":{"ward":66,"division":9,"precinct":"6609","placename":"JUNOD RECREATION CENTER","street_address":"12770 DUNKS FERRY RD","zip_code":"19154","accessibility_code":"F","parking_code":"L","gdb_geomattr_data":null,"objectid":1659}},{"type":"Feature","geometry":{"type":"Point","coordinates":[-75.006467,40.071042]},"properties":{"ward":66,"division":10,"precinct":"6610","placename":"AVIATION INSTITUTE","street_address":"3001 GRANT AVE","zip_code":"19114","accessibility_code":"F","parking_code":"L","gdb_geomattr_data":null,"objectid":1660}},{"type":"Feature","geometry":{"type":"Point","coordinates":[-74.98877,40.081276]},"properties":{"ward":66,"division":11,"precinct":"6611","placename":"NEW LIBERTY BELL YOUTH CLUB","street_address":"10851 CALERA RD","zip_code":"19154","accessibility_code":"M","parking_code":"L","gdb_geomattr_data":null,"objectid":1661}},{"type":"Feature","geometry":{"type":"Point","coordinates":[-74.985118,40.10452]},"properties":{"ward":66,"division":12,"precinct":"6612","placename":"IBPAT UNION HALL - FOUNTAIN ROOM","street_address":"2980 SOUTHAMPTON RD","zip_code":"19154","accessibility_code":"F","parking_code":"H","gdb_geomattr_data":null,"objectid":1662}},{"type":"Feature","geometry":{"type":"Point","coordinates":[-74.968863,40.097729]},"properties":{"ward":66,"division":13,"precinct":"6613","placename":"FITZPATRICK RECREATION CENTER","street_address":"12501 TORREY RD","zip_code":"19154","accessibility_code":"F","parking_code":"L","gdb_geomattr_data":null,"objectid":1663}},{"type":"Feature","geometry":{"type":"Point","coordinates":[-74.969573,40.10323]},"properties":{"ward":66,"division":14,"precinct":"6614","placename":"JUNOD RECREATION CENTER","street_address":"12770 DUNKS FERRY RD","zip_code":"19154","accessibility_code":"F","parking_code":"L","gdb_geomattr_data":null,"objectid":1664}},{"type":"Feature","geometry":{"type":"Point","coordinates":[-74.98877,40.081268]},"properties":{"ward":66,"division":15,"precinct":"6615","placename":"NEW LIBERTY BELL YOUTH CLUB","street_address":"10851 CALERA RD","zip_code":"19154","accessibility_code":"M","parking_code":"L","gdb_geomattr_data":null,"objectid":1665}},{"type":"Feature","geometry":{"type":"Point","coordinates":[-74.968877,40.09774]},"properties":{"ward":66,"division":16,"precinct":"6616","placename":"FITZPATRICK RECREATION CENTER","street_address":"12501 TORREY RD","zip_code":"19154","accessibility_code":"F","parking_code":"L","gdb_geomattr_data":null,"objectid":1666}},{"type":"Feature","geometry":{"type":"Point","coordinates":[-75.003541,40.099271]},"properties":{"ward":66,"division":17,"precinct":"6617","placename":"F.O.P. LODGE # 5","street_address":"11630 CAROLINE RD","zip_code":"19154","accessibility_code":"F","parking_code":"H","gdb_geomattr_data":null,"objectid":1667}},{"type":"Feature","geometry":{"type":"Point","coordinates":[-75.006467,40.071042]},"properties":{"ward":66,"division":18,"precinct":"6618","placename":"AVIATION INSTITUTE","street_address":"3001 GRANT AVE","zip_code":"19114","accessibility_code":"F","parking_code":"L","gdb_geomattr_data":null,"objectid":1668}},{"type":"Feature","geometry":{"type":"Point","coordinates":[-74.983042,40.068032]},"properties":{"ward":66,"division":19,"precinct":"6619","placename":"SETTLEMENT MUSIC SCHOOL-NORTHEAST","street_address":"3745 CLARENDON AVE","zip_code":"19114","accessibility_code":"F","parking_code":"L","gdb_geomattr_data":null,"objectid":1669}},{"type":"Feature","geometry":{"type":"Point","coordinates":[-74.96898,40.083963]},"properties":{"ward":66,"division":20,"precinct":"6620","placename":"FAITH LUTHERAN CHURCH","street_address":"4150 WOODHAVEN RD","zip_code":"19154","accessibility_code":"R","parking_code":"H","gdb_geomattr_data":null,"objectid":1670}},{"type":"Feature","geometry":{"type":"Point","coordinates":[-74.983042,40.068027]},"properties":{"ward":66,"division":21,"precinct":"6621","placename":"SETTLEMENT MUSIC SCHOOL-NORTHEAST","street_address":"3745 CLARENDON AVE","zip_code":"19114","accessibility_code":"F","parking_code":"L","gdb_geomattr_data":null,"objectid":1671}},{"type":"Feature","geometry":{"type":"Point","coordinates":[-74.970723,40.096093]},"properties":{"ward":66,"division":22,"precinct":"6622","placename":"DECATUR SCHOOL","street_address":"3500 ACADEMY RD","zip_code":"19154","accessibility_code":"M","parking_code":"L","gdb_geomattr_data":null,"objectid":1672}},{"type":"Feature","geometry":{"type":"Point","coordinates":[-74.970723,40.096093]},"properties":{"ward":66,"division":23,"precinct":"6623","placename":"DECATUR SCHOOL","street_address":"3500 ACADEMY RD","zip_code":"19154","accessibility_code":"M","parking_code":"L","gdb_geomattr_data":null,"objectid":1673}},{"type":"Feature","geometry":{"type":"Point","coordinates":[-74.973523,40.084349]},"properties":{"ward":66,"division":24,"precinct":"6624","placename":"KATHARINE DREXEL LIBRARY","street_address":"11099 KNIGHTS RD","zip_code":"19154","accessibility_code":"F","parking_code":"H","gdb_geomattr_data":null,"objectid":1674}},{"type":"Feature","geometry":{"type":"Point","coordinates":[-74.975664,40.083315]},"properties":{"ward":66,"division":25,"precinct":"6625","placename":"MUSLIM YOUTH CENTER OF PHILA","street_address":"11080 KNIGHTS RD","zip_code":"19154","accessibility_code":"A","parking_code":"H","gdb_geomattr_data":null,"objectid":1675}},{"type":"Feature","geometry":{"type":"Point","coordinates":[-74.989344,40.067486]},"properties":{"ward":66,"division":26,"precinct":"6626","placename":"HANCOCK SCHOOL","street_address":"3700 MORRELL AVE","zip_code":"19114","accessibility_code":"M","parking_code":"L","gdb_geomattr_data":null,"objectid":1676}},{"type":"Feature","geometry":{"type":"Point","coordinates":[-74.989344,40.067486]},"properties":{"ward":66,"division":27,"precinct":"6627","placename":"HANCOCK SCHOOL","street_address":"3700 MORRELL AVE","zip_code":"19114","accessibility_code":"M","parking_code":"L","gdb_geomattr_data":null,"objectid":1677}},{"type":"Feature","geometry":{"type":"Point","coordinates":[-74.989344,40.067486]},"properties":{"ward":66,"division":28,"precinct":"6628","placename":"HANCOCK SCHOOL","street_address":"3700 MORRELL AVE","zip_code":"19114","accessibility_code":"M","parking_code":"L","gdb_geomattr_data":null,"objectid":1678}},{"type":"Feature","geometry":{"type":"Point","coordinates":[-74.974041,40.083056]},"properties":{"ward":66,"division":29,"precinct":"6629","placename":"BENJAMIN RUSH HIGH SCHOOL","street_address":"11081 KNIGHTS RD","zip_code":"19154","accessibility_code":"F","parking_code":"H","gdb_geomattr_data":null,"objectid":1679}},{"type":"Feature","geometry":{"type":"Point","coordinates":[-74.974388,40.080136]},"properties":{"ward":66,"division":30,"precinct":"6630","placename":"CHALFONT RECREATION CENTER","street_address":"4382 DEERPATH LN","zip_code":"19154","accessibility_code":"F","parking_code":"L","gdb_geomattr_data":null,"objectid":1680}},{"type":"Feature","geometry":{"type":"Point","coordinates":[-74.989353,40.080917]},"properties":{"ward":66,"division":31,"precinct":"6631","placename":"PICARIELLO RECREATION CENTER","street_address":"10811 CALERA RD","zip_code":"19154","accessibility_code":"B","parking_code":"L","gdb_geomattr_data":null,"objectid":1681}},{"type":"Feature","geometry":{"type":"Point","coordinates":[-74.988772,40.081274]},"properties":{"ward":66,"division":32,"precinct":"6632","placename":"NEW LIBERTY BELL YOUTH CLUB","street_address":"10851 CALERA RD","zip_code":"19154","accessibility_code":"M","parking_code":"L","gdb_geomattr_data":null,"objectid":1682}},{"type":"Feature","geometry":{"type":"Point","coordinates":[-74.974388,40.080136]},"properties":{"ward":66,"division":33,"precinct":"6633","placename":"CHALFONT RECREATION CENTER","street_address":"4382 DEERPATH LN","zip_code":"19154","accessibility_code":"F","parking_code":"L","gdb_geomattr_data":null,"objectid":1683}},{"type":"Feature","geometry":{"type":"Point","coordinates":[-74.96672,40.104393]},"properties":{"ward":66,"division":34,"precinct":"6634","placename":"PARKWOOD YOUTH CENTER","street_address":"3301 MECHANICSVILLE RD","zip_code":"19154","accessibility_code":"F","parking_code":"L","gdb_geomattr_data":null,"objectid":1684}},{"type":"Feature","geometry":{"type":"Point","coordinates":[-74.989346,40.080922]},"properties":{"ward":66,"division":35,"precinct":"6635","placename":"PICARIELLO RECREATION CENTER","street_address":"10811 CALERA RD","zip_code":"19154","accessibility_code":"B","parking_code":"L","gdb_geomattr_data":null,"objectid":1685}},{"type":"Feature","geometry":{"type":"Point","coordinates":[-74.987961,40.081029]},"properties":{"ward":66,"division":36,"precinct":"6636","placename":"LABRUM SCHOOL","street_address":"10800 HAWLEY RD","zip_code":"19154","accessibility_code":"R","parking_code":"L","gdb_geomattr_data":null,"objectid":1686}},{"type":"Feature","geometry":{"type":"Point","coordinates":[-74.98936,40.080928]},"properties":{"ward":66,"division":37,"precinct":"6637","placename":"PICARIELLO RECREATION CENTER","street_address":"10811 CALERA RD","zip_code":"19154","accessibility_code":"B","parking_code":"L","gdb_geomattr_data":null,"objectid":1687}},{"type":"Feature","geometry":{"type":"Point","coordinates":[-74.970723,40.096093]},"properties":{"ward":66,"division":38,"precinct":"6638","placename":"DECATUR SCHOOL","street_address":"3500 ACADEMY RD","zip_code":"19154","accessibility_code":"M","parking_code":"L","gdb_geomattr_data":null,"objectid":1688}},{"type":"Feature","geometry":{"type":"Point","coordinates":[-74.975664,40.083315]},"properties":{"ward":66,"division":39,"precinct":"6639","placename":"MUSLIM YOUTH CENTER OF PHILA","street_address":"11080 KNIGHTS RD","zip_code":"19154","accessibility_code":"A","parking_code":"H","gdb_geomattr_data":null,"objectid":1689}},{"type":"Feature","geometry":{"type":"Point","coordinates":[-74.988772,40.081274]},"properties":{"ward":66,"division":40,"precinct":"6640","placename":"NEW LIBERTY BELL YOUTH CLUB","street_address":"10851 CALERA RD","zip_code":"19154","accessibility_code":"M","parking_code":"L","gdb_geomattr_data":null,"objectid":1690}},{"type":"Feature","geometry":{"type":"Point","coordinates":[-74.970723,40.096093]},"properties":{"ward":66,"division":41,"precinct":"6641","placename":"DECATUR SCHOOL","street_address":"3500 ACADEMY RD","zip_code":"19154","accessibility_code":"M","parking_code":"L","gdb_geomattr_data":null,"objectid":1691}},{"type":"Feature","geometry":{"type":"Point","coordinates":[-74.975664,40.083315]},"properties":{"ward":66,"division":42,"precinct":"6642","placename":"MUSLIM YOUTH CENTER OF PHILA","street_address":"11080 KNIGHTS RD","zip_code":"19154","accessibility_code":"A","parking_code":"H","gdb_geomattr_data":null,"objectid":1692}},{"type":"Feature","geometry":{"type":"Point","coordinates":[-74.974388,40.080136]},"properties":{"ward":66,"division":43,"precinct":"6643","placename":"CHALFONT RECREATION CENTER","street_address":"4382 DEERPATH LN","zip_code":"19154","accessibility_code":"F","parking_code":"L","gdb_geomattr_data":null,"objectid":1693}},{"type":"Feature","geometry":{"type":"Point","coordinates":[-74.973523,40.084349]},"properties":{"ward":66,"division":44,"precinct":"6644","placename":"KATHARINE DREXEL LIBRARY","street_address":"11099 KNIGHTS RD","zip_code":"19154","accessibility_code":"F","parking_code":"H","gdb_geomattr_data":null,"objectid":1694}},{"type":"Feature","geometry":{"type":"Point","coordinates":[-74.987961,40.081029]},"properties":{"ward":66,"division":45,"precinct":"6645","placename":"LABRUM SCHOOL","street_address":"10800 HAWLEY RD","zip_code":"19154","accessibility_code":"R","parking_code":"L","gdb_geomattr_data":null,"objectid":1695}},{"type":"Feature","geometry":{"type":"Point","coordinates":[-74.974039,40.083047]},"properties":{"ward":66,"division":46,"precinct":"6646","placename":"BENJAMIN RUSH HIGH SCHOOL","street_address":"11081 KNIGHTS RD","zip_code":"19154","accessibility_code":"F","parking_code":"H","gdb_geomattr_data":null,"objectid":1696}},{"type":"Feature","geometry":{"type":"Point","coordinates":[-75.145051,39.973728]},"properties":{"ward":18,"division":14,"precinct":"1814","placename":"CRUZ RECREATION CENTER","street_address":"1431 N 6TH ST","zip_code":"19122","accessibility_code":"M","parking_code":"L","gdb_geomattr_data":null,"objectid":1697}},{"type":"Feature","geometry":{"type":"Point","coordinates":[-75.145513,39.973876]},"properties":{"ward":18,"division":15,"precinct":"1815","placename":"CRUZ RECREATION CENTER","street_address":"1431 N 6TH ST","zip_code":"19122","accessibility_code":"M","parking_code":"L","gdb_geomattr_data":null,"objectid":1698}},{"type":"Feature","geometry":{"type":"Point","coordinates":[-75.045614,40.028005]},"properties":{"ward":55,"division":25,"precinct":"5525","placename":"ARTS AND MUSIC CENTER INC","street_address":"6820 JACKSON ST","zip_code":"19135","accessibility_code":"M","parking_code":"N","gdb_geomattr_data":null,"objectid":1699}},{"type":"Feature","geometry":{"type":"Point","coordinates":[-75.045673,40.027968]},"properties":{"ward":55,"division":26,"precinct":"5526","placename":"ARTS AND MUSIC CENTER INC","street_address":"6820 JACKSON ST","zip_code":"19135","accessibility_code":"M","parking_code":"N","gdb_geomattr_data":null,"objectid":1700}},{"type":"Feature","geometry":{"type":"Point","coordinates":[-75.045797,40.028048]},"properties":{"ward":55,"division":27,"precinct":"5527","placename":"ARTS AND MUSIC CENTER INC","street_address":"6820 JACKSON ST","zip_code":"19135","accessibility_code":"M","parking_code":"N","gdb_geomattr_data":null,"objectid":1701}},{"type":"Feature","geometry":{"type":"Point","coordinates":[-75.045775,40.02812]},"properties":{"ward":55,"division":28,"precinct":"5528","placename":"ARTS AND MUSIC CENTER INC","street_address":"6820 JACKSON ST","zip_code":"19135","accessibility_code":"M","parking_code":"N","gdb_geomattr_data":null,"objectid":1702}},{"type":"Feature","geometry":{"type":"Point","coordinates":[-75.045708,40.028036]},"properties":{"ward":55,"division":29,"precinct":"5529","placename":"ARTS AND MUSIC CENTER INC","street_address":"6820 JACKSON ST","zip_code":"19135","accessibility_code":"M","parking_code":"N","gdb_geomattr_data":null,"objectid":1703}}]}